article_id,colour_group_code,colour_group_name,department_name,department_no,detail_desc,garment_group_name,garment_group_no,graphical_appearance_name,graphical_appearance_no,index_code,index_group_name,index_group_no,index_name,perceived_colour_master_id,perceived_colour_master_name,perceived_colour_value_id,perceived_colour_value_name,prod_name,product_code,product_group_name,product_type_name,product_type_no,section_name,section_no
108775015,9,Black,Jersey Basic,1676,Jersey top with narrow shoulder straps.,Jersey Basic,1002,Solid,1010016,A,Ladieswear,1,Ladieswear,5,Black,4,Dark,Strap top,108775,Garment Upper body,Vest top,253,Womens Everyday Basics,16
147339034,10,White,Baby basics,6515,Short-sleeved bodysuits in organic cotton jersey with press-studs at the crotch.,Jersey Basic,1002,All over pattern,1010001,G,Baby/Children,4,Baby Sizes 50-98,9,White,3,Light,6P SS BODY,147339,Garment Upper body,Bodysuit,256,Baby Essentials & Complements,44
176209040,73,Dark Blue,Jacket Street,5283,"Short, padded jacket with a jersey-lined hood and stand-up collar with a drawstring. Zip down the front, flap side pockets with a press-stud, one inner pocket, and ribbing at the cuffs and hem. Quilted lining.",Outdoor,1007,Solid,1010016,F,Menswear,3,Menswear,2,Blue,4,Dark,Mr Harrington w/hood,176209,Garment Upper body,Hoodie,308,Mens Outerwear,31
187949029,10,White,Baby Nightwear,6563,"Lightly padded all-in-one pyjamas in soft cotton jersey with press-studs down the front that continue down one leg, and ribbing at the cuffs and hems. Polyester padding.","Under-, Nightwear",1017,All over pattern,1010001,G,Baby/Children,4,Baby Sizes 50-98,9,White,3,Light,Padded pyjama,187949,Nightwear,Pyjama jumpsuit/playsuit,295,Baby Essentials & Complements,44
194242047,9,Black,Young Girl Jersey Basic,7930,Soft organic cotton jersey leggings with an elasticated waist.,Jersey Basic,1002,Solid,1010016,I,Baby/Children,4,Children Sizes 134-170,5,Black,4,Dark,HONEY L/L Leggings,194242,Garment Lower body,Leggings/Tights,273,Girls Underwear & Basics,79
212042070,10,White,Divided Shoes,3929,Cotton trainers with closed lacing and a loop at the back. Fabric linings and insoles and rubber soles.,Shoes,1020,Solid,1010016,D,Divided,2,Divided,9,White,3,Light,Mimmi sneaker,212042,Shoes,Sneakers,94,Divided Accessories,52
217727003,9,Black,Socks,3610,Shaftless socks. 80 denier.,Socks and Tights,1021,Solid,1010016,B,Ladieswear,1,Lingeries/Tights,5,Black,4,Dark,Polly 3p minishaftless,217727,Socks & Tights,Socks,302,"Womens Nightwear, Socks & Tigh",62
226959007,9,Black,Socks,3610,"Over-the-knee socks in a soft, fine knit containing some wool.",Socks and Tights,1021,Solid,1010016,B,Ladieswear,1,Lingeries/Tights,5,Black,4,Dark,Astaire 1p Overknee,226959,Socks & Tights,Socks,302,"Womens Nightwear, Socks & Tigh",62
237347052,31,Light Orange,Jersey Basic,1676,"Jacket in sweatshirt fabric with a lined drawstring hood, zip down the front, side pockets and ribbing at the cuffs and hem.",Jersey Basic,1002,Solid,1010016,A,Ladieswear,1,Ladieswear,3,Orange,1,Dusty Light,Theron,237347,Garment Upper body,Hoodie,308,Womens Everyday Basics,16
244853002,7,Grey,Baby basics,6515,"Jacket in sweatshirt fabric made from organic cotton with a jersey-lined hood, zip at the front, and ribbing at the cuffs and hem. Brushed inside.",Jersey Basic,1002,Melange,1010010,G,Baby/Children,4,Baby Sizes 50-98,12,Grey,1,Dusty Light,Basic Hood,244853,Garment Upper body,Hoodie,308,Baby Essentials & Complements,44
254457031,73,Dark Blue,Baby basics,6515,Short-sleeved dress in soft organic cotton jersey.,Jersey Basic,1002,Stripe,1010017,G,Baby/Children,4,Baby Sizes 50-98,2,Blue,4,Dark,Basic SS dress,254457,Garment Full body,Dress,265,Baby Essentials & Complements,44
264713028,17,Yellowish Brown,Shoes / Boots inactive from s5,3630,"Loafers in imitation suede with moccasin seams, decorative laces, fabric linings and insoles and rubber soles.",Shoes,1020,Solid,1010016,F,Menswear,3,Menswear,13,Brown,2,Medium Dusty,Al Car Shoe,264713,Shoes,Other shoe,89,Men Shoes,27
270381004,5,Gold,Sunglasses,8888,"Sunglasses with plastic and metal frames and tinted, UV-protective lenses.",Accessories,1019,Solid,1010016,C,Ladieswear,1,Ladies Accessories,15,Metal,5,Bright,Classic Clubba,270381,Accessories,Sunglasses,81,Womens Small accessories,66
283236020,62,Purple,Shirt,5783,"Shirt in a cotton weave with a button-down collar, classic front and yoke at the back. Open chest pocket, short sleeves with sewn-in turn-ups, and a rounded hem. Regular Fit – a classic fit with good room for movement and a gently tapered waist to create a comfortable, tailored silhouette.",Shirts,1011,Chambray,1010024,F,Menswear,3,Menswear,6,Lilac Purple,3,Light,Howie SS Shirt,283236,Garment Upper body,Shirt,259,Contemporary Street,55
290519017,52,Pink,Baby basics,6515,"Cardigan in soft organic cotton sweatshirt fabric with a stand-up collar, press-studs down the front, and ribbing around the neckline, cuffs and hem. Soft brushed inside.",Jersey Basic,1002,Solid,1010016,G,Baby/Children,4,Baby Sizes 50-98,4,Pink,2,Medium Dusty,Basic co/fl cardigan,290519,Garment Upper body,Cardigan,245,Baby Essentials & Complements,44
293433001,10,White,Kids Girl S&T,7921,"Tights in a soft, fine knit with an elasticated waist.",Socks and Tights,1021,Solid,1010016,H,Baby/Children,4,Children Sizes 92-140,9,White,3,Light,2-p basic cotton tights SG,293433,Socks & Tights,Underwear Tights,304,Girls Underwear & Basics,79
296366013,32,Orange,Hair Accessories,4343,Hairband with leaf and flower appliqués.,Accessories,1019,Solid,1010016,C,Ladieswear,1,Ladies Accessories,3,Orange,5,Bright,Flirty Fiffi flower headband,296366,Accessories,Hair/alice band,74,Womens Small accessories,66
300024064,73,Dark Blue,Woven bottoms,2031,"Jeans in washed stretch denim with fake front pockets, real back pockets and skinny legs. Wide ribbing at the waist for optimum comfort.",Trousers,1009,Denim,1010023,A,Ladieswear,1,Ladieswear,2,Blue,4,Dark,Superskinny,300024,Garment Lower body,Trousers,272,Mama,8
304778010,43,Dark Red,Shopbasket Socks,3611,"Long, thick socks in a jacquard knit with a pile lining.",Socks and Tights,1021,All over pattern,1010001,B,Ladieswear,1,Lingeries/Tights,18,Red,4,Dark,Cosy 1p Lounge sock,304778,Socks & Tights,Socks,302,"Womens Nightwear, Socks & Tigh",62
308158009,51,Light Pink,Baby basics,6515,Long-sleeved bodysuit in soft organic cotton jersey with a rounded collar and press-studs at the back and crotch. Scalloped edges at the collar and cuffs.,Jersey Basic,1002,Solid,1010016,G,Baby/Children,4,Baby Sizes 50-98,4,Pink,1,Dusty Light,LS body girly with collar,308158,Garment Upper body,Bodysuit,256,Baby Essentials & Complements,44
312829010,9,Black,Scarves,3409,"Tube scarf in a soft knit. Width 60 cm, circumference 180 cm.",Accessories,1019,Contrast,1010020,C,Ladieswear,1,Ladies Accessories,5,Black,4,Dark,Cobra Tube.,312829,Accessories,Scarf,80,Womens Big accessories,65
316553027,19,Greenish Khaki,Dresses,1344,"Short jersey dress with narrow shoulder straps, a seam at the waist and bell-shaped skirt.",Dresses Ladies,1013,Solid,1010016,D,Divided,2,Divided,20,Khaki green,2,Medium Dusty,Washington dress,316553,Garment Full body,Dress,265,Divided Collection,53
319906002,8,Dark Grey,Shoes,3629,Imitation suede slippers with soft pile linings and fluted soles.,Shoes,1020,Solid,1010016,F,Menswear,3,Menswear,12,Grey,4,Dark,Steve Slipper,319906,Shoes,Slippers,93,Men Shoes,27
325087036,8,Dark Grey,Casual Lingerie,1334,"Push-up bras in cotton jersey with lace details and underwired, moulded, padded cups for a larger bust and fuller cleavage. Adjustable shoulder straps and a hook-and-eye fastening at the back.","Under-, Nightwear",1017,Solid,1010016,B,Ladieswear,1,Lingeries/Tights,12,Grey,4,Dark,Kelly (Melbourne) PUSH 2p,325087,Underwear,Bra,306,Womens Lingerie,61
331062008,10,White,Baby Nightwear,6563,Fleece Santa suit with press-stud fastenings and a hat with a contrasting colour trim and fleece pompom on the top.,"Under-, Nightwear",1017,Solid,1010016,G,Baby/Children,4,Baby Sizes 50-98,9,White,3,Light,Christmas pyjama (1),331062,Nightwear,Pyjama jumpsuit/playsuit,295,Baby Essentials & Complements,44
337991001,9,Black,Belts,7389,Leather belt with a metal buckle. Width 3 cm.,Accessories,1019,Solid,1010016,F,Menswear,3,Menswear,5,Black,4,Dark,Sigge Dressed Belt,337991,Accessories,Belt,67,Men Accessories,25
342034019,10,White,Scarves,3409,"Scarf in a soft, loose weave with fringes on the short sides. Size 100x200 cm.",Accessories,1019,Solid,1010016,C,Ladieswear,1,Ladies Accessories,-1,Unknown,3,Light,Indiana Solid Scarf,342034,Accessories,Scarf,80,Womens Big accessories,65
348330033,73,Dark Blue,Baby basics,6515,Sleeveless bodysuits in soft organic cotton jersey with press-studs at the crotch.,Jersey Basic,1002,Stripe,1010017,G,Baby/Children,4,Baby Sizes 50-98,2,Blue,4,Dark,2P Tanktop body Mixed,348330,Garment Upper body,Bodysuit,256,Baby Essentials & Complements,44
350911004,42,Red,Small Accessories,9986,Pre-tied bow tie in a satin weave with an adjustable strap and fastening at the back. Width 11 cm.,Accessories,1019,Solid,1010016,F,Menswear,3,Menswear,18,Red,7,Medium,Bowtie Kalle,350911,Accessories,Tie,82,Men Accessories,25
354307004,15,Greyish Beige,Shoes / Boots inactive from s5,3630,"Derby shoes with open lacing, fabric insoles, and imitation leather and fabric linings. Rubber soles.",Shoes,1020,Solid,1010016,F,Menswear,3,Menswear,1,Mole,2,Medium Dusty,Akoni Flatshoe,354307,Shoes,Other shoe,89,Men Shoes,27
357792009,40,Other Red,Sunglasses,8888,"Sunglasses with plastic frames, metal side pieces and UV-protective, tinted lenses.",Accessories,1019,Solid,1010016,C,Ladieswear,1,Ladies Accessories,18,Red,5,Bright,Cool Alessa Cat,357792,Accessories,Sunglasses,81,Womens Small accessories,66
362997011,73,Dark Blue,Men Sport Woven,8559,Sports vest top in fast-drying functional fabric with a racer back that has a rubber print and ventilating hole pattern.,Jersey Fancy,1005,Solid,1010016,S,Sport,26,Sport,2,Blue,4,Dark,Miami tanktop,362997,Garment Upper body,Vest top,253,Men H&M Sport,22
368038011,31,Light Orange,Hair Accessories,4343,Plastic hair claw. Width 4.5 cm.,Accessories,1019,Metallic,1010011,C,Ladieswear,1,Ladies Accessories,3,Orange,3,Light,Biq Square Claw,368038,Accessories,Hair clip,72,Womens Small accessories,66
372860041,8,Dark Grey,Shopbasket Socks,3611,Fine-knit trainer socks in a soft cotton blend.,Socks and Tights,1021,Melange,1010010,B,Ladieswear,1,Lingeries/Tights,12,Grey,4,Dark,Basic 7p Shaftless,372860,Socks & Tights,Socks,302,"Womens Nightwear, Socks & Tigh",62
375917005,17,Yellowish Brown,Accessories,9985,Hat in felted fabric with a grosgrain band. Width of brim 6 cm.,Accessories,1019,Solid,1010016,F,Menswear,3,Menswear,13,Brown,4,Dark,Hat Frank Fedora(1),375917,Accessories,Felt hat,509,Men Accessories,25
378135034,14,Dark Beige,Knitwear,5831,"Jumper in soft, fine-knit merino wool with a round neck, long sleeves and ribbing at the cuffs and hem.",Knitwear,1003,Melange,1010010,F,Menswear,3,Menswear,1,Mole,2,Medium Dusty,R-Neck Pisa TVP R,378135,Garment Upper body,Sweater,252,Men Suits & Tailoring,23
380193010,7,Grey,Jersey Basic,5883,"Vest top in cotton jersey with a ribbed neckline, deep armholes with raw edges, and slits in the sides.",Jersey Basic,1002,Melange,1010010,F,Menswear,3,Menswear,12,Grey,2,Medium Dusty,Cameron Cut Off,380193,Garment Upper body,Vest top,253,Men Underwear,26
384851013,7,Grey,Basic 1,1643,"Short shorts in sweatshirt fabric with an elasticated drawstring waist, back pocket and contrasting colour trims.",Jersey Basic,1002,Melange,1010010,D,Divided,2,Divided,12,Grey,1,Dusty Light,Sage Shorts,384851,Garment Lower body,Shorts,274,Divided Basics,51
388573002,9,Black,Bags,3944,"H&M LOVES COACHELLA. Imitation leather belt with a large, embossed metal buckle. Width 2.5 cm.",Accessories,1019,Solid,1010016,D,Divided,2,Divided,5,Black,4,Dark,Wera western belt,388573,Accessories,Belt,67,Divided Accessories,52
392933006,10,White,Mama Lingerie,3705,"Soft, non-wired nursing bra in microfibre with lace details, opening, lightly padded cups with space for nursing pads, side support, adjustable shoulder straps and a wide hook-and-eye fastening at the back.","Under-, Nightwear",1017,Solid,1010016,B,Ladieswear,1,Lingeries/Tights,9,White,3,Light,Ida Padded bra (1),392933,Underwear,Bra,306,Womens Lingerie,61
395658033,43,Dark Red,Kids Girl Jersey Basic,7920,Joggers in sweatshirt fabric with an elasticated drawstring waist and ribbed hems.,Jersey Basic,1002,Solid,1010016,H,Baby/Children,4,Children Sizes 92-140,18,Red,4,Dark,MIA,395658,Garment Lower body,Trousers,272,Girls Underwear & Basics,79
396135065,10,White,Jersey Basic,1676,"Short shorts in sweatshirt fabric with an elasticated, drawstring jersey waistband, side pockets and rounded hems.",Jersey Basic,1002,Stripe,1010017,A,Ladieswear,1,Ladieswear,9,White,3,Light,Glamping,396135,Garment Lower body,Shorts,274,Womens Everyday Basics,16
399061019,51,Light Pink,Outwear,1201,"Fitted jacket in washed, stretch denim with buttons down the front, flap chest pockets with a button, and side pockets.",Outdoor,1007,Denim,1010023,A,Ladieswear,1,Ladieswear,4,Pink,1,Dusty Light,Jacket Slim (1),399061,Garment Upper body,Jacket,262,Womens Jackets,19
399223001,9,Black,Denim Trousers,1772,"Jeggings in washed, superstretch denim with a high waist, fake front pockets, real back pockets and skinny legs.",Trousers Denim,1016,Solid,1010016,D,Divided,2,Divided,5,Black,4,Dark,Curvy Jeggings HW Ankle,399223,Garment Lower body,Trousers,272,Ladies Denim,57
400456001,10,White,Baby basics,6515,"Long-sleeved bodysuits in soft, ribbed, organic cotton jersey with press-studs on one shoulder and at the crotch.",Jersey Basic,1002,Solid,1010016,G,Baby/Children,4,Baby Sizes 50-98,9,White,3,Light,LS Body Solid 2PACK,400456,Garment Upper body,Bodysuit,256,Baby Essentials & Complements,44
403479005,9,Black,Young Boy Jersey Basic,8768,"T-shirts in organic cotton jersey with a round, ribbed neckline.",Jersey Basic,1002,Solid,1010016,I,Baby/Children,4,Children Sizes 134-170,5,Black,4,Dark,BILLY Basic 2-p S/S r n BB,403479,Garment Upper body,T-shirt,255,Boys Underwear & Basics,72
405636031,9,Black,Young Boy Jersey Basic,8768,"Top in soft, organic cotton jersey with long raglan sleeves in a contrasting colour.",Jersey Basic,1002,Colour blocking,1010005,I,Baby/Children,4,Children Sizes 134-170,5,Black,4,Dark,JIMMY raglan l/s BB,405636,Garment Upper body,Top,254,Boys Underwear & Basics,72
408104020,19,Greenish Khaki,Denim wardrobe H&M man inactive from S.6,5679,"Shirt in premium cotton with a narrow turn-down collar and French front. Long sleeves, narrow cuffs with adjustable buttoning, a yoke at the back and a rounded hem. Slim fit with narrow shoulders and a tapered waist for a fitted silhouette.",Unknown,1001,Solid,1010016,F,Menswear,3,Menswear,20,Khaki green,2,Medium Dusty,TD Roger,408104,Garment Upper body,Shirt,259,Men Other 2,30
410424012,10,White,Young Girl UW/NW,7932,Jersey boxer briefs in a cotton blend with an elasticated waist and lined gusset.,"Under-, Nightwear",1017,All over pattern,1010001,I,Baby/Children,4,Children Sizes 134-170,9,White,3,Light,STINA fancy,410424,Underwear,Underwear bottom,286,Girls Underwear & Basics,79
413599003,31,Light Orange,Expressive Lingerie,1338,"Push-up bra in lace and mesh with underwired, moulded, padded cups for a larger bust and fuller cleavage, narrow adjustable shoulder straps and a narrow hook-and-eye fastening at the back.","Under-, Nightwear",1017,Solid,1010016,B,Ladieswear,1,Lingeries/Tights,3,Orange,1,Dusty Light,Bowie Push Mirny,413599,Underwear,Bra,306,Womens Lingerie,61
416511014,73,Dark Blue,Trousers,1747,"5-pocket jeans in washed stretch denim with a regular waist, zip fly and button, and super-skinny legs.",Trousers,1009,Solid,1010016,D,Divided,2,Divided,2,Blue,7,Medium,Julia Denim Petite Trs,416511,Garment Lower body,Trousers,272,Divided Collection,53
420963004,7,Grey,Young Girl UW/NW,7932,Pyjamas in soft jersey. Top with a motif on the front and long raglan sleeves. Bottoms with an elasticated waist.,"Under-, Nightwear",1017,Application/3D,1010002,I,Baby/Children,4,Children Sizes 134-170,12,Grey,1,Dusty Light,Kiev pj,420963,Nightwear,Pyjama set,297,Girls Underwear & Basics,79
423900049,43,Dark Red,Kids Girl S&T,7921,Jacquard-knit socks in various colours and designs.,Socks and Tights,1021,Other pattern,1010013,H,Baby/Children,4,Children Sizes 92-140,18,Red,7,Medium,Gullan 5-p ankle sock,423900,Socks & Tights,Socks,302,Girls Underwear & Basics,79
426609042,82,Turquoise,Men Sport Woven,8559,"Short-sleeved, patterned sports top in fast-drying, breathable functional fabric. Regular fit. The polyester content of the top is recycled.",Jersey Fancy,1005,All over pattern,1010001,S,Sport,26,Sport,7,Turquoise,7,Medium,Fancy correy,426609,Garment Upper body,T-shirt,255,Men H&M Sport,22
430757001,9,Black,Skirts,1444,Short skirt with a zip at the back. Lined.,Skirts,1012,Solid,1010016,D,Divided,2,Divided,5,Black,4,Dark,Cherry skirt,430757,Garment Lower body,Skirt,275,Divided Collection,53
434429007,7,Grey,Trouser,1722,5-pocket trousers in washed superstretch twill with a regular waist and slim legs.,Trousers,1009,Denim,1010023,A,Ladieswear,1,Ladieswear,12,Grey,2,Medium Dusty,Mimi superstretch s5,434429,Garment Lower body,Trousers,272,Womens Everyday Collection,15
441386001,9,Black,Jersey Fancy,5882,"Joggers in sweatshirt fabric with an elasticated drawstring waist, zipped side pockets, a low crotch and tapered legs with seams at the knees and ribbed hems.",Jersey Fancy,1005,Solid,1010016,F,Menswear,3,Menswear,5,Black,4,Dark,Jonte Skinny Jogger 24.99:-,441386,Garment Lower body,Trousers,272,Contemporary Street,55
443696010,73,Dark Blue,Young Boy Jersey Basic,8768,"Long-sleeved top in sweatshirt fabric made from an organic cotton blend with a lined hood, kangaroo pocket and ribbing at the cuffs and hem. Soft brushed inside.",Jersey Basic,1002,Solid,1010016,I,Baby/Children,4,Children Sizes 134-170,2,Blue,4,Dark,BO basic OH BB,443696,Garment Upper body,Hoodie,308,Boys Underwear & Basics,72
445400019,6,Light Grey,Young Boy UW/NW,4225,Pyjama T-shirt and shorts in soft cotton jersey. T-shirt with a print motif on the front and shorts with an elasticated waist.,"Under-, Nightwear",1017,All over pattern,1010001,I,Baby/Children,4,Children Sizes 134-170,12,Grey,1,Dusty Light,Johan s/l pj BB,445400,Nightwear,Pyjama set,297,Boys Underwear & Basics,72
447692024,42,Red,Basics,5868,"Long-sleeved top in thin sweatshirt fabric made from a cotton blend with ribbing around the neckline, cuffs and hem. Soft brushed inside.",Jersey Basic,1002,Solid,1010016,F,Menswear,3,Menswear,18,Red,7,Medium,Petar Sweater (1),447692,Garment Upper body,Sweater,252,Men Underwear,26
449099026,43,Dark Red,Men Sport Woven,8559,Knee-length sports shorts in fast-drying functional fabric with elastication and a concealed drawstring at the waist and a key pocket in the waistband. Unlined. Regular fit.,Jersey Fancy,1005,Solid,1010016,S,Sport,26,Sport,18,Red,4,Dark,HAL SHORTS,449099,Garment Lower body,Shorts,274,Men H&M Sport,22
449570054,9,Black,Men Sport Woven,8559,Sports top in fast-drying functional fabric with taped details and short raglan sleeves. Rounded and longer at the back.,Jersey Fancy,1005,All over pattern,1010001,S,Sport,26,Sport,5,Black,4,Dark,CLAY TEE,449570,Garment Upper body,T-shirt,255,Men H&M Sport,22
451271005,73,Dark Blue,Young Boy Trouser,8756,"Chinos in washed stretch cotton twill with an adjustable elasticated waist (in sizes 8-12Y), zip fly, side pockets, a coin pocket, fake back pockets and slim legs.",Trousers,1009,Solid,1010016,I,Baby/Children,4,Children Sizes 134-170,2,Blue,4,Dark,Oliver chinos,451271,Garment Lower body,Trousers,272,Young Boy,47
452618001,9,Black,Tights basic,3608,Leggings with an elasticated waist and smooth trim with overlocked seams at the hems. 60 denier.,Socks and Tights,1021,Solid,1010016,B,Ladieswear,1,Lingeries/Tights,5,Black,4,Dark,Clean Edge 60 den 1p Leggings,452618,Socks & Tights,Underwear Tights,304,"Womens Nightwear, Socks & Tigh",62
453065022,81,Light Turquoise,Young Girl S&T,7931,Fine-knit trainer socks with elasticated tops.,Socks and Tights,1021,Other pattern,1010013,I,Baby/Children,4,Children Sizes 134-170,7,Turquoise,1,Dusty Light,Eivor 7-p shaftless,453065,Socks & Tights,Socks,302,Girls Underwear & Basics,79
453358001,9,Black,Belts,3509,Narrow belt in imitation leather with a metal buckle. Width 2.5 cm.,Accessories,1019,Solid,1010016,C,Ladieswear,1,Ladies Accessories,5,Black,4,Dark,Dalia hip belt,453358,Accessories,Belt,67,Womens Big accessories,65
453765005,9,Black,Tops Knitwear DS,5963,"Cardigan in a soft, textured knit with a shawl collar and draped front. No fasteners.",Knitwear,1003,Solid,1010016,D,Divided,2,Divided,5,Black,4,Dark,Capri cardigan,453765,Garment Upper body,Cardigan,245,Divided Selected,58
456032016,9,Black,Jersey Fancy,5882,"Knee-length shorts in sweatshirt fabric with an elasticated drawstring waist, side pockets, a back pocket and raw-edge hems.",Jersey Fancy,1005,All over pattern,1010001,F,Menswear,3,Menswear,5,Black,4,Dark,Relax Shorts (1),456032,Garment Lower body,Shorts,274,Contemporary Street,55
457039006,51,Light Pink,Jersey,1919,Fitted top in soft jersey with a lace yoke with frills and short cap sleeves.,Jersey Fancy,1005,Lace,1010021,A,Ladieswear,1,Ladieswear,4,Pink,1,Dusty Light,Bernie top ED,457039,Garment Upper body,Top,254,H&M+,2
458428045,8,Dark Grey,Trouser,5683,"5-pocket jeans in washed stretch denim with a regular waist, button fly and skinny legs with quilted sections on the knees.",Trousers,1009,Denim,1010023,F,Menswear,3,Menswear,12,Grey,4,Dark,Cobra Constructed,458428,Garment Lower body,Trousers,272,Contemporary Street,55
461414010,53,Dark Pink,Premium Quality,3040,Soft loafers with soft heel caps so they can also be worn as slip-ons. Leather linings and insoles and rubber soles. Heel 2 cm.,Shoes,1020,Solid,1010016,C,Ladieswear,1,Ladies Accessories,4,Pink,5,Bright,OL LINUS PQ loafer,461414,Shoes,Flat shoe,144,Womens Shoes,64
463601013,10,White,Young Girl Jersey Basic,7930,Long-sleeved tops in soft jersey made from a modal and cotton blend.,Jersey Basic,1002,Stripe,1010017,I,Baby/Children,4,Children Sizes 134-170,9,White,3,Light,TUNIS ls 2p (1),463601,Garment Upper body,T-shirt,255,Girls Underwear & Basics,79
464679016,9,Black,Functional Lingerie,3710,"Bras in cotton jersey with underwired, padded cups that shape the bust and provide extra-firm support. Wide, adjustable shoulder straps and a hook-and-eye fastening at the back.","Under-, Nightwear",1017,Solid,1010016,B,Ladieswear,1,Lingeries/Tights,5,Black,4,Dark,HM+ Kim 2p padded,464679,Underwear,Bra,306,Womens Lingerie,61
466595019,17,Yellowish Brown,Trouser,5686,"Chinos in washed stretch cotton twill with a zip fly, side pockets and welt back pockets. Slim fit which is relaxed over the thighs and tapers from the knees down for a relaxed, well-tailored look.",Trousers,1009,Solid,1010016,F,Menswear,3,Menswear,13,Brown,4,Dark,Rawley chinos,466595,Garment Lower body,Trousers,272,Contemporary Smart,20
468345021,8,Dark Grey,Basics,5868,"Short-sleeved polo shirt in stretch, cotton-blend jersey with a collar and button placket. Slim fit.",Jersey Basic,1002,Melange,1010010,F,Menswear,3,Menswear,-1,Unknown,4,Dark,PETER SLIM FIT POLO,468345,Garment Upper body,Polo shirt,257,Men Underwear,26
469562013,7,Grey,Woven bottoms,2031,"Jeans in washed, stretch denim with fake front pockets, real back pockets and skinny legs. Wide ribbing at the waist for best fit over the tummy.",Trousers,1009,Denim,1010023,A,Ladieswear,1,Ladieswear,12,Grey,2,Medium Dusty,Skinny denim (1),469562,Garment Lower body,Trousers,272,Mama,8
470985008,6,Light Grey,Sneakers,3828,Trainers in cotton canvas with lacing at the front and a loop at the back. Cotton linings and insoles and thermoplastic rubber (TPR) soles.,Shoes,1020,Solid,1010016,C,Ladieswear,1,Ladies Accessories,12,Grey,1,Dusty Light,Vaughan sneaker,470985,Shoes,Sneakers,94,Womens Shoes,64
473034001,10,White,Newborn,6564,Short-sleeved wrapover bodysuits in soft organic cotton jersey with press-studs at the side and crotch.,Jersey Fancy,1005,Solid,1010016,G,Baby/Children,4,Baby Sizes 50-98,9,White,3,Light,ALGOT S/S 2-p body,473034,Garment Upper body,Bodysuit,256,Baby Essentials & Complements,44
474471012,23,Dark Yellow,Shorts,5687,Long 5-pocket shorts in cotton twill with a regular waist and slightly lower crotch.,Shorts,1025,Solid,1010016,F,Menswear,3,Menswear,8,Yellow,4,Dark,JONES 5-PKT SHORTS,474471,Garment Lower body,Shorts,274,Contemporary Smart,20
476583020,10,White,Basic 1,1643,"Fitted, cropped top in jersey made from a cotton blend.",Jersey Basic,1002,Dot,1010006,D,Divided,2,Divided,9,White,3,Light,Maddy V-neck Tee,476583,Garment Upper body,T-shirt,255,Divided Basics,51
478298002,6,Light Grey,Hair Accessories,4343,Hairbands in elasticated cotton jersey.,Accessories,1019,Solid,1010016,C,Ladieswear,1,Ladies Accessories,12,Grey,1,Dusty Light,2p jersey headband,478298,Accessories,Hair/alice band,74,Womens Small accessories,66
479167004,10,White,Functional Lingerie,3710,"Bra in soft microfibre with underwired, moulded, thickly padded cups to maximise the bust and create a fuller cleavage. Detachable, adjustable shoulder straps and a silicone trim at the back to hold the bra in place. Wide hook-and-eye fastening at the back.","Under-, Nightwear",1017,Solid,1010016,B,Ladieswear,1,Lingeries/Tights,9,White,3,Light,Stevie strapless superpush,479167,Underwear,Bra,306,Womens Lingerie,61
480627011,9,Black,Kids Girl Jersey Basic,7920,Leggings in sturdy jersey made from an organic cotton blend with an elasticated waist and a glitter print.,Jersey Basic,1002,Glittering/Metallic,1010009,H,Baby/Children,4,Children Sizes 92-140,5,Black,4,Dark,NIKE FANCY,480627,Garment Lower body,Leggings/Tights,273,Girls Underwear & Basics,79
481781008,42,Red,Sunglasses,8888,"Round sunglasses with metal and plastic frames and tinted, UV-protective lenses.",Accessories,1019,Solid,1010016,C,Ladieswear,1,Ladies Accessories,18,Red,2,Medium Dusty,Malin sunglasses,481781,Accessories,Sunglasses,81,Womens Small accessories,66
482638003,3,Silver,Divided Shoes,3929,Sandals with an adjustable strap around the heel. Imitation suede insoles and rubber soles.,Shoes,1020,Solid,1010016,D,Divided,2,Divided,15,Metal,3,Light,DAISY SANDAL,482638,Shoes,Sandals,91,Divided Accessories,52
483737006,51,Light Pink,Kids Girl Jersey Basic,7920,Skirt in soft velour with an elasticated waist and flare to the hem.,Jersey Basic,1002,Solid,1010016,H,Baby/Children,4,Children Sizes 92-140,4,Pink,3,Light,CELIA skirt (1),483737,Garment Lower body,Skirt,275,Girls Underwear & Basics,79
484767008,12,Light Beige,Kids Girl Trouser,7617,"Treggings in stretch corduroy with an adjustable elasticated waist, fake front pockets and real back pockets.",Trousers,1009,Glittering/Metallic,1010009,H,Baby/Children,4,Children Sizes 92-140,11,Beige,1,Dusty Light,Rhino Cord,484767,Garment Lower body,Trousers,272,Kids Girl,76
485539036,73,Dark Blue,Kids Boy UW/NW,4215,"Boxer shorts in cotton jersey with short legs, an elasticated waist and lined front. The cotton content of the boxer shorts is organic.","Under-, Nightwear",1017,Stripe,1010017,H,Baby/Children,4,Children Sizes 92-140,2,Blue,4,Dark,Daniel 3-p boxer SB,485539,Underwear,Underwear bottom,286,Boys Underwear & Basics,72
485546013,71,Light Blue,Kids Boy UW/NW,4215,Vest tops in cotton jersey. One with an all-over print an one in a solid colour.,"Under-, Nightwear",1017,All over pattern,1010001,H,Baby/Children,4,Children Sizes 92-140,2,Blue,3,Light,Justin 2-p tank SB,485546,Garment Upper body,Vest top,253,Boys Underwear & Basics,72
485591001,10,White,Woven Tops,2033,"Sleeveless blouse in a soft cotton weave with a stand-up collar with a pleated edge. Pin tucks and pearly buttons at the top and a narrow, adjustable tie belt at the waist.",Blouses,1010,Solid,1010016,A,Ladieswear,1,Ladieswear,9,White,3,Light,Cole cotton blouse,485591,Garment Upper body,Blouse,258,Mama,8
485688020,21,Light Yellow,Young Boy UW/NW,4225,Boys' briefs in cotton jersey with an elasticated waist and lined front.,"Under-, Nightwear",1017,Solid,1010016,I,Baby/Children,4,Children Sizes 134-170,19,Green,5,Bright,Kurt brief BB 5-p,485688,Underwear,Underwear bottom,286,Boys Underwear & Basics,72
486183002,9,Black,Dress,1313,"Sleeveless dress in woven fabric with pleats around the neckline, and a V-neck at the back with a horizontal strap across the top. Unlined.",Dresses Ladies,1013,Solid,1010016,A,Ladieswear,1,Ladieswear,5,Black,4,Dark,Katsu,486183,Garment Full body,Dress,265,Womens Tailoring,11
487050043,73,Dark Blue,Kids Boy Socks,4214,Jacquard-knit socks in a soft cotton blend with elasticated tops.,Socks and Tights,1021,Melange,1010010,H,Baby/Children,4,Children Sizes 92-140,2,Blue,4,Dark,TP Axel 5-p anklesock SB,487050,Socks & Tights,Socks,302,Boys Underwear & Basics,72
487206029,93,Dark Green,Kids Boy Socks,4214,Fine-knit tights in a soft cotton blend with an elasticated waist.,Socks and Tights,1021,Mixed solid/pattern,1010012,H,Baby/Children,4,Children Sizes 92-140,19,Green,7,Medium,Jonas tights SB 2-p,487206,Socks & Tights,Underwear Tights,304,Boys Underwear & Basics,72
487800019,91,Light Green,Young Girl Jersey Basic,7930,"Short shorts in soft organic cotton jersey with an elasticated drawstring waist, and side pockets.",Jersey Basic,1002,Solid,1010016,I,Baby/Children,4,Children Sizes 134-170,19,Green,1,Dusty Light,BRAX shorts,487800,Garment Lower body,Shorts,274,Girls Underwear & Basics,79
488012025,71,Light Blue,Young Boy Socks,4224,Jacquard-knit socks in a soft cotton blend with elastication around the top.,Socks and Tights,1021,All over pattern,1010001,I,Baby/Children,4,Children Sizes 134-170,2,Blue,3,Light,TP Axel 5-p anklesock BB,488012,Socks & Tights,Socks,302,Boys Underwear & Basics,72
488546003,6,Light Grey,Outdoor/Blazers DS,5960,"Biker jacket with quilted shoulders, a tab with a press-stud at the neck and a diagonal zip down the front. Zipped side pockets, a small decorative flap front pocket and long sleeves with sturdy ribbed jersey undersides and a zip at the cuffs. Lined.",Outdoor,1007,Solid,1010016,D,Divided,2,Divided,12,Grey,1,Dusty Light,Sienna biker,488546,Garment Upper body,Jacket,262,Divided Selected,58
489001017,42,Red,Expressive Lingerie,1338,"Lace bikini briefs with a low waist, lined gusset, narrow sides and medium coverage at the back.","Under-, Nightwear",1017,Solid,1010016,B,Ladieswear,1,Lingeries/Tights,18,Red,2,Medium Dusty,Flora Bikini Clover Low,489001,Underwear,Underwear bottom,286,Womens Lingerie,61
490176004,51,Light Pink,Trousers,1747,Trousers in a viscose weave with an elasticated drawstring waist in a relaxed fit with a slightly lower crotch. Pockets in the side seams and tapered legs with elasticated hems.,Trousers,1009,Solid,1010016,D,Divided,2,Divided,4,Pink,1,Dusty Light,Daiquiri Pull- On TRS,490176,Garment Lower body,Trousers,272,Divided Collection,53
491065006,9,Black,Jersey fancy,1636,V-neck top in soft jersey with a slight sheen. Inset satin panels at the top and narrow shoulder straps.,Jersey Fancy,1005,Solid,1010016,A,Ladieswear,1,Ladieswear,5,Black,4,Dark,cooper tank,491065,Garment Upper body,Vest top,253,Womens Everyday Collection,15
492244010,43,Dark Red,Swimwear,4242,Fully lined bikini bottoms with a low waist and ties at the sides.,Swimwear,1018,Solid,1010016,B,Ladieswear,1,Lingeries/Tights,3,Orange,4,Dark,The Rebounder tie tanga,492244,Swimwear,Swimwear bottom,59,"Womens Swimwear, beachwear",60
493438014,53,Dark Pink,Ladies Sport Bras,8316,,Jersey Fancy,1005,Melange,1010010,S,Sport,26,Sport,4,Pink,4,Dark,Leo seamless t-shirt (1),493438,Garment Upper body,T-shirt,255,Ladies H&M Sport,5
493836006,10,White,Kids Boy Jersey Basic,7668,Long-sleeved tops in organic cotton jersey.,Jersey Basic,1002,Stripe,1010017,H,Baby/Children,4,Children Sizes 92-140,9,White,3,Light,ALBIN basic rib 2p SB,493836,Garment Upper body,Sweater,252,Boys Underwear & Basics,72
494472005,73,Dark Blue,Young Boy Outdoor,8852,"Padded parka with a detachable lined hood with a faux fur trim and a stand-up collar. Zip and wind flap with press-studs down the front, handwarmer pockets, flap front pockets, a zipped sleeve pocket and inner ribbing at the cuffs. Lined.",Outdoor,1007,Solid,1010016,I,Baby/Children,4,Children Sizes 134-170,2,Blue,4,Dark,BB Timm parka,494472,Garment Upper body,Jacket,262,Kids Outerwear,45
495680002,73,Dark Blue,Knitwear,5831,"Jumper in a textured cotton knit containing some merino wool with ribbing around the neckline, cuffs and hem.",Knitwear,1003,Solid,1010016,F,Menswear,3,Menswear,2,Blue,4,Dark,R-neck Corso,495680,Garment Upper body,Sweater,252,Men Suits & Tailoring,23
496111004,73,Dark Blue,Knitwear,1610,"Jumper in a soft knit with visible seams at the front, dropped shoulders, long sleeves and ribbed roll edges at the cuffs and hem.",Knitwear,1003,Solid,1010016,A,Ladieswear,1,Ladieswear,2,Blue,4,Dark,Devon basic sweater,496111,Garment Upper body,Sweater,252,Womens Casual,6
496992001,51,Light Pink,Kids Girl Big Acc,4312,"Hat in a soft, cable-knit cotton blend containing some wool with an imitation leather appliqué, faux fur pompom on the top and earflaps with ties. Fleece lining.",Accessories,1019,Solid,1010016,J,Baby/Children,4,"Children Accessories, Swimwear",4,Pink,1,Dusty Light,Malin beanie,496992,Accessories,Hat/beanie,75,Kids Outerwear,45
497352001,73,Dark Blue,Blazer,5555,"Two-button jacket in stretch cotton seersucker with notch lapels, a welt chest pocket, patch pockets and two inner pockets. One button at the cuffs. Lined. Slim fit that tapers at the chest and waist, which combined with slightly narrower sleeves creates a fitted silhouette.",Dressed,1008,Solid,1010016,F,Menswear,3,Menswear,2,Blue,4,Dark,Simon seersucker,497352,Garment Upper body,Blazer,264,Contemporary Smart,20
497709002,9,Black,Trouser,5686,"Twill suit trousers containing some wool with a regular waist and pleats at the top. Extended waistband with a concealed hook-and-eye fastener and a zip fly. Side pockets, welt back pockets and tapered legs with turn-ups. Slim fit that is close-fitting at the thighs, knees and ankles to create a fitted silhouette.",Trousers,1009,Solid,1010016,F,Menswear,3,Menswear,5,Black,4,Dark,Tic-Tac Pleated Trousers,497709,Garment Lower body,Trousers,272,Contemporary Smart,20
498621001,83,Dark Turquoise,Ladies Sport Woven,8397,"Padded, gently tailored gilet with a lined drawstring hood, zip down the front, zipped side pockets and a concealed drawstring at the hem. Lined.",Unknown,1001,Solid,1010016,S,Sport,26,Sport,7,Turquoise,4,Dark,ANYA vest,498621,Garment Upper body,Outdoor Waistcoat,261,Ladies H&M Sport,5
499288002,19,Greenish Khaki,Young Girl Outdoor,8812,"Padded gilet with a detachable, faux-fur trimmed hood and stand-up collar. Zip down the front, side pocket and imitation leather details. Lined.",Outdoor,1007,Solid,1010016,I,Baby/Children,4,Children Sizes 134-170,20,Khaki green,4,Dark,Hunter vest,499288,Garment Upper body,Outdoor Waistcoat,261,Kids Outerwear,45
499788004,19,Greenish Khaki,Young Boy Trouser,8756,"Jersey-lined cargo trousers in a cotton weave with an adjustable elasticated waist and zip fly with a button. Flap front, back and leg pockets with a hook and loop fastening.",Trousers,1009,Solid,1010016,I,Baby/Children,4,Children Sizes 134-170,20,Khaki green,4,Dark,Brian cargo trousers,499788,Garment Lower body,Trousers,272,Young Boy,47
500358001,9,Black,Young Boy Outdoor,8852,"Lightly padded parka in a sturdy cotton weave with a print and appliqués. Stand-up collar, detachable hood and zip at the front with a wind flap and press-studs. Flap front pockets with a press-stud, ribbed inner cuffs and a single back vent. Quilted lining.",Outdoor,1007,Solid,1010016,I,Baby/Children,4,Children Sizes 134-170,5,Black,4,Dark,BB Paul parka,500358,Garment Upper body,Jacket,262,Kids Outerwear,45
500451002,9,Black,UW,3937,Jacquard-knit sports socks in a soft cotton blend with a ribbed shaft.,"Under-, Nightwear",1017,Jacquard,1010022,D,Divided,2,Divided,5,Black,4,Dark,New Stephie sport sock,500451,Socks & Tights,Socks,302,Divided Basics,51
501286001,9,Black,Suit,1212,"Fitted jacket in woven fabric with narrow notch lapels, a button at the front, jetted front pockets, a decorative button at the cuffs and a single back vent. Lined.",Dressed,1008,Solid,1010016,A,Ladieswear,1,Ladieswear,5,Black,4,Dark,Dorian essential blazer,501286,Garment Upper body,Blazer,264,Womens Tailoring,11
501616074,43,Dark Red,Shirt S&T,8617,"Long-sleeved shirt in a cotton blend with an easy-iron finish. Turn-down collar, classic front, narrow cuffs with adjustable buttoning, darts at the back and a rounded hem. Slim fit with narrow shoulders and a tapered waist for a fitted silhouette.",Shirts,1011,Dot,1010006,F,Menswear,3,Menswear,18,Red,4,Dark,FRAME Easy Iron,501616,Garment Upper body,Shirt,259,Men Suits & Tailoring,23
501722005,9,Black,Shirt,5777,"Shirt woven in a stretch cotton blend with a narrow turn-down collar, long sleeves with adjustable buttoning at the cuffs, darts at the back, and a rounded hem. Slim fit with narrow shoulders and a tapered waist to create a fitted silhouette.",Shirts,1011,Solid,1010016,F,Menswear,3,Menswear,5,Black,4,Dark,Arthur slim fit shirt,501722,Garment Upper body,Shirt,259,Contemporary Smart,20
501914002,9,Black,Ladies Sport Woven,8397,"Shell jacket in windproof, breathable functional fabric with taped seams, waterproof zips and a hood with a reinforced peak and elasticated drawstring. Zip down the front, zipped side pockets and zips at both sides that open for ventilation. Snow flaps with reinforced elastication and adjustable press-stud fastenings at the waist, and an adjustable hook and loop tab at the cuffs. Slightly longer at the back. Unlined. The jacket has a water-repellent coating without fluorocarbons.",Unknown,1001,Solid,1010016,S,Sport,26,Sport,5,Black,4,Dark,TITAN shell ski jkt,501914,Garment Upper body,Jacket,262,Ladies H&M Sport,5
502321006,7,Grey,Baby Toys/Acc,2950,Hat in a soft knit with a pompom at the top and earflaps with ties. Fleece lining.,Accessories,1019,Solid,1010016,G,Baby/Children,4,Baby Sizes 50-98,12,Grey,2,Medium Dusty,Ivar hat,502321,Accessories,Hat/beanie,75,Baby Essentials & Complements,44
503134002,73,Dark Blue,Blouse,1522,"Straight blouse in woven fabric with a small stand-up collar and button placket. Drawstring at the sides, long sleeves with buttoned cuffs and a rounded hem. Slightly longer at the back.",Blouses,1010,Stripe,1010017,A,Ladieswear,1,Ladieswear,2,Blue,4,Dark,Ridge,503134,Garment Upper body,Top,254,Womens Everyday Collection,15
503820008,72,Blue,Kids Boy Shirt,7657,"Shirt in a woven fabric with a matching tie or bow tie. Turn-down collar, chest pocket and buttons down the front and at the cuffs. Adjustable tie/bow tie with a plastic fastener.",Shirts,1011,Dot,1010006,H,Baby/Children,4,Children Sizes 92-140,2,Blue,7,Medium,Sune shirt set,503820,Garment Upper body,Shirt,259,Kids Boy,46
504154027,11,Off White,Knitwear,1626,"Wide, long-sleeved jumper in a soft, rib knit containing some wool.",Knitwear,1003,Solid,1010016,A,Ladieswear,1,Ladieswear,9,White,1,Dusty Light,Lady Di,504154,Garment Upper body,Sweater,252,Womens Everyday Collection,15
504852002,73,Dark Blue,Outdoor/Blazers,1244,Satin bomber jacket with a stand-up collar and zip down the front. Lined.,Outdoor,1007,All over pattern,1010001,D,Divided,2,Divided,2,Blue,4,Dark,Atlantis Printed Bomber,504852,Garment Upper body,Jacket,262,Divided Collection,53
505230006,13,Beige,Tops Knitwear DS,5963,"Wide polo-neck jumper knitted in bouclé yarn with a wide collar, long sleeves with thumbholes at the cuffs and a rounded hem. Slightly longer at the back.",Knitwear,1003,Solid,1010016,D,Divided,2,Divided,1,Mole,2,Medium Dusty,Zelda Jumper,505230,Garment Upper body,Sweater,252,Divided Selected,58
505940001,8,Dark Grey,Dress,1310,"Dress in a soft, viscose weave with a V-neck, short cap sleeves and a rounded hem with short slits in the sides.",Dresses Ladies,1013,Solid,1010016,A,Ladieswear,1,Ladieswear,12,Grey,4,Dark,Waterloo dress,505940,Garment Full body,Dress,265,Womens Casual,6
506368004,73,Dark Blue,Young Boy UW/NW,4225,Pyjamas with a jersey T-shirt top and woven shorts. T-shirt with a print motif on the front. Shorts with an elasticated drawstring waist and fake fly.,"Under-, Nightwear",1017,Placement print,1010014,I,Baby/Children,4,Children Sizes 134-170,2,Blue,4,Dark,Andre s/l pj BB,506368,Nightwear,Pyjama set,297,Boys Underwear & Basics,72
506579005,12,Light Beige,Expressive Lingerie,1338,"Push-up lace and mesh bralette with underwired, moulded, padded cups for a larger bust and fuller cleavage. Adjustable shoulder straps, a wide lace trim at the hem and no fasteners.","Under-, Nightwear",1017,Lace,1010021,B,Ladieswear,1,Lingeries/Tights,11,Beige,1,Dusty Light,Lewis Bralette Melbourne,506579,Underwear,Bra,306,Womens Lingerie,61
507610003,52,Pink,Young Girl Jersey Fancy,8716,"Top in sweatshirt fabric with a print motif, wrapover hood, kangaroo pocket and ribbing at the cuffs and hem. Soft brushed inside.",Jersey Fancy,1005,Application/3D,1010002,I,Baby/Children,4,Children Sizes 134-170,4,Pink,2,Medium Dusty,Perfect hood,507610,Garment Upper body,Sweater,252,Young Girl,77
507909027,71,Light Blue,Blouse,1515,"Gently tailored shirt in a stretch cotton blend with a turn-down collar, V-neck, buttons down the front and buttoned cuffs.",Blouses,1010,All over pattern,1010001,A,Ladieswear,1,Ladieswear,2,Blue,3,Light,Rebecca,507909,Garment Upper body,Shirt,259,Womens Tailoring,11
508318001,9,Black,Casual Lingerie,1334,"Bras in microfibre and mesh with underwired, padded cups that shape the bust and provide good support. Adjustable shoulder straps and a hook-and-eye fastening at the back.","Under-, Nightwear",1017,Solid,1010016,B,Ladieswear,1,Lingeries/Tights,5,Black,4,Dark,Liza Padded (Idro) 2pk,508318,Underwear,Bra,306,Womens Lingerie,61
508638007,8,Dark Grey,Jersey inactive from s1,5957,"T-shirt in printed cotton jersey with raw edges around the neckline, cuffs and hem.",Jersey Fancy,1005,Placement print,1010014,F,Menswear,3,Menswear,5,Black,4,Dark,Printed tee 9.99,508638,Garment Upper body,T-shirt,255,Contemporary Street,55
508929014,8,Dark Grey,Kids Girl Jersey Basic,7920,Leggings in sturdy jersey made from an organic cotton blend with an elasticated waist.,Jersey Basic,1002,All over pattern,1010001,H,Baby/Children,4,Children Sizes 92-140,12,Grey,4,Dark,NIKE,508929,Garment Lower body,Trousers,272,Girls Underwear & Basics,79
508935029,6,Light Grey,Kids Girl Jersey Basic,7920,"Joggers in soft sweatshirt fabric with an elasticated drawstring waist, side pockets and ribbed hems. Soft brushed inside.",Jersey Basic,1002,All over pattern,1010001,H,Baby/Children,4,Children Sizes 92-140,12,Grey,1,Dusty Light,MIA FANCY,508935,Garment Lower body,Trousers,272,Girls Underwear & Basics,79
509091025,9,Black,Casual Lingerie,1334,"Brazilian briefs in microfibre and lace with a low waist, lined gusset and half-string back.","Under-, Nightwear",1017,All over pattern,1010001,B,Ladieswear,1,Lingeries/Tights,5,Black,4,Dark,Lola Brazilian (Acacia) 3pk,509091,Underwear,Underwear bottom,286,Womens Lingerie,61
509457052,51,Light Pink,Kids Girl Jersey Basic,7920,Short shorts in light sweatshirt fabric with an elasticated drawstring waist and side pockets.,Jersey Basic,1002,All over pattern,1010001,H,Baby/Children,4,Children Sizes 92-140,4,Pink,3,Light,LILY,509457,Garment Lower body,Trousers,272,Girls Underwear & Basics,79
509937020,73,Dark Blue,Jersey Fancy,5848,T-shirt in printed cotton jersey.,Jersey Fancy,1005,Front print,1010008,F,Menswear,3,Menswear,2,Blue,4,Dark,Mike Tee,509937,Garment Upper body,T-shirt,255,Contemporary Casual,21
510208003,53,Dark Pink,Swimwear,4242,"Bikini top with a decorative knot detail and underwired, moulded, padded cups that lift and shape. Ties at the back of the neck and back.(Adjustable fastener at the back in sizes 36D-38B).",Swimwear,1018,Solid,1010016,B,Ladieswear,1,Lingeries/Tights,6,Lilac Purple,4,Dark,DANNY push,510208,Swimwear,Bikini top,298,"Womens Swimwear, beachwear",60
510407095,52,Pink,Kids Girl Jersey Basic,7920,3/4-length leggings in soft organic cotton jersey with an elasticated waist.,Jersey Basic,1002,All over pattern,1010001,H,Baby/Children,4,Children Sizes 92-140,4,Pink,7,Medium,MAXI (1),510407,Garment Lower body,Leggings/Tights,273,Girls Underwear & Basics,79
510959015,73,Dark Blue,Outdoor/Blazers,1244,"Short parka in washed cotton twill with a drawstring hood, zip and wind flap with press-studs down the front and press-studs at the cuffs. Zipped side pockets and a drawstring at the waist. Unlined.",Outdoor,1007,Solid,1010016,D,Divided,2,Divided,2,Blue,4,Dark,Falcon (1),510959,Garment Upper body,Jacket,262,Divided Collection,53
511716001,73,Dark Blue,Jersey Fancy,5848,"Top in sweatshirt fabric with ribbing around the neckline, cuffs and hem. Soft brushed inside.",Jersey Fancy,1005,Solid,1010016,F,Menswear,3,Menswear,2,Blue,5,Bright,Nigel cneck,511716,Garment Upper body,Sweater,252,Contemporary Casual,21
512251003,9,Black,Basic 1,1643,"Short dress in lightweight sweatshirt fabric with dropped shoulders, 3/4-length sleeves with sewn-in turn-ups and short slits in the sides.",Jersey Basic,1002,Solid,1010016,D,Divided,2,Divided,5,Black,4,Dark,Sonja sweater dress,512251,Garment Full body,Dress,265,Divided Basics,51
512783002,33,Dark Orange,Knitwear,1949,Cotton-blend jumper in a sturdy fine knit with low dropped shoulders with a double flounce and long sleeves.,Knitwear,1003,Solid,1010016,A,Ladieswear,1,Ladieswear,18,Red,2,Medium Dusty,Liv jumper,512783,Garment Upper body,Sweater,252,H&M+,2
513373010,52,Pink,Woven Occasion,1926,"Satin top with a V-neck, lace trim at the top and narrow, adjustable shoulder straps.",Dresses Ladies,1013,Solid,1010016,A,Ladieswear,1,Ladieswear,4,Pink,5,Bright,Hepburn top,513373,Garment Upper body,Vest top,253,Womens Premium,14
513743016,42,Red,Kids Girl Jersey Fancy,7616,Long-sleeved jersey top with a motif on the front. Slightly longer with a rounded hem at the back.,Jersey Fancy,1005,Solid,1010016,H,Baby/Children,4,Children Sizes 92-140,18,Red,5,Bright,Beck l/s tee,513743,Garment Upper body,T-shirt,255,Kids Girl,76
514692014,10,White,Jersey Fancy,5882,Vest top in cotton jersey with a print motif.,Jersey Fancy,1005,Placement print,1010014,F,Menswear,3,Menswear,9,White,3,Light,Printed Tank,514692,Garment Upper body,Vest top,253,Contemporary Street,55
515158001,71,Light Blue,Everyday Waredrobe Denim,1779,"Oversized shirt in washed denim with pearly press-studs down the front and at the cuffs. Yoke front and back, flap chest pockets with a press-stud, and a rounded hem.",Trousers Denim,1016,Denim,1010023,A,Ladieswear,1,Ladieswear,2,Blue,1,Dusty Light,Shirt Boyfriend,515158,Garment Upper body,Shirt,259,Ladies Denim,57
515692009,11,Off White,Knitwear,5858,"Fine-knit jumper in cotton slub yarn with long raglan sleeves and ribbing around the neckline, cuffs and hem.",Knitwear,1003,Melange,1010010,F,Menswear,3,Menswear,9,White,1,Dusty Light,Ripley r-neck,515692,Garment Upper body,Sweater,252,Contemporary Casual,21
516000020,10,White,Jersey,1666,Fitted top in stretch jersey with a round neck and long sleeves.,Jersey Fancy,1005,Stripe,1010017,A,Ladieswear,1,Ladieswear,9,White,1,Dusty Light,Agnes LS R-neck,516000,Garment Upper body,T-shirt,255,Womens Tailoring,11
516701001,6,Light Grey,Dress,1322,"Straight-cut, knee-length dress in pleated jersey with a metallic print. Unlined.",Dresses Ladies,1013,Metallic,1010011,A,Ladieswear,1,Ladieswear,12,Grey,1,Dusty Light,J Plura,516701,Garment Full body,Dress,265,Womens Everyday Collection,15
516903004,22,Yellow,Tops Knitwear,1647,"Jumper in a textured cotton-blend knit with dropped shoulders and ribbing around the neckline, cuffs and hem.",Knitwear,1003,Other structure,1010026,D,Divided,2,Divided,8,Yellow,7,Medium,Sally Sweater,516903,Garment Upper body,Sweater,252,Divided Collection,53
517596001,51,Light Pink,Projects Woven Tops,1545,"V-neck top in satin with a small frill trim at the top and narrow, adjustable shoulder straps.",Blouses,1010,Solid,1010016,D,Divided,2,Divided,4,Pink,1,Dusty Light,Girly Satin Tank,517596,Garment Upper body,Vest top,253,Divided Projects,50
517813013,51,Light Pink,Kids Girl Jersey Fancy,7616,"Top in soft, printed fleece with ribbing around the neckline, cuffs and hem.",Jersey Fancy,1005,Front print,1010008,H,Baby/Children,4,Children Sizes 92-140,4,Pink,1,Dusty Light,Aurora fluff,517813,Garment Upper body,Sweater,252,Kids Girl,76
518311001,51,Light Pink,Baby Socks,6541,Fine-knit tights in a soft cotton blend with an elasticated waist.,Socks and Tights,1021,Solid,1010016,G,Baby/Children,4,Baby Sizes 50-98,4,Pink,1,Dusty Light,Fancy tights 2-p,518311,Socks & Tights,Underwear Tights,304,Baby Essentials & Complements,44
519145005,73,Dark Blue,Baby Boy Jersey Fancy,6545,"Joggers in soft, light sweatshirt fabric with a washed look. Elasticated drawstring waist, a back pocket and legs with seams and narrow ribbed hems.",Jersey Fancy,1005,All over pattern,1010001,G,Baby/Children,4,Baby Sizes 50-98,2,Blue,2,Medium Dusty,Tempest,519145,Garment Lower body,Trousers,272,Baby Boy,41
519588002,11,Off White,Tops Knitwear,1647,"Cardigan in a soft knit with dropped shoulders, long sleeves, front pockets and no buttons.",Knitwear,1003,Melange,1010010,D,Divided,2,Divided,9,White,1,Dusty Light,Siri cardigan,519588,Garment Upper body,Cardigan,245,Divided Collection,53
519789002,9,Black,Knitwear,1626,"Jumper in a soft, chunky knit containing some alpaca wool with a V-neck and low dropped shoulders. Longer at the back.",Knitwear,1003,Solid,1010016,A,Ladieswear,1,Ladieswear,5,Black,4,Dark,Valerie,519789,Garment Upper body,Sweater,252,Womens Everyday Collection,15
519936027,51,Light Pink,Kids Girl UW/NW,7922,Cotton jersey briefs in various designs with an elasticated waist and lined gusset.,"Under-, Nightwear",1017,All over pattern,1010001,H,Baby/Children,4,Children Sizes 92-140,4,Pink,3,Light,RONJA,519936,Underwear,Underwear bottom,286,Girls Underwear & Basics,79
520495009,31,Light Orange,Jersey,1660,Wide T-shirt in soft cotton jersey with a print motif on the front.,Jersey Fancy,1005,Front print,1010008,A,Ladieswear,1,Ladieswear,3,Orange,1,Dusty Light,Ryan Printed Tee,520495,Garment Upper body,T-shirt,255,Womens Casual,6
521269001,9,Black,Tops Knitwear,1647,"Jumper in a soft, rib knit with a small, ribbed stand-up collar and long sleeves.",Knitwear,1003,Solid,1010016,D,Divided,2,Divided,5,Black,4,Dark,Sirpa mockneck,521269,Garment Upper body,Sweater,252,Divided Collection,53
522021001,7,Grey,Woven bottoms,1939,"Ankle-length cigarette trousers in a textured weave with a concealed hook and eye, zip fly, side pockets, a fake welt pocket at the back and tapered legs with creases.",Trousers,1009,Solid,1010016,A,Ladieswear,1,Ladieswear,12,Grey,2,Medium Dusty,MC Vermont fancy trs,522021,Garment Lower body,Trousers,272,H&M+,2
522398027,11,Off White,Jersey fancy,1636,"V-neck top in airy jersey made from recycled polyester. Buttons at the top, 3/4-length sleeves and a rounded hem with slits in the sides. Slightly longer at the back.",Jersey Fancy,1005,All over pattern,1010001,A,Ladieswear,1,Ladieswear,9,White,1,Dusty Light,Vincent,522398,Garment Upper body,Top,254,Womens Everyday Collection,15
522722002,52,Pink,Outwear,1201,"Padded jacket in sturdy fabric with a slight sheen. Faux fur-lined hood with a faux fur trim, stand-up collar and a zip and wind flap with concealed press-studs down the front. Flap front pockets with a concealed press-stud. Lined.",Outdoor,1007,Solid,1010016,A,Ladieswear,1,Ladieswear,4,Pink,2,Medium Dusty,Hakkasan,522722,Garment Upper body,Jacket,262,Womens Jackets,19
522952033,51,Light Pink,Baby basics,6515,Trousers in soft organic cotton jersey with an elasticated drawstring waist and ribbed hems.,Jersey Basic,1002,All over pattern,1010001,G,Baby/Children,4,Baby Sizes 50-98,4,Pink,1,Dusty Light,Basic s/j pants,522952,Garment Lower body,Trousers,272,Baby Essentials & Complements,44
523479014,7,Grey,Baby basics,6515,"Long-sleeved bodysuits in soft, ribbed, organic cotton jersey with press-studs on one shoulder and at the crotch.",Jersey Basic,1002,All over pattern,1010001,G,Baby/Children,4,Baby Sizes 50-98,12,Grey,1,Dusty Light,LS body mixed 2P,523479,Garment Upper body,Bodysuit,256,Baby Essentials & Complements,44
523642010,43,Dark Red,Jersey,1666,"Knee-length lace dress with a V-neck and short cap sleeves. Seam at the waist, flared skirt and a concealed zip at the back.",Jersey Fancy,1005,Lace,1010021,A,Ladieswear,1,Ladieswear,18,Red,4,Dark,Dora dress,523642,Garment Full body,Dress,265,Womens Tailoring,11
523950004,71,Light Blue,Dress,1322,"Short, straight dress in a viscose crêpe weave with wide, flared sleeves with a slit and tie. Unlined.",Dresses Ladies,1013,Solid,1010016,A,Ladieswear,1,Ladieswear,2,Blue,3,Light,Rose,523950,Garment Full body,Dress,265,Womens Everyday Collection,15
524656001,12,Light Beige,Tops Knitwear,1647,Fine-knit top in soft slub cotton with narrow shoulder straps and embroidered appliqués on the front. Ribbed hem and ribbed trim at the back.,Knitwear,1003,Application/3D,1010002,D,Divided,2,Divided,11,Beige,1,Dusty Light,Petra Butterfly tank,524656,Garment Upper body,Vest top,253,Divided Collection,53
525111001,17,Yellowish Brown,Sunglasses,8888,Glasses with metal and plastic frames and clear lenses.,Accessories,1019,Solid,1010016,C,Ladieswear,1,Ladies Accessories,13,Brown,4,Dark,Classic Clubba glasses,525111,Accessories,Other accessories,78,Womens Small accessories,66
525563010,10,White,Baby basics,6515,"Bodysuit in soft, organic cotton jersey with a concealed press-stud on one shoulder, long sleeves and press-studs at the crotch.",Jersey Basic,1002,All over pattern,1010001,G,Baby/Children,4,Baby Sizes 50-98,9,White,3,Light,LS body single mixed,525563,Garment Upper body,Bodysuit,256,Baby Essentials & Complements,44
525825002,9,Black,Basics,5868,V-neck jersey T-shirt in a stretch cotton blend. Slim fit.,Jersey Basic,1002,Solid,1010016,F,Menswear,3,Menswear,5,Black,4,Dark,V-NECK SS SLIM FIT,525825,Garment Upper body,T-shirt,255,Men Underwear,26
526261004,43,Dark Red,Tops Knitwear,1647,Fine-knit jumper in a soft viscose blend with long sleeves and wide lace trims at the cuffs and hem.,Knitwear,1003,Lace,1010021,D,Divided,2,Divided,18,Red,4,Dark,Gosling Lace,526261,Garment Upper body,Sweater,252,Divided Collection,53
526836001,73,Dark Blue,Knitwear,1626,"Short, fine-knit dress in a soft viscose blend with a slight sheen. The dress is in a straight style with short, flounced sleeves and a wide flounce at the hem. Unlined.",Knitwear,1003,Solid,1010016,A,Ladieswear,1,Ladieswear,2,Blue,4,Dark,Osaka,526836,Garment Full body,Dress,265,Womens Everyday Collection,15
527540001,9,Black,Jacket Street,5283,"Padded jacket in woven fabric with a slight sheen, stand-up collar, zip down the front and drawstring at the hem. Side pockets, one zipped arm pocket and an inner pocket with a press-stud. Polyester filling.",Outdoor,1007,Solid,1010016,F,Menswear,3,Menswear,5,Black,4,Dark,Puffer X,527540,Garment Upper body,Jacket,262,Mens Outerwear,31
528114002,51,Light Pink,Expressive Lingerie,1338,"Brazilian briefs in microfibre and lace with a low waist, lined gusset, wide sides and high cut at the back.","Under-, Nightwear",1017,Solid,1010016,B,Ladieswear,1,Lingeries/Tights,4,Pink,1,Dusty Light,Arista Brazilian Acacia Low,528114,Underwear,Underwear bottom,286,Womens Lingerie,61
528931002,9,Black,Divided Shoes,3929,Imitation leather espadrilles with imitation suede details. Cotton canvas linings and insoles and fluted rubber soles with a braided jute trim.,Shoes,1020,Solid,1010016,D,Divided,2,Divided,5,Black,4,Dark,Jane espandrille,528931,Shoes,Flat shoe,144,Divided Accessories,52
529321002,17,Yellowish Brown,Shoes,3629,"Hi-tops with a padded edge and tongue, and lacing at the front. Mesh linings and insoles.",Shoes,1020,Solid,1010016,F,Menswear,3,Menswear,13,Brown,4,Dark,Tommen(1),529321,Shoes,Sneakers,94,Men Shoes,27
530235013,21,Light Yellow,Kids Girl UW/NW,7922,Briefs in printed cotton jersey with a lined gusset.,"Under-, Nightwear",1017,Placement print,1010014,H,Baby/Children,4,Children Sizes 92-140,8,Yellow,7,Medium,TILLY 7-p OG briefs,530235,Underwear,Underwear bottom,286,Girls Underwear & Basics,79
531273002,19,Greenish Khaki,Tops Knitwear,1647,"Wide, ribbed cold shoulder top in a soft viscose blend with short raglan sleeves.",Knitwear,1003,Solid,1010016,D,Divided,2,Divided,20,Khaki green,2,Medium Dusty,Gizelle Cold-shoulder Tee,531273,Garment Upper body,Sweater,252,Divided Collection,53
531665010,7,Grey,Men Sport Woven,8559,"Sports vest top in fast-drying functional fabric with narrow, overlocked edges around the armholes and hem. Slightly longer and rounded at the back.",Jersey Fancy,1005,Melange,1010010,S,Sport,26,Sport,12,Grey,2,Medium Dusty,Bleeker tank,531665,Garment Upper body,Vest top,253,Men H&M Sport,22
532307002,9,Black,Dress,1322,"Short, wide dress in patterned satin with buttons on one shoulder and a pleated yoke at the back. Long sleeves with buttoned cuffs and a rounded hem. Unlined.",Dresses Ladies,1013,All over pattern,1010001,A,Ladieswear,1,Ladieswear,5,Black,4,Dark,Cammen,532307,Garment Full body,Dress,265,Womens Everyday Collection,15
532970001,52,Pink,Young Girl Dresses,8713,Sleeveless top in woven fabric with a sequined mesh front. Opening with a button at the back of the neck.,Dresses/Skirts girls,1014,Sequin,1010015,I,Baby/Children,4,Children Sizes 134-170,4,Pink,2,Medium Dusty,Cynthia top,532970,Garment Upper body,Blouse,258,Young Girl,77
533261010,42,Red,Baby basics,6515,Long-sleeved bodysuits in soft organic cotton jersey with press-studs at the crotch.,Jersey Basic,1002,Solid,1010016,G,Baby/Children,4,Baby Sizes 50-98,18,Red,7,Medium,5P LS bodypack,533261,Garment Upper body,Bodysuit,256,Baby Essentials & Complements,44
533388011,43,Dark Red,Men Sport Bottoms,8394,"Running top in fast-drying, breathable functional fabric with short raglan sleeves, hole-patterned sections at the sides and reflective details.",Jersey Fancy,1005,Solid,1010016,S,Sport,26,Sport,18,Red,4,Dark,Dean Tech Tee,533388,Garment Upper body,Top,254,Men H&M Sport,22
533518001,13,Beige,Shoes,3629,"Trainers in suede with mesh details, lacing at the front, elastic gores in the sides and a loop front and back. Fabric linings and insoles and rubber soles.",Shoes,1020,Solid,1010016,F,Menswear,3,Menswear,1,Mole,1,Dusty Light,Willow PQ,533518,Shoes,Sneakers,94,Men Shoes,27
534025001,9,Black,Shorts,1745,"Dungaree shorts in a patterned crêpe weave with a double-layered front and open back. Shoulder straps with adjustable fasteners, a tie belt at the waist and concealed zip at the back.",Shorts,1025,All over pattern,1010001,D,Divided,2,Divided,5,Black,4,Dark,Jonas Pinafore,534025,Garment Full body,Dungarees,268,Divided Collection,53
534181006,6,Light Grey,Outwear,1201,"Fitted coat in a soft, felted wool blend with notch lapels and concealed press-studs down the front. Detachable tie belt at the waist, pockets in the side seams and a single back vent. Lined.",Outdoor,1007,All over pattern,1010001,A,Ladieswear,1,Ladieswear,12,Grey,1,Dusty Light,Femme (1),534181,Garment Upper body,Coat,263,Womens Jackets,19
535025001,9,Black,Outdoor/Blazers DS,5960,"Trenchcoat in woven fabric with a soft, brushed finish, notch lapels with decorative buttons, a loose yoke with a zip at the front, and concealed press-studs down the front. Detachable belt with a metal buckle at the waist , a tab and metal fastener at the cuffs, zipped side pockets and a single back vent. Unlined.",Outdoor,1007,Solid,1010016,D,Divided,2,Divided,5,Black,4,Dark,Izzy trench,535025,Garment Upper body,Jacket,262,Divided Selected,58
535491001,52,Pink,Small Acc. Jewellery & Other,4323,Erasers in various colours and designs. Size approx. 3 cm. Not for children under 3.,Accessories,1019,Solid,1010016,J,Baby/Children,4,"Children Accessories, Swimwear",4,Pink,7,Medium,Erasers,535491,Accessories,Other accessories,78,"Kids Accessories, Swimwear & D",43
536139010,6,Light Grey,Nightwear,3709,Pyjama bottoms in lightweight fabric with an elasticated drawstring waist and tapered legs with ribbed hems.,"Under-, Nightwear",1017,Neps,1010027,B,Ladieswear,1,Lingeries/Tights,12,Grey,1,Dusty Light,Alex Trs (J),536139,Nightwear,Pyjama bottom,296,"Womens Nightwear, Socks & Tigh",62
536491002,19,Greenish Khaki,Jersey inactive from s1,5957,V-neck T-shirt in cotton jersey with raw edges.,Jersey Fancy,1005,Solid,1010016,F,Menswear,3,Menswear,20,Khaki green,4,Dark,Yet tee,536491,Garment Upper body,T-shirt,255,Contemporary Street,55
537018003,10,White,Tops Fancy Jersey,1640,"Cropped printed T-shirt in cotton jersey with a cut-off, raw-edge hem.",Jersey Fancy,1005,Placement print,1010014,D,Divided,2,Divided,9,White,3,Light,Stormy tee,537018,Garment Upper body,T-shirt,255,Divided Collection,53
537346015,71,Light Blue,Knitwear,1626,"Oversized jumper in a soft knit with a deep V-neck, long raglan sleeves and ribbing around the neckline, cuffs and hem.",Knitwear,1003,Melange,1010010,A,Ladieswear,1,Ladieswear,2,Blue,3,Light,Ridge,537346,Garment Upper body,Sweater,252,Womens Everyday Collection,15
537670001,9,Black,Girls Small Acc/Bags,4313,"Set containing face paints in white, black and red. The set also contains a brush, sponge, and double-sided applicator. 3x8.2 g. Not for children under 3, as the set contains small parts.",Accessories,1019,Solid,1010016,J,Baby/Children,4,"Children Accessories, Swimwear",5,Black,4,Dark,Halloween Face paint,537670,Cosmetic,Fine cosmetics,98,"Kids Accessories, Swimwear & D",43
537925002,9,Black,Jersey,1919,"Fitted dress in soft jersey containing glittery threads, a V-neck at the back and a tie at the back of the neck. Unlined.",Jersey Fancy,1005,Metallic,1010011,A,Ladieswear,1,Ladieswear,5,Black,4,Dark,Fleur lurex dress,537925,Garment Full body,Dress,265,H&M+,2
538468002,8,Dark Grey,Projects Jersey & Knitwear,1644,Long-sleeved top in nepped linen-blend jersey with a lace frill trim at the hem.,Jersey Fancy,1005,Melange,1010010,D,Divided,2,Divided,12,Grey,2,Medium Dusty,William LS,538468,Garment Upper body,T-shirt,255,Divided Projects,50
538993001,19,Greenish Khaki,Trouser,1710,"High-waisted trousers in woven fabric with a detachable tie belt, pleats and the top and a zip in the side. Zip fly with hook and eye fasteners, side pockets, fake back pockets and wide tapered legs.",Trousers,1009,Solid,1010016,A,Ladieswear,1,Ladieswear,20,Khaki green,4,Dark,Bones utility trousers HW,538993,Garment Lower body,Trousers,272,Womens Casual,6
539217021,93,Dark Green,Shirt,5731,"Straight-style shirt in linen with a turn-down collar, French front and yoke at the back. Open chest pocket, long sleeves with adjustable buttoning at the cuffs, and a rounded hem.",Shirts,1011,Solid,1010016,F,Menswear,3,Menswear,19,Green,2,Medium Dusty,DUSTY French placket- linen,539217,Garment Upper body,Shirt,259,Men Suits & Tailoring,23
539368002,31,Light Orange,Baby Exclusive,6557,Baby Exclusive. Fine-knit hat in a soft blend of mulberry silk and cotton with a roll-edge hem.,Woven/Jersey/Knitted mix Baby,1006,Solid,1010016,G,Baby/Children,4,Baby Sizes 50-98,3,Orange,1,Dusty Light,MISA silk/cotton hat (1),539368,Accessories,Hat/beanie,75,Baby Essentials & Complements,44
539723019,10,White,Trousers,1747,"High-waisted jeans in washed superstretch denim with a zip fly and button, fake front pockets, real back pockets and super-skinny legs.",Trousers,1009,Solid,1010016,D,Divided,2,Divided,9,White,1,Dusty Light,Jade Denim TRS,539723,Garment Lower body,Trousers,272,Divided Collection,53
540382011,51,Light Pink,Kids Girl Jersey Basic,7920,Tops in organic cotton jersey with a gathered neckline and short puff sleeves.,Jersey Basic,1002,Solid,1010016,H,Baby/Children,4,Children Sizes 92-140,4,Pink,3,Light,MIMMI 2-PACK,540382,Garment Upper body,T-shirt,255,Girls Underwear & Basics,79
540930007,73,Dark Blue,Kids Boy Socks,4214,Fine-knit sports socks in a soft cotton blend with a ribbed shaft.,Socks and Tights,1021,Mixed solid/pattern,1010012,H,Baby/Children,4,Children Sizes 92-140,2,Blue,4,Dark,Sport sock 5-p SB,540930,Socks & Tights,Socks,302,Boys Underwear & Basics,72
541286030,7,Grey,Young Girl UW/NW,7932,Tops in soft cotton jersey with a racer back and elastic hem.,"Under-, Nightwear",1017,Solid,1010016,I,Baby/Children,4,Children Sizes 134-170,12,Grey,1,Dusty Light,METS 2-p fancy shorttop,541286,Underwear,Kids Underwear top,307,Girls Underwear & Basics,79
541491014,13,Beige,Basics,5868,Round-necked jersey T-shirt in a cotton blend.,Jersey Basic,1002,Solid,1010016,F,Menswear,3,Menswear,1,Mole,1,Dusty Light,Ronny R-neck,541491,Garment Upper body,T-shirt,255,Men Underwear,26
541720002,9,Black,Young Boy Jersey Fancy,8748,"Top in sweatshirt fabric with a print motif on the front, jersey-lined hood, kangaroo pocket and ribbing at the cuffs and hem. Soft brushed inside.",Jersey Fancy,1005,Placement print,1010014,I,Baby/Children,4,Children Sizes 134-170,5,Black,4,Dark,Brando Hood,541720,Garment Upper body,Hoodie,308,Young Boy,47
542073011,51,Light Pink,Kids Girl UW/NW,7922,"Nightdress in soft, printed cotton jersey with short flutter sleeves.","Under-, Nightwear",1017,Mixed solid/pattern,1010012,H,Baby/Children,4,Children Sizes 92-140,4,Pink,3,Light,CECILIA NG,542073,Nightwear,Night gown,293,Girls Underwear & Basics,79
542439003,43,Dark Red,Woven Occasion,1926,Short lace skirt with a concealed zip in the side and box pleats. Lined.,Dresses Ladies,1013,Lace,1010021,A,Ladieswear,1,Ladieswear,18,Red,4,Dark,Bonnie Skirt,542439,Garment Lower body,Skirt,275,Womens Premium,14
542672003,19,Greenish Khaki,Ladies Sport Bras,8316,Fitted sports top in fast-drying functional fabric with long sleeves and decorative hole patterns. Seamless.,Jersey Fancy,1005,Solid,1010016,S,Sport,26,Sport,20,Khaki green,4,Dark,Alma seamless ls,542672,Garment Upper body,Sweater,252,Ladies H&M Sport,5
543035001,73,Dark Blue,Loungewear,9989,"Pyjama bottoms in cotton flannel with an elasticated drawstring waist, fake fly, side pockets and tapered legs.","Under-, Nightwear",1017,Check,1010004,F,Menswear,3,Menswear,2,Blue,4,Dark,JAKE FLANNEL TRS,543035,Nightwear,Pyjama bottom,296,Men Underwear,26
543310001,9,Black,Dresses DS,5961,"Short dress in a viscose weave with a visible seam centre back, long sleeves with a zip at the cuffs, and a rounded hem.",Dresses Ladies,1013,Solid,1010016,D,Divided,2,Divided,5,Black,4,Dark,Dionne Dress,543310,Garment Full body,Dress,265,Divided Selected,58
543813001,51,Light Pink,Young Girl UW/NW,7932,Hipster briefs in cotton jersey with a lined gusset.,"Under-, Nightwear",1017,Mixed solid/pattern,1010012,I,Baby/Children,4,Children Sizes 134-170,4,Pink,1,Dusty Light,NOORA 3 pack Fancy,543813,Underwear,Underwear bottom,286,Girls Underwear & Basics,79
544290033,7,Grey,Kids Boy Jersey Basic,7668,Round-necked T-shirts in soft organic cotton jersey.,Jersey Basic,1002,Melange,1010010,H,Baby/Children,4,Children Sizes 92-140,12,Grey,1,Dusty Light,TP BERTIL ss SB 3-p,544290,Garment Upper body,T-shirt,255,Boys Underwear & Basics,72
544723001,51,Light Pink,Knitwear,1648,"Short top in a soft, fine knit containing glittery threads. Shoulder straps and a double flounce at the top.",Knitwear,1003,Glittering/Metallic,1010009,A,Ladieswear,1,Ladieswear,4,Pink,1,Dusty Light,Jiggly lurex top,544723,Garment Upper body,Vest top,253,Womens Trend,18
545024003,9,Black,Trouser,1717,"Suit trousers in a textured weave with a regular waist, zip fly and hook-and-eye fastener. Side pockets, fake back pockets and gently tapered legs with creases.",Trousers,1009,Solid,1010016,A,Ladieswear,1,Ladieswear,5,Black,4,Dark,Toni slacks,545024,Garment Lower body,Trousers,272,Womens Tailoring,11
545396033,42,Red,Kids Boy Jersey Basic,7668,"Joggers in sweatshirt fabric with an elasticated drawstring waist, side pockets and ribbed hems. Soft brushed inside. The cotton content of the joggers is organic.",Jersey Basic,1002,Solid,1010016,H,Baby/Children,4,Children Sizes 92-140,18,Red,7,Medium,TP JOEL sweatpants SB,545396,Garment Lower body,Trousers,272,Boys Underwear & Basics,72
545853005,51,Light Pink,Jersey,1641,"Short, straight-cut dress in sturdy cotton jersey with dropped shoulders and short, frilled sleeves. Unlined.",Jersey Fancy,1005,Solid,1010016,A,Ladieswear,1,Ladieswear,4,Pink,1,Dusty Light,Pear dress,545853,Garment Full body,Dress,265,Womens Trend,18
546269004,9,Black,Divided Shoes,3929,Slip-on fabric trainers with elastic gores in the sides. Fabric linings and insoles and rubber soles.,Shoes,1020,Solid,1010016,D,Divided,2,Divided,5,Black,4,Dark,Jin sneaker,546269,Shoes,Sneakers,94,Divided Accessories,52
546579003,3,Silver,Jewellery,4344,Thin metal hoop earrings. Diameter approx. 4.5 cm.,Accessories,1019,Solid,1010016,C,Ladieswear,1,Ladies Accessories,15,Metal,3,Light,Class Carro earrings RT,546579,Accessories,Earring,70,Womens Small accessories,66
546807001,72,Blue,Young Girl Big Acc,4322,Hat in a soft rib knit with a faux fur pompom on the top and sewn-in turn-up with an appliqué.,Accessories,1019,Solid,1010016,J,Baby/Children,4,"Children Accessories, Swimwear",2,Blue,3,Light,LOUISE beanie,546807,Accessories,Hat/beanie,75,Kids Outerwear,45
547333004,9,Black,Expressive Lingerie,1338,"Push-up lace bra with moulded, padded cups for a larger bust and fuller cleavage. Narrow, adjustable shoulder straps and a hook-and-eye fastening at the back.","Under-, Nightwear",1017,Solid,1010016,B,Ladieswear,1,Lingeries/Tights,5,Black,4,Dark,Serena Push Valencia,547333,Underwear,Bra,306,Womens Lingerie,61
547465001,9,Black,Knitwear,5884,"Striped jumper in a soft cotton blend with ribbing around the neckline, cuffs and hem.",Knitwear,1003,Stripe,1010017,F,Menswear,3,Menswear,5,Black,4,Dark,Leslie stripe/trash,547465,Garment Upper body,Sweater,252,Contemporary Street,55
547780006,19,Greenish Khaki,Basic 1,1643,"Trousers in soft sweatshirt fabric with an elasticated drawstring waist, side pockets and ribbed hems. Soft brushed inside.",Jersey Basic,1002,Melange,1010010,D,Divided,2,Divided,20,Khaki green,4,Dark,Basic sweatpants 1,547780,Garment Lower body,Trousers,272,Divided Basics,51
548040004,50,Other Pink,Kids Girl UW/NW,7922,Hipster briefs in cotton jersey with a lined gusset.,"Under-, Nightwear",1017,All over pattern,1010001,H,Baby/Children,4,Children Sizes 92-140,4,Pink,5,Bright,RUBY 3p hipster,548040,Underwear,Underwear bottom,286,Girls Underwear & Basics,79
548210003,42,Red,Young Girl Outdoor,8812,"Lightly padded jacket with a fleece-lined stand-up collar, detachable lined hood with a faux fur trim, and a zip down the front. Flap side pockets, patches on the elbows and ribbing at the cuffs and hem. Lined.",Outdoor,1007,Solid,1010016,I,Baby/Children,4,Children Sizes 134-170,18,Red,7,Medium,Carrie V9 ski jkt,548210,Garment Upper body,Jacket,262,Kids Outerwear,45
548603015,10,White,Jersey,2032,Fitted top in soft cotton jersey with short sleeves and gathers in the sides for best fit.,Jersey Fancy,1005,Stripe,1010017,A,Ladieswear,1,Ladieswear,9,White,3,Light,Sara s/s,548603,Garment Upper body,T-shirt,255,Mama,8
548963001,72,Blue,Woven top,1909,"Off-the-shoulder top in a viscose weave with elastication and a flounce at the top, 3/4-length sleeves with a slit and tie detail at the cuffs, and a rounded hem.",Blouses,1010,Stripe,1010017,A,Ladieswear,1,Ladieswear,2,Blue,7,Medium,ED freshqueen off shoulder,548963,Garment Upper body,Blouse,258,H&M+,2
549333001,71,Light Blue,Outwear,1929,"Jacket in washed denim with a collar, buttons down the front and at the cuffs, and flap chest pockets with a button. Adjustable tab and buttons at the sides.",Outdoor,1007,Denim,1010023,A,Ladieswear,1,Ladieswear,2,Blue,1,Dusty Light,Denim jacket SPEED,549333,Garment Upper body,Jacket,262,H&M+,2
549480005,9,Black,Basic 1,1643,"T-shirt in soft cotton jersey with raw, roll edges around the sleeves and hem.",Jersey Basic,1002,Solid,1010016,D,Divided,2,Divided,5,Black,4,Dark,Hailey tee,549480,Garment Upper body,T-shirt,255,Divided Basics,51
549896009,8,Dark Grey,Jersey Fancy,5828,"Top in sweatshirt fabric with a wrapover shawl collar, long sleeves and ribbing at the cuffs and hem. Soft brushed inside.",Jersey Fancy,1005,Melange,1010010,F,Menswear,3,Menswear,12,Grey,4,Dark,JALEN SHAWLCOLLAR,549896,Garment Upper body,Sweater,252,Contemporary Smart,20
550309004,93,Dark Green,Jersey Basic,1676,Straight-cut dress in sturdy jersey with 3/4-length sleeves and front pockets. Unlined.,Jersey Basic,1002,Solid,1010016,A,Ladieswear,1,Ladieswear,19,Green,4,Dark,Titti,550309,Garment Full body,Dress,265,Womens Everyday Basics,16
550618006,43,Dark Red,Expressive Lingerie,1338,"Soft, non-wired microfibre bra with lined, triangular cups with removable inserts that give the bust a natural shape and light support. Frill trim around the cups and an elastic trim at the hem. Adjustable shoulder straps and a fastener at the back with two pairs of hooks and eyes.","Under-, Nightwear",1017,Solid,1010016,B,Ladieswear,1,Lingeries/Tights,18,Red,7,Medium,Lion padded softbra,550618,Underwear,Bra,306,Womens Lingerie,61
550969001,32,Orange,Swimwear,4242,Fully lined bikini bottoms with an overlocked frill trim at the top and narrow ties at the sides. Low waist.,Swimwear,1018,All over pattern,1010001,B,Ladieswear,1,Lingeries/Tights,3,Orange,1,Dusty Light,Agdis tie-tanga,550969,Swimwear,Swimwear bottom,59,"Womens Swimwear, beachwear",60
551080011,73,Dark Blue,Jersey Fancy,5882,"Long-sleeved top in thin, printed cotton jersey with ribbed cuffs.",Jersey Fancy,1005,Treatment,1010018,F,Menswear,3,Menswear,2,Blue,4,Dark,Longsleeve Tee,551080,Garment Upper body,T-shirt,255,Contemporary Street,55
551370002,10,White,Swimwear,4242,"Fully lined balconette bikini top with decorative draping at the front. Moulded, padded cups that lift and shape the bust, wide, adjustable, detachable shoulder straps that can be fastened in various ways, and a wide metal fastener at the back.",Swimwear,1018,Stripe,1010017,B,Ladieswear,1,Lingeries/Tights,9,White,3,Light,Coco bandeau top BIG,551370,Swimwear,Bikini top,298,"Womens Swimwear, beachwear",60
551566008,73,Dark Blue,Knitwear,1949,"Jumper in a soft knit with a slightly wider neckline, long, wide dolman sleeves and a rounded hem with slits in the sides.",Knitwear,1003,Solid,1010016,A,Ladieswear,1,Ladieswear,2,Blue,4,Dark,ED Lady di,551566,Garment Upper body,Sweater,252,H&M+,2
551989026,71,Light Blue,Shirt S&T,8617,"Long-sleeved shirt in a cotton blend with an easy-iron finish, turn-down collar and classic front. Narrow cuffs with adjustable buttoning, a yoke and darts at the back and a rounded hem. Slim fit with narrow shoulders and a tapered waist for a fitted silhouette.",Shirts,1011,Stripe,1010017,F,Menswear,3,Menswear,2,Blue,3,Light,FRAME Easy Iron fancy,551989,Garment Upper body,Shirt,259,Men Suits & Tailoring,23
552346028,71,Light Blue,Young Girl Denim,8917,"Slim-fit jeans in washed, superstretch, flexible denim for maximum mobility. Adjustable elasticated waist (in sizes 8-12Y), zip fly, fake front pockets, real back pockets and narrow hems.",Trousers Denim,1016,Denim,1010023,I,Baby/Children,4,Children Sizes 134-170,2,Blue,1,Dusty Light,SKINNY BASIC 89,552346,Garment Lower body,Trousers,272,Young Girl,77
552475006,11,Off White,Tops Woven,1543,"Shirt in soft cotton twill with a collar, buttons down the front, chest pockets and long sleeves with buttoned cuffs. Founded hem with slits in the sides. Slightly longer at the back.",Blouses,1010,Check,1010004,D,Divided,2,Divided,9,White,1,Dusty Light,BROADWAY S.7,552475,Garment Upper body,Shirt,259,Divided Collection,53
552743015,6,Light Grey,Knitwear,7520,"Long-sleeved jumper in soft, fine-knit cashmere with ribbing around the neckline, cuffs and hem.",Knitwear,1003,Solid,1010016,F,Menswear,3,Menswear,12,Grey,1,Dusty Light,PEBBLE knitted creweck,552743,Garment Upper body,Sweater,252,Men Edition,28
552979001,73,Dark Blue,Kids Boy Shoes,4211,"Trainers in cotton chambray with concealed elastication at the front, rubber toe caps and a loop at the back. Fabric insoles and rubber soles.",Shoes,1020,Chambray,1010024,J,Baby/Children,4,"Children Accessories, Swimwear",2,Blue,7,Medium,Loa low sneaker SB,552979,Shoes,Sneakers,94,Kids & Baby Shoes,42
553403003,10,White,Kids Girl UW/NW,7922,"Dressing gown in sweatshirt fabric with a hood, long sleeves, and tie belt at the waist. Narrow ribbing at the cuffs, hem and front edge. Soft brushed inside.","Under-, Nightwear",1017,All over pattern,1010001,H,Baby/Children,4,Children Sizes 92-140,9,White,3,Light,Cosy Robe,553403,Underwear,Robe,305,Girls Underwear & Basics,79
553875006,31,Light Orange,Kids Girl Jersey Fancy,7616,Short-sleeved top in printed cotton jersey.,Jersey Fancy,1005,Placement print,1010014,H,Baby/Children,4,Children Sizes 92-140,3,Orange,3,Light,Palma tee,553875,Garment Upper body,T-shirt,255,Kids Girl,76
553963002,9,Black,Blouse & Dress,1941,"Top in airy matt fabric with frills, super-skinny, adjustable shoulder straps and a seam at the waist with a wide flounce.",Blouses,1010,Dot,1010006,A,Ladieswear,1,Ladieswear,5,Black,4,Dark,Melanie cami,553963,Garment Upper body,Vest top,253,Womens Trend,18
554444004,9,Black,Knitwear,1949,"Jumper knitted in a soft cotton blend with long sleeves and ribbing around the neckline, cuffs and hem.",Knitwear,1003,Front print,1010008,A,Ladieswear,1,Ladieswear,5,Black,4,Dark,Bettan jumper,554444,Garment Upper body,Sweater,252,H&M+,2
554479014,71,Light Blue,Shorts,1745,High-waisted shorts in superstretch twill with back pockets and sewn-in turn-ups at the hems.,Shorts,1025,Solid,1010016,D,Divided,2,Divided,2,Blue,3,Light,Ozzy Denim Shorts,554479,Garment Lower body,Shorts,274,Divided Collection,53
554546017,72,Blue,Kids Boy Denim,7956,"5-pocket slim-fit jeans in washed, superstretch denim for maximum mobility with an adjustable, elasticated waist, zip fly and button, and narrow hems.",Trousers Denim,1016,Denim,1010023,H,Baby/Children,4,Children Sizes 92-140,2,Blue,2,Medium Dusty,SKINNY SS 79,554546,Garment Lower body,Trousers,272,Kids Boy,46
554598032,11,Off White,Jersey Basic,1676,"T-shirt in soft jersey with a round neck, short sleeves with sewn-in turn-ups, and a rounded hem.",Jersey Basic,1002,All over pattern,1010001,A,Ladieswear,1,Ladieswear,9,White,1,Dusty Light,Nora T-shirt,554598,Garment Upper body,T-shirt,255,Womens Everyday Basics,16
554772013,93,Dark Green,Jersey Basic,1676,Fitted top in cotton jersey with a V-neck and short sleeves.,Jersey Basic,1002,Solid,1010016,A,Ladieswear,1,Ladieswear,19,Green,2,Medium Dusty,Bob V-neck,554772,Garment Upper body,T-shirt,255,Womens Everyday Basics,16
554892002,9,Black,Dresses,1344,"Short fitted dress in crinkled jersey with one shoulder strap with a metal ring, and a zip in one side. Unlined.",Dresses Ladies,1013,Solid,1010016,D,Divided,2,Divided,5,Black,4,Dark,Joss one shoulder,554892,Garment Full body,Dress,265,Divided Collection,53
555318004,72,Blue,Kids Girl Denim,7917,"Jacket in washed stretch denim with a collar, press-studs down the front, flap chest pockets with a press-stud and buttoned cuffs.",Trousers Denim,1016,Denim,1010023,H,Baby/Children,4,Children Sizes 92-140,2,Blue,2,Medium Dusty,JACKET BASIC 79,555318,Garment Upper body,Jacket,262,Kids Girl,76
555435002,9,Black,Trouser,1722,"Ankle-long trousers in imitation leather with a regular waist, zip fly with a hook-and-eye fastener and diagonal front pockets. Gently tapered legs with decorative seams down the front and at the knees.",Trousers,1009,Treatment,1010018,A,Ladieswear,1,Ladieswear,5,Black,4,Dark,Winnie PU,555435,Garment Lower body,Trousers,272,Womens Everyday Collection,15
555837002,19,Greenish Khaki,Kids Boy Trouser,7656,"Joggers in a stretch weave with a drawstring waist, low crotch and zip fly with a press-stud. Diagonal side pockets, zipped leg pockets, back pockets, and tapered legs with ribbed hems.",Trousers,1009,Solid,1010016,H,Baby/Children,4,Children Sizes 92-140,20,Khaki green,4,Dark,Oscar jogger,555837,Garment Lower body,Trousers,272,Kids Boy,46
556350001,72,Blue,Baby Boy Outdoor,6512,"Jacket in soft washed denim with a collar, and press-studs down the front and at the cuffs.",Outdoor,1007,Denim,1010023,G,Baby/Children,4,Baby Sizes 50-98,2,Blue,2,Medium Dusty,Texas denim jacket,556350,Garment Upper body,Jacket,262,Baby Boy,41
556527011,72,Blue,Young Boy Denim,8956,"5-pocket slim-fit jeans in superstretch, flexible denim for maximum mobility with hard-worn details and patches on the inside of the legs. Adjustable elasticated waist, zip fly and narrow hems.",Trousers Denim,1016,Denim,1010023,I,Baby/Children,4,Children Sizes 134-170,2,Blue,2,Medium Dusty,SKINNY SS Trash 89,556527,Garment Lower body,Trousers,272,Young Boy,47
556560006,7,Grey,Kids Boy Denim,7956,"Slim-fit jeans in washed stretch denim with an adjustable elasticated waist, zip fly and press-stud, front and back pockets, and narrow hems.",Trousers Denim,1016,Denim,1010023,H,Baby/Children,4,Children Sizes 92-140,12,Grey,2,Medium Dusty,SKINNY Cheapo 79,556560,Garment Lower body,Trousers,272,Kids Boy,46
556849013,7,Grey,Kids Girl Denim,7917,"Two pairs of leggings in different colours of washed stretch denim with an elasticated waist, fake front pockets and real back pockets.",Trousers Denim,1016,Denim,1010023,H,Baby/Children,4,Children Sizes 92-140,12,Grey,2,Medium Dusty,2-PACK LEGGINGS BELLE,556849,Garment Lower body,Leggings/Tights,273,Kids Girl,76
557246014,8,Dark Grey,Jersey Basic,5883,"Long-sleeved jacket in sweatshirt fabric with a lined drawstring hood, zip down the front, side pockets and ribbing at the cuffs and hem. Soft brushed inside.",Jersey Basic,1002,Melange,1010010,F,Menswear,3,Menswear,12,Grey,4,Dark,Hood W Zip,557246,Garment Upper body,Hoodie,308,Men Underwear,26
557544006,14,Dark Beige,Accessories,7530,Hat in soft rib-knit cashmere.,Accessories,1019,Solid,1010016,F,Menswear,3,Menswear,11,Beige,4,Dark,MOONSOON Beanie,557544,Accessories,Hat/beanie,75,Men Edition,28
557793003,10,White,Jersey,1641,"Short-sleeved, straight-cut tunic in light sweatshirt fabric with cotton poplin flounces.",Jersey Fancy,1005,Solid,1010016,A,Ladieswear,1,Ladieswear,9,White,3,Light,Croco tunic dress frill,557793,Garment Full body,Dress,265,Womens Trend,18
558183001,73,Dark Blue,EQ H&M Man,8030,T-shirt in slub cotton jersey.,Unknown,1001,Solid,1010016,F,Menswear,3,Menswear,2,Blue,5,Bright,RC WILLOW BOXY TEE,558183,Garment Upper body,T-shirt,255,Men Other 2,30
558471003,11,Off White,Knitwear,1626,"Jumper in a soft chunky knit containing some wool with a turtle neck, low dropped shoulders and long sleeves. Ribbing at the cuffs and hem and roll edges.",Knitwear,1003,Solid,1010016,A,Ladieswear,1,Ladieswear,9,White,1,Dusty Light,Osman,558471,Garment Upper body,Sweater,252,Womens Everyday Collection,15
558651006,73,Dark Blue,Kids Boy Shoes,4211,,Shoes,1020,Solid,1010016,J,Baby/Children,4,"Children Accessories, Swimwear",2,Blue,4,Dark,Carl Low Sneaker SB,558651,Shoes,Sneakers,94,Kids & Baby Shoes,42
558981004,8,Dark Grey,Young Girl Jersey Fancy,8716,"Leggings in stretch jersey with a denim look. Elasticated waist, fake front pockets and real back pockets.",Jersey Fancy,1005,Treatment,1010018,I,Baby/Children,4,Children Sizes 134-170,12,Grey,4,Dark,Gilda,558981,Garment Lower body,Leggings/Tights,273,Young Girl,77
559080002,73,Dark Blue,Young Girl Jersey Fancy,8716,Short-sleeved jersey top with a print motif on the front and a rounded hem. Longer at the back.,Jersey Fancy,1005,Front print,1010008,I,Baby/Children,4,Children Sizes 134-170,2,Blue,4,Dark,Zodiac tee,559080,Garment Upper body,T-shirt,255,Young Girl,77
559482005,10,White,Young Girl S&T,7931,Fine-knit socks in a soft cotton blend with a shaft that finishes at the knee.,Socks and Tights,1021,Other pattern,1010013,I,Baby/Children,4,Children Sizes 134-170,9,White,3,Light,Fia 2-p knee high,559482,Socks & Tights,Socks,302,Girls Underwear & Basics,79
559630002,9,Black,Swimwear,4242,"Lined triangle bikini top with narrow, adjustable shoulder straps that can be fastened in different ways at the back and cups with removable inserts that shape the bust and provide good support. Metal fastener at the back.",Swimwear,1018,Solid,1010016,B,Ladieswear,1,Lingeries/Tights,5,Black,4,Dark,Timeless Top,559630,Swimwear,Bikini top,298,"Womens Swimwear, beachwear",60
559677002,51,Light Pink,Jersey,1641,"Wide top in sturdy slub jersey with short, flounced sleeves.",Jersey Fancy,1005,Solid,1010016,A,Ladieswear,1,Ladieswear,4,Pink,1,Dusty Light,Caliente Top,559677,Garment Upper body,T-shirt,255,Womens Trend,18
559995005,9,Black,Knitwear,1616,"Calf-length, A-line skirt in a soft, fine knit with an elasticated waist. Unlined.",Knitwear,1003,Solid,1010016,A,Ladieswear,1,Ladieswear,5,Black,4,Dark,Meela Skirt set,559995,Garment Lower body,Skirt,275,Womens Tailoring,11
560221011,10,White,Swimwear,4242,"Lined triangle bikini top with moulded, lightly padded cups and ties at the back and back of the neck.",Swimwear,1018,All over pattern,1010001,B,Ladieswear,1,Lingeries/Tights,9,White,3,Light,Don Vito moulded triangle,560221,Swimwear,Bikini top,298,"Womens Swimwear, beachwear",60
560554002,9,Black,Knitwear,1648,Shorter jumper knitted in a soft wool blend containing glittery threads with a ribbed polo neck and long raglan sleeves with volume at the top. Ribbing at the cuffs and hem.,Knitwear,1003,Glittering/Metallic,1010009,A,Ladieswear,1,Ladieswear,5,Black,4,Dark,Elephant jumper,560554,Garment Upper body,Sweater,252,Womens Trend,18
561066001,73,Dark Blue,Ladies Sport Bottoms,8310,"Ankle-length running tights in fast-drying functional fabric with a concealed drawstring and concealed key pocket in the waist, and legs with ventilating mesh sections and a zip at the hems..",Jersey Fancy,1005,Solid,1010016,S,Sport,26,Sport,2,Blue,4,Dark,JAPP tights,561066,Garment Lower body,Leggings/Tights,273,Ladies H&M Sport,5
561307003,9,Black,Young Girl UW/NW,7932,Boys' briefs in cotton jersey with an elasticated waist and lined crotch.,"Under-, Nightwear",1017,Solid,1010016,I,Baby/Children,4,Children Sizes 134-170,5,Black,4,Dark,Stina 5 pack boxer fancy,561307,Underwear,Underwear bottom,286,Girls Underwear & Basics,79
561542005,73,Dark Blue,Woven Tops,2033,"Tunic in a cotton weave with a collar, button placket, yoke at the back and buttoned cuffs. Detachable tie belt and a rounded hem.",Blouses,1010,Stripe,1010017,A,Ladieswear,1,Ladieswear,2,Blue,5,Bright,Pernilla tunic,561542,Garment Upper body,Shirt,259,Mama,8
561712002,3,Silver,Jewellery,4344,Metal studs in various designs. Size from 0.5 to 1.5 cm.,Accessories,1019,Solid,1010016,C,Ladieswear,1,Ladies Accessories,15,Metal,3,Light,Class Millencolin studpk,561712,Accessories,Earring,70,Womens Small accessories,66
561948005,7,Grey,Loungewear,9989,"Pyjamas. Long-sleeved top in waffled cotton jersey. Bottoms in cotton flannel with an elasticated drawstring waist, side pockets and button fly.","Under-, Nightwear",1017,Mixed solid/pattern,1010012,F,Menswear,3,Menswear,12,Grey,1,Dusty Light,JONES FLANNEL SET,561948,Nightwear,Pyjama set,297,Men Underwear,26
562245025,51,Light Pink,Trouser,1722,"5-pocket jeans in washed, superstretch denim with a regular waist, zip fly and button, and skinny legs.",Trousers,1009,Solid,1010016,A,Ladieswear,1,Ladieswear,4,Pink,1,Dusty Light,Luna skinny 5 pkt,562245,Garment Lower body,Trousers,272,Womens Everyday Collection,15
562252040,72,Blue,Trouser,1722,"Skinny-fit treggings in superstretch twill with an elasticated waist, fake front pockets and real back pockets.",Trousers,1009,Denim,1010023,A,Ladieswear,1,Ladieswear,2,Blue,3,Light,Space 5 pkt tregging,562252,Garment Lower body,Trousers,272,Womens Everyday Collection,15
562418001,9,Black,Everyday Waredrobe Denim,1779,"Jacket in washed denim with sparkly stones. Collar, buttons down the front and at the cuffs, flap chest pockets with a button, welt side pockets and adjustable tab and buttons at the sides.",Trousers Denim,1016,Denim,1010023,A,Ladieswear,1,Ladieswear,5,Black,4,Dark,Star denim jkt,562418,Garment Upper body,Jacket,262,Ladies Denim,57
562677018,9,Black,Kids Boy Jersey Basic,7668,Shorts in sweatshirt fabric with wide elastication and a drawstring at the waist and side pockets. The cotton content of the shorts is organic.,Jersey Basic,1002,Colour blocking,1010005,H,Baby/Children,4,Children Sizes 92-140,5,Black,4,Dark,NILS fancy shorts SB,562677,Garment Lower body,Trousers,272,Boys Underwear & Basics,72
562914011,61,Light Purple,Expressive Lingerie,1338,"Non-wired bra in microfibre and lace with moulded, lightly padded cups that shape the bust and provide support. Narrow adjustable shoulder straps and a hook-and-eye fastening at the back.","Under-, Nightwear",1017,Solid,1010016,B,Ladieswear,1,Lingeries/Tights,4,Pink,3,Light,Tiger padded softbra,562914,Underwear,Bra,306,Womens Lingerie,61
563209001,9,Black,Denim trousers,5672,"5-pocket jeans in hard-washed stretch denim with a regular waist, button fly and slightly wider, tapered legs with raw-edge hems.",Trousers Denim,1016,Denim,1010023,F,Menswear,3,Menswear,5,Black,4,Dark,Relaxed Skinny 5pkt Punk,563209,Garment Lower body,Trousers,272,Denim Men,56
563477024,9,Black,Young Boy Jersey Basic,8768,Joggers in sweatshirt fabric made from a soft cotton blend with an elasticated drawstring waist and side pockets. Legs with contrasting colour stripes down the sides and ribbed hems.,Jersey Basic,1002,Colour blocking,1010005,I,Baby/Children,4,Children Sizes 134-170,5,Black,4,Dark,TP MALCOLM sweatpants BB,563477,Garment Lower body,Trousers,272,Boys Underwear & Basics,72
563665006,9,Black,Jersey,1641,"Short dress in heavily draping jersey with gathers at the shoulders and a gently draped front. Slightly dropped shoulders, long tapered sleeves, and an elasticated seam with a flounce at the waist. Lined.",Jersey Fancy,1005,Solid,1010016,A,Ladieswear,1,Ladieswear,5,Black,4,Dark,Frank dress,563665,Garment Full body,Dress,265,Womens Trend,18
564065001,72,Blue,Baby basics,6515,"Jacket in organic cotton sweatshirt fabric with a lined hood, zip down the front and ribbing at the cuffs and hem. Soft brushed inside.",Jersey Basic,1002,All over pattern,1010001,G,Baby/Children,4,Baby Sizes 50-98,2,Blue,5,Bright,Basic Hood AOP,564065,Garment Upper body,Hoodie,308,Baby Essentials & Complements,44
564309050,8,Dark Grey,Underwear Jersey,7988,"Trunks in stretch cotton jersey with flatlock seams, short legs, an elasticated waist and a lined front.","Under-, Nightwear",1017,Solid,1010016,F,Menswear,3,Menswear,12,Grey,2,Medium Dusty,Anthony 3pk Basic,564309,Underwear,Underwear bottom,286,Men Underwear,26
564312011,83,Dark Turquoise,Underwear Jersey,7988,"Trunks in stretch cotton jersey with flatlock seams, an elasticated waist, lined front and mid-length legs.","Under-, Nightwear",1017,Stripe,1010017,F,Menswear,3,Menswear,19,Green,2,Medium Dusty,Chris 3pk  Fancy,564312,Underwear,Underwear bottom,286,Men Underwear,26
564334001,42,Red,Expressive Lingerie,1338,"Balconette lace bra with underwired, moulded, lightly padded cups that lift and shape. Narrow, adjustable shoulder straps and a fastening at the back with three pairs of hooks and eyes.","Under-, Nightwear",1017,Solid,1010016,B,Ladieswear,1,Lingeries/Tights,18,Red,7,Medium,Cayenne balconette,564334,Underwear,Bra,306,Womens Lingerie,61
564375008,9,Black,Shoes,3629,"Mesh trainers with rubber details, lacing at the front, and a loop front and back. Mesh linings and insoles, and EVA (ethylene-vinyl acetate) and rubber soles.",Shoes,1020,Solid,1010016,F,Menswear,3,Menswear,5,Black,4,Dark,Willow runner,564375,Shoes,Sneakers,94,Men Shoes,27
564714001,71,Light Blue,Kids Girl Jersey Fancy,7616,"Short-sleeved dress in soft slub cotton jersey with a print motif. Short cap sleeves, a braided detachable belt in imitation suede and a rounded hem. Slightly longer at the back. Unlined.",Jersey Fancy,1005,All over pattern,1010001,H,Baby/Children,4,Children Sizes 92-140,2,Blue,1,Dusty Light,Emma dress V5,564714,Garment Full body,Dress,265,Kids Girl,76
564934001,73,Dark Blue,Young Boy Jersey Fancy,8748,"Short-sleeved cotton piqué top with a ribbed collar, button placket, small embroidered detail on the chest and narrow ribbing at the cuffs.",Jersey Fancy,1005,Solid,1010016,I,Baby/Children,4,Children Sizes 134-170,2,Blue,4,Dark,Ben ss polo,564934,Garment Upper body,T-shirt,255,Young Boy,47
565183010,11,Off White,Kids Girl Jersey Fancy,7616,Short-sleeved dress in printed cotton jersey with a seam at the hips and a flounced skirt.,Jersey Fancy,1005,All over pattern,1010001,H,Baby/Children,4,Children Sizes 92-140,9,White,1,Dusty Light,Justin dress,565183,Garment Full body,Dress,265,Kids Girl,76
565202015,11,Off White,Kids Girl Jersey Fancy,7616,"Leggings in soft, stretch cotton jersey with an elasticated waist.",Jersey Fancy,1005,All over pattern,1010001,H,Baby/Children,4,Children Sizes 92-140,9,White,1,Dusty Light,James leggings OL unique,565202,Garment Lower body,Leggings/Tights,273,Kids Girl,76
565338006,51,Light Pink,Casual Lingerie,1334,"Hipster briefs in soft modal jersey with a mid waist, lined gusset, wide sides and medium coverage at the back.","Under-, Nightwear",1017,Solid,1010016,B,Ladieswear,1,Lingeries/Tights,4,Pink,1,Dusty Light,2p Hart Hipster (Poppy),565338,Underwear,Underwear bottom,286,Womens Lingerie,61
565781001,9,Black,Young Girl Outdoor,8812,"Padded jacket with front and back in soft faux fur. Detachable, lined faux fur hood, stand-up collar, zip at the front, side pockets and ribbing at the cuffs and hem. Lined.",Outdoor,1007,Solid,1010016,I,Baby/Children,4,Children Sizes 134-170,5,Black,4,Dark,RIHANNA V5 fur jkt,565781,Garment Upper body,Jacket,262,Kids Outerwear,45
566116001,19,Greenish Khaki,Young Girl Outdoor,8812,"Long viscose twill parka with a detachable, lined hood in sweatshirt fabric. Small, ribbed stand-up collar, zip down the front and a drawstring at the waist. Flap chest pockets, patch front pockets with a flap, ribbed cuffs and an elasticated hem.",Outdoor,1007,Solid,1010016,I,Baby/Children,4,Children Sizes 134-170,20,Khaki green,2,Medium Dusty,VILDE parka viscose,566116,Garment Upper body,Jacket,262,Kids Outerwear,45
566320044,92,Green,Kids Boy Jersey Basic,7668,Long-sleeved top in organic cotton jersey.,Jersey Basic,1002,Solid,1010016,H,Baby/Children,4,Children Sizes 92-140,19,Green,5,Bright,NICHOLAS l/s SB,566320,Garment Upper body,T-shirt,255,Boys Underwear & Basics,72
566549001,9,Black,Young Girl Trouser,8717,"5-pocket skinny-fit trousers in superstretch twill with embroidery, hard-worn details and a zip fly and button. Cut-off, raw-edge hems.",Trousers,1009,Treatment,1010018,I,Baby/Children,4,Children Sizes 134-170,5,Black,4,Dark,Kelly trousers,566549,Garment Lower body,Trousers,272,Young Girl,77
566839003,43,Dark Red,Jersey fancy,1636,Long-sleeved top in jersey crêpe with overlocked edges at the cuffs and hem. Gently rounded at the hem.,Jersey Fancy,1005,Solid,1010016,A,Ladieswear,1,Ladieswear,3,Orange,4,Dark,Rayan,566839,Garment Upper body,Top,254,Womens Everyday Collection,15
567114001,72,Blue,Young Girl Trouser,8717,"5-pocket trousers in stretch twill with a washed look, hard-worn details, a zip fly and button and tapered legs.",Trousers,1009,Treatment,1010018,I,Baby/Children,4,Children Sizes 134-170,2,Blue,2,Medium Dusty,Mom pants,567114,Garment Lower body,Trousers,272,Young Girl,77
567418040,93,Dark Green,Jersey Fancy,5828,Round-necked T-shirt in sturdy cotton piqué.,Jersey Fancy,1005,Melange,1010010,F,Menswear,3,Menswear,19,Green,4,Dark,MAXENCE TEE,567418,Garment Upper body,T-shirt,255,Contemporary Smart,20
567494002,9,Black,Other items,3419,"Metal watch with a narrow, adjustable strap in imitation leather with a metal buckle. Width of strap approx. 1.7 cm, total length 21.5 cm. Diameter of watch 3.2 cm.",Accessories,1019,Solid,1010016,C,Ladieswear,1,Ladies Accessories,5,Black,4,Dark,Classic Marina watch,567494,Accessories,Watch,85,Womens Small accessories,66
567608004,73,Dark Blue,Young Girl Jersey Fancy,8716,"Long-sleeved top in soft, printed jersey with a rounded hem.",Jersey Fancy,1005,Front print,1010008,I,Baby/Children,4,Children Sizes 134-170,2,Blue,4,Dark,Geri l/s top,567608,Garment Upper body,Top,254,Young Girl,77
567691003,19,Greenish Khaki,Kids Boy Outdoor,7852,"Lightly padded bomber jacket in woven fabric with a ribbed stand-up collar and zip down the front. Side pockets with a press-stud, a small zipped sleeve pocket and ribbing at the cuffs and hem. Lined.",Outdoor,1007,Solid,1010016,H,Baby/Children,4,Children Sizes 92-140,20,Khaki green,2,Medium Dusty,SB Todd Bomber Jkt,567691,Garment Upper body,Jacket,262,Kids Outerwear,45
567760004,72,Blue,Baby Shoes,6561,"Soft slippers with elastication around the top, fabric linings and insoles and imitation suede soles.",Shoes,1020,Chambray,1010024,G,Baby/Children,4,Baby Sizes 50-98,2,Blue,1,Dusty Light,Billy softie,567760,Shoes,Slippers,93,Kids & Baby Shoes,42
567874005,12,Light Beige,Functional Lingerie,3710,"Lace bra with underwired, padded cups that shape the bust and provide extra-firm support. Wide, adjustable shoulder straps and a hook-and-eye fastening at the back.","Under-, Nightwear",1017,Solid,1010016,B,Ladieswear,1,Lingeries/Tights,11,Beige,1,Dusty Light,Janet padded BIG,567874,Underwear,Bra,306,Womens Lingerie,61
567993020,8,Dark Grey,Ladies Sport Bras,8316,,Jersey Fancy,1005,Melange,1010010,S,Sport,26,Sport,-1,Unknown,4,Dark,IZZY loose tee,567993,Garment Upper body,T-shirt,255,Ladies H&M Sport,5
568137005,10,White,Jersey Basic,1676,Soft viscose jersey T-shirt in a slightly wider style with a V-neck.,Jersey Basic,1002,Stripe,1010017,A,Ladieswear,1,Ladieswear,9,White,3,Light,Lizzie.,568137,Garment Upper body,T-shirt,255,Womens Everyday Basics,16
568349002,12,Light Beige,Suit jacket,1222,"Double-breasted jacket in a checked weave with slightly wider lapels, a tapered waist with pleats front and back, and flap front pockets. Lined.",Dressed,1008,Check,1010004,A,Ladieswear,1,Ladieswear,9,White,1,Dusty Light,Darling nikki blz,568349,Garment Upper body,Blazer,264,Womens Everyday Collection,15
568570001,43,Dark Red,Swimwear,4242,Fully lined textured bikini top with wide shoulder straps and concealed elastication at the hem.,Swimwear,1018,Solid,1010016,B,Ladieswear,1,Lingeries/Tights,18,Red,4,Dark,Spartacus top,568570,Swimwear,Bikini top,298,"Womens Swimwear, beachwear",60
568601029,51,Light Pink,Suit,1212,"Fitted jacket in woven fabric with notch lapels, jetted front pockets, a decorative button at the cuffs and a single back vent. Lined.",Dressed,1008,Check,1010004,A,Ladieswear,1,Ladieswear,4,Pink,1,Dusty Light,Mariette,568601,Garment Upper body,Blazer,264,Womens Tailoring,11
568787001,72,Blue,Tops Woven,1543,"Long-sleeved shirt in a soft, patterned viscose weave with a collar and buttons down the front.",Blouses,1010,Stripe,1010017,D,Divided,2,Divided,2,Blue,3,Light,RIO CROPPED SHIRT S.7,568787,Garment Upper body,Shirt,259,Divided Collection,53
568840003,71,Light Blue,Dress,1313,"Knee-length, sleeveless one-shoulder dress in a cotton weave with a flounce and elastication at the top and a detachable tie belt at the waist. Unlined.",Dresses Ladies,1013,Solid,1010016,A,Ladieswear,1,Ladieswear,2,Blue,3,Light,Olof one shoulder,568840,Garment Full body,Dress,265,Womens Tailoring,11
568939001,42,Red,Girls Small Acc/Bags,4313,Fabric-covered Alice band with a large bow.,Accessories,1019,Solid,1010016,J,Baby/Children,4,"Children Accessories, Swimwear",18,Red,7,Medium,A-band heart bow,568939,Accessories,Hair/alice band,74,"Kids Accessories, Swimwear & D",43
569206004,10,White,Young Girl UW/NW,7932,"Vest tops in soft, ribbed jersey made from a cotton blend with a gentle V-neck, lace trim at the top and narrow shoulder straps with lace.","Under-, Nightwear",1017,Solid,1010016,I,Baby/Children,4,Children Sizes 134-170,9,White,3,Light,ANNA LACE 2-p tanktop,569206,Garment Upper body,Vest top,253,Girls Underwear & Basics,79
569488002,73,Dark Blue,Denim wardrobe H&M man inactive from S.6,5679,"Short-sleeved shirt in airy, spotted cotton poplin with a turn-down collar, French front, yoke at the back and rounded hem. Slim fit with narrow shoulders and a tapered waist for a fitted silhouette.",Unknown,1001,All over pattern,1010001,F,Menswear,3,Menswear,2,Blue,4,Dark,SS small dot,569488,Garment Upper body,Shirt,259,Men Other 2,30
569903007,11,Off White,Baby Shoes,6561,Espadrilles with a braided jute trim around the sole. Cotton twill linings and insoles and rubber soles.,Shoes,1020,Solid,1010016,G,Baby/Children,4,Baby Sizes 50-98,9,White,1,Dusty Light,Seal espadrille,569903,Shoes,Sandals,91,Kids & Baby Shoes,42
569978021,42,Red,Heavy Basic Jersey,5833,"Trousers in cotton-blend slub jersey with an elasticated drawstring waist, slightly lower crotch, gently tapered legs, side pockets and ribbed hems. Regular fit.",Jersey Basic,1002,Solid,1010016,F,Menswear,3,Menswear,18,Red,7,Medium,TUCK CLASSIC JOGGER,569978,Garment Lower body,Trousers,272,Men Underwear,26
569997011,31,Light Orange,Jersey Basic,5883,Round-necked T-shirt in soft cotton jersey.,Jersey Basic,1002,Stripe,1010017,F,Menswear,3,Menswear,3,Orange,3,Light,R-NECK BASIC FIT FANCY,569997,Garment Upper body,T-shirt,255,Men Underwear,26
570002088,52,Pink,Light Basic Jersey,5832,Round-necked T-shirt in soft jersey.,Jersey Basic,1002,Stripe,1010017,F,Menswear,3,Menswear,4,Pink,1,Dusty Light,R-NECK SS SLIM FIT,570002,Garment Upper body,T-shirt,255,Men Underwear,26
570004011,73,Dark Blue,Light Basic Jersey,5832,Short-sleeved polo shirt in soft jersey with a collar and button placket.,Jersey Basic,1002,Stripe,1010017,F,Menswear,3,Menswear,2,Blue,2,Medium Dusty,PETER POLO,570004,Garment Upper body,Polo shirt,257,Men Underwear,26
570169001,51,Light Pink,Young Girl Shoes,4321,"Padded, waterproof hi-tops in imitation leather with elasticated lacing, an adjustable hook and loop tab and shimmering metallic tongue. Mesh linings and insoles and rubber soles.",Shoes,1020,Solid,1010016,J,Baby/Children,4,"Children Accessories, Swimwear",4,Pink,1,Dusty Light,Shane waterproof BG,570169,Shoes,Sneakers,94,Kids & Baby Shoes,42
570333001,42,Red,Blouse & Dress,1941,"Cropped, off-the-shoulder top in a cotton weave with narrow adjustable shoulder straps, elastication at the top and short sleeves with flounced trims. Flounce at the top and hem and a visible zip at the back.",Blouses,1010,Solid,1010016,A,Ladieswear,1,Ladieswear,18,Red,7,Medium,Physics top,570333,Garment Upper body,Blouse,258,Womens Trend,18
570745001,9,Black,Take Care External,3080,"Jumpsuit in a soft viscose weave with a sheen. Wrapover top, seam at the waist with decorative pleats at the front and a sewn-in tie belt, and long sleeves with a high slit at the cuffs. Concealed zip in one side, side pockets and straight, wide legs with pleats at the top. Lined at the top.",Unknown,1001,Solid,1010016,A,Ladieswear,1,Ladieswear,5,Black,4,Dark,PE Sally jumpsuit,570745,Garment Full body,Jumpsuit/Playsuit,267,Collaborations,97
571188002,73,Dark Blue,Jersey,1919,Short shorts in lightweight sweatshirt fabric with an elasticated drawstring waist.,Jersey Fancy,1005,Solid,1010016,A,Ladieswear,1,Ladieswear,2,Blue,4,Dark,ED Glamping Shorts,571188,Garment Lower body,Shorts,274,H&M+,2
571484005,9,Black,Functional Lingerie,3710,"Bra in microfibre and lace with underwired, padded cups that shape the bust and provide extra-firm support. Wide, adjustable shoulder straps and a hook-and-eye fastening at the back.","Under-, Nightwear",1017,Lace,1010021,B,Ladieswear,1,Lingeries/Tights,5,Black,4,Dark,Rosa padded bra BIG,571484,Underwear,Bra,306,Womens Lingerie,61
571650002,9,Black,Dresses DS,5961,"Low-rise, ankle-length jeans in washed stretch denim with front and back pockets, a zip fly and button, and skinny legs with raw-edge hems.",Dresses Ladies,1013,Treatment,1010018,D,Divided,2,Divided,5,Black,4,Dark,Taylor fancy denim Slim LW,571650,Garment Lower body,Trousers,272,Divided Selected,58
571998001,42,Red,Tops Knitwear,1647,"Jumper in a soft, fine knit with hard-worn details, dropped shoulders and long sleeves with narrow ribbing at the cuffs. Wide neckline with a ribbed trim.",Knitwear,1003,Solid,1010016,D,Divided,2,Divided,18,Red,5,Bright,Iggy Trashed,571998,Garment Upper body,Sweater,252,Divided Collection,53
572261003,10,White,Young Girl Dresses,8713,"Sleeveless blouse in airy viscose with a collar, buttons down the front, chest pocket and tie-front hem.",Dresses/Skirts girls,1014,All over pattern,1010001,I,Baby/Children,4,Children Sizes 134-170,9,White,3,Light,April sleeveless blouse,572261,Garment Upper body,Blouse,258,Young Girl,77
572494001,73,Dark Blue,Knitwear,5884,"Cardigan in a soft knit with a lightly brushed finish. Deep V-neck, buttons down the front and ribbing at the cuffs and hem.",Knitwear,1003,Solid,1010016,F,Menswear,3,Menswear,2,Blue,5,Bright,Lenny Cardigan,572494,Garment Upper body,Cardigan,245,Contemporary Street,55
572797037,42,Red,Jersey,1660,Fitted vest top in soft cotton jersey with lace trims around the neckline and armholes.,Jersey Fancy,1005,Solid,1010016,A,Ladieswear,1,Ladieswear,18,Red,7,Medium,ESSENTIAL TANKTOP LACE,572797,Garment Upper body,Vest top,253,Womens Casual,6
572957001,9,Black,Jersey,1919,Sports tights in fast-drying functional fabric with a high waist and wide waistband to hold in and shape the waist. Sculpting seams at the back that showcase the body’s physique. Key pocket in the waistband.,Jersey Fancy,1005,Solid,1010016,A,Ladieswear,1,Ladieswear,5,Black,4,Dark,HAVANA +,572957,Garment Lower body,Leggings/Tights,273,H&M+,2
573085038,72,Blue,Trouser,1722,"5-pocket jeans in washed stretch denim with a high waist, zip fly and slim legs.",Trousers,1009,Denim,1010023,A,Ladieswear,1,Ladieswear,2,Blue,1,Dusty Light,Madison skinny HW (1),573085,Garment Lower body,Trousers,272,Womens Everyday Collection,15
573237004,50,Other Pink,Equatorial Assortment,3030,Viscose jersey top with a deep neckline at the front and short cap sleeves.,Unknown,1001,Solid,1010016,A,Ladieswear,1,Ladieswear,4,Pink,5,Bright,J Minnie T EQ,573237,Garment Upper body,T-shirt,255,Womens Everyday Collection,15
573410005,10,White,Ladies Sport Bras,8316,"Fully lined sports bra in fast-drying functional fabric with mesh details, a racer back and a wide elasticated hem. Medium support.",Jersey Fancy,1005,Colour blocking,1010005,S,Sport,26,Sport,9,White,3,Light,CHICK sports bra,573410,Underwear,Bra,306,Ladies H&M Sport,5
573605009,93,Dark Green,Young Boy Jersey Basic,8768,Long-sleeved tops in soft jersey with a round neck and long sleeves. The cotton content of the tops is organic.,Jersey Basic,1002,Solid,1010016,I,Baby/Children,4,Children Sizes 134-170,19,Green,7,Medium,TOBIE 3-p LS BB ES,573605,Garment Upper body,Sweater,252,Boys Underwear & Basics,72
573679001,73,Dark Blue,Blazer,5131,"Two-button jacket in a slub-weave linen and wool blend containing some polyester with narrow notch lapels and a decorative buttonhole.  Chest pocket, welt front pockets with a flap and three inner pockets, one with a button. Decorative buttons at the cuffs and a single back vent. Partly lined. Slim fit that tapers at the chest and waist, which combined with slightly narrower sleeves creates a fitted silhouette.",Dressed,1008,Melange,1010010,F,Menswear,3,Menswear,2,Blue,4,Dark,Seven Slim Blz,573679,Garment Upper body,Blazer,264,Men Suits & Tailoring,23
573866001,9,Black,Casual Lingerie,1334,"Thong briefs in microfibre with a low waist, lined gusset, narrow sides and string back.","Under-, Nightwear",1017,Solid,1010016,B,Ladieswear,1,Lingeries/Tights,5,Black,4,Dark,Liza Tanga (Magnolia),573866,Underwear,Underwear bottom,286,Womens Lingerie,61
574109023,51,Light Pink,Tops Knitwear,1647,Fitted top in a fine rib knit with long sleeves and a ribbed neckline.,Knitwear,1003,Stripe,1010017,D,Divided,2,Divided,4,Pink,1,Dusty Light,Rachel LS TVP,574109,Garment Upper body,Sweater,252,Divided Collection,53
574304002,9,Black,Knitwear,1949,"Jumper in a soft, chunky rib knit with dropped shoulders and pattern-knit sleeves. Ribbing around the neckline, cuffs and hem.",Knitwear,1003,Solid,1010016,A,Ladieswear,1,Ladieswear,5,Black,4,Dark,Mars jumper,574304,Garment Upper body,Sweater,252,H&M+,2
574713001,5,Gold,Jewellery,4344,Metal stud earrings. Size 0.5-1 cm.,Accessories,1019,Solid,1010016,C,Ladieswear,1,Ladies Accessories,15,Metal,5,Bright,Cool Hall Kruger stud pack,574713,Accessories,Earring,70,Womens Small accessories,66
575156007,51,Light Pink,Kids Girl Jersey Basic,7920,Long-sleeved tops in soft organic cotton jersey.,Jersey Basic,1002,Stripe,1010017,H,Baby/Children,4,Children Sizes 92-140,4,Pink,3,Light,FREJA 3-PACK,575156,Garment Upper body,T-shirt,255,Girls Underwear & Basics,79
575447008,9,Black,Underwear Jersey,7988,"Trunks in stretch organic cotton jersey with flatlock seams for added comfort, an elasticated waist, lined front and slightly longer legs.","Under-, Nightwear",1017,Solid,1010016,F,Menswear,3,Menswear,5,Black,4,Dark,Chris 7pk Basic,575447,Underwear,Underwear bottom,286,Men Underwear,26
575527003,73,Dark Blue,Kids Boy Jersey Fancy,7648,"Top in soft sweatshirt fabric with a motif on the front, long raglan sleeves and ribbing at the cuffs and hem.",Jersey Fancy,1005,Melange,1010010,H,Baby/Children,4,Children Sizes 92-140,2,Blue,4,Dark,STATE fancy crew,575527,Garment Upper body,Sweater,252,Kids Boy,46
575839010,93,Dark Green,Dress,1322,"Short dress in woven fabric with a round neckline and opening with a button at the back of the neck. Long sleeves with narrow cuffs and ties, a yoke with concealed pleats at the back, and side pockets.",Dresses Ladies,1013,Solid,1010016,A,Ladieswear,1,Ladieswear,19,Green,4,Dark,Milk dress,575839,Garment Full body,Dress,265,Womens Everyday Collection,15
576262003,43,Dark Red,Knitwear,5878,Jumper in a fine-knit modal and cotton blend with a ribbed polo neck and long sleeves.,Knitwear,1003,Solid,1010016,F,Menswear,3,Menswear,18,Red,4,Dark,CASSIM,576262,Garment Upper body,Sweater,252,Contemporary Smart,20
576684001,10,White,Young Boy Jersey Fancy,8748,"Top in soft cotton jersey with ribbing around the neckline and cuffs, slits in the sides and long sleeves with a text print. Slightly longer at the back.",Jersey Fancy,1005,Placement print,1010014,I,Baby/Children,4,Children Sizes 134-170,9,White,3,Light,Silas l/s tee,576684,Garment Upper body,T-shirt,255,Young Boy,47
576871002,10,White,Nightwear,3709,Pyjama top and shorts. T-shirt in cotton jersey with an embroidered motif on the chest. Velour shorts with an elasticated waist and taped trim at the sides and hems.,"Under-, Nightwear",1017,Embroidery,1010007,B,Ladieswear,1,Lingeries/Tights,9,White,3,Light,Mona SL,576871,Nightwear,Pyjama set,297,"Womens Nightwear, Socks & Tigh",62
577178002,9,Black,Trousers & Skirt,1948,"Ankle-length trousers in woven fabric with a regular waist, zip fly and button and low crotch. Side pockets, a fake welt back pocket and gently tapered legs with creases.",Trousers,1009,Solid,1010016,A,Ladieswear,1,Ladieswear,5,Black,4,Dark,Kasami trousers,577178,Garment Lower body,Trousers,272,Womens Trend,18
577327001,71,Light Blue,Blouse,1510,"Long-sleeved blouse in an airy cotton weave with hole embroidery, a deep V-neck and ties with tassels at the ends.",Blouses,1010,Embroidery,1010007,A,Ladieswear,1,Ladieswear,2,Blue,3,Light,Rimbo EMB blouse,577327,Garment Upper body,Blouse,258,Womens Casual,6
577494009,73,Dark Blue,Young Girl UW/NW,7932,Boxer briefs with an elasticated waist and lined gusset.,"Under-, Nightwear",1017,All over pattern,1010001,I,Baby/Children,4,Children Sizes 134-170,2,Blue,4,Dark,Stina 3-pack fancy,577494,Underwear,Underwear bottom,286,Girls Underwear & Basics,79
577675002,31,Light Orange,Blouse,1522,"V-neck top in woven fabric with a slight sheen. Narrow adjustable shoulder straps, concealed zip at the back, tapered waist and pleated flare to the hem. Lined.",Blouses,1010,Solid,1010016,A,Ladieswear,1,Ladieswear,3,Orange,1,Dusty Light,Willa,577675,Garment Upper body,Vest top,253,Womens Everyday Collection,15
578020007,51,Light Pink,Blouse,1510,"Off-the-shoulder top in a cotton weave with elastication and a frill trim at the top. Short slits and ties at the sleeve-ends, and a rounded hem.",Blouses,1010,Check,1010004,A,Ladieswear,1,Ladieswear,4,Pink,3,Light,Pluto OTS,578020,Garment Upper body,Blouse,258,Womens Casual,6
578332001,73,Dark Blue,Baby Boy Knitwear,6546,"Trousers in a soft knit with an elasticated drawstring waist, fake fly with decorative buttons, and ribbed hems.",Knitwear,1003,Other structure,1010026,G,Baby/Children,4,Baby Sizes 50-98,2,Blue,4,Dark,Stanley knitted trouser,578332,Garment Lower body,Trousers,272,Baby Boy,41
578487004,12,Light Beige,Suit,1212,"Straight-cut jacket in woven fabric with notch lapels, concealed front pockets and 3/4-length sleeves with gathers. No buttons. Lined.",Dressed,1008,Other structure,1010026,A,Ladieswear,1,Ladieswear,11,Beige,1,Dusty Light,Burmilla,578487,Garment Upper body,Blazer,264,Womens Tailoring,11
578630020,93,Dark Green,Light Basic Jersey,5832,Round-necked T-shirts in soft jersey.,Jersey Basic,1002,Stripe,1010017,F,Menswear,3,Menswear,20,Khaki green,4,Dark,R-NECK SS SLIM 3 PK,578630,Garment Upper body,T-shirt,255,Men Underwear,26
578893007,7,Grey,Young Boy Jersey Fancy,8748,"Top in sweatshirt fabric with a print motif on the front and ribbing around the neckline, cuffs and hem.",Jersey Fancy,1005,Front print,1010008,I,Baby/Children,4,Children Sizes 134-170,12,Grey,1,Dusty Light,Ocean casual crew,578893,Garment Upper body,Sweater,252,Young Boy,47
579119003,8,Dark Grey,Kids Boy Trouser,7656,5-pocket regular fit trousers in cotton twill with an adjustable elasticated waist and zip fly and press-stud.,Trousers,1009,Solid,1010016,H,Baby/Children,4,Children Sizes 92-140,12,Grey,4,Dark,Billy 2 pack,579119,Garment Lower body,Trousers,272,Kids Boy,46
579302012,51,Light Pink,Expressive Lingerie,1338,"Non-wired push-up bralette in lace with moulded, padded cups for a larger bust and fuller cleavage. Narrow, adjustable shoulder straps, a wide lace trim at the hem and no fasteners.","Under-, Nightwear",1017,Solid,1010016,B,Ladieswear,1,Lingeries/Tights,4,Pink,1,Dusty Light,Clarence Push Wireless Farg,579302,Underwear,Bra,306,Womens Lingerie,61
579468005,22,Yellow,Projects Dresses,1343,Short dress in an airy weave with long raglan sleeves and a decorative drawstring and opening at the top. Elasticated seam at the waist and flounces at the cuffs and hem. Lined.,Dresses Ladies,1013,Solid,1010016,D,Divided,2,Divided,8,Yellow,7,Medium,Rooney dress,579468,Garment Full body,Dress,265,Divided Projects,50
579541095,42,Red,Knitwear,1616,"Cardigan in a soft, fine-knit viscose blend with buttons down the front and ribbing around the neckline, cuffs and hem.",Knitwear,1003,Solid,1010016,A,Ladieswear,1,Ladieswear,18,Red,7,Medium,Calista (1),579541,Garment Upper body,Cardigan,245,Womens Tailoring,11
579847001,9,Black,Projects Woven Bottoms,1743,"Short, pleated skirt in an airy weave with an elasticated waist. Lined.",Trousers,1009,All over pattern,1010001,D,Divided,2,Divided,5,Black,4,Dark,Barton skirt AOP,579847,Garment Lower body,Skirt,275,Divided Projects,50
580085003,8,Dark Grey,Accessories,9985,"Scarf in soft, gently draping cashmere with fringes along the short sides. Size 32x170 cm.",Accessories,1019,Melange,1010010,F,Menswear,3,Menswear,12,Grey,4,Dark,Cashmere Woven Scarf,580085,Accessories,Scarf,80,Men Accessories,25
580469001,9,Black,Premium Quality,3040,Court shoes with pointed toes. Leather linings and insoles and rubber soles. Covered heels 8 cm.,Shoes,1020,Solid,1010016,C,Ladieswear,1,Ladies Accessories,5,Black,4,Dark,OL WASHINGTON PQ pump,580469,Shoes,Pumps,90,Womens Shoes,64
580768001,9,Black,Knitwear Basic,1646,"Cardigan in a soft, loose knit containing some mohair with dropped shoulders, long sleeves and no buttons.",Knitwear,1003,Solid,1010016,A,Ladieswear,1,Ladieswear,5,Black,4,Dark,Lux throw-on,580768,Garment Upper body,Cardigan,245,Womens Everyday Basics,16
581105002,12,Light Beige,Sneakers,3828,Fabric trainers with lacing at the front and soft heels that can be folded down so they can be worn as slip-ons. Fabric linings and insoles and rubber soles.,Shoes,1020,Solid,1010016,C,Ladieswear,1,Ladies Accessories,11,Beige,1,Dusty Light,Emily sneaker,581105,Shoes,Other shoe,89,Womens Shoes,64
581228003,51,Light Pink,Flats,3527,"Sandals with wide, crossover straps, square toes and low heels. Satin linings, imitation leather insoles and rubber soles. Heel 1.5 cm.",Shoes,1020,Solid,1010016,C,Ladieswear,1,Ladies Accessories,4,Pink,1,Dusty Light,Dido crossband,581228,Shoes,Slippers,93,Womens Shoes,64
581543002,73,Dark Blue,Knitwear,1610,"Jumper in a soft, loose knit with low dropped shoulders, long, wide sleeves and ribbing around the neckline, cuffs and hem.",Knitwear,1003,Solid,1010016,A,Ladieswear,1,Ladieswear,2,Blue,4,Dark,Speed Shelby sweater,581543,Garment Upper body,Sweater,252,Womens Casual,6
581877002,31,Light Orange,Scarves,3409,Scarf in woven fabric with a brushed finish and fringes on the short sides. Size 40x211 cm.,Accessories,1019,Check,1010004,C,Ladieswear,1,Ladies Accessories,3,Orange,1,Dusty Light,Willow Scarf,581877,Accessories,Scarf,80,Womens Big accessories,65
582073002,9,Black,Blouse,1515,"Wide, double-layered blouse in a plumeti weave with a stand-up collar and covered buttons down the back. Long flounced sleeves with elasticated cuffs, and a gently rounded hem.",Blouses,1010,Solid,1010016,A,Ladieswear,1,Ladieswear,5,Black,4,Dark,Widow,582073,Garment Upper body,Blouse,258,Womens Tailoring,11
582423001,19,Greenish Khaki,Sneakers small girl inactive from s2,4317,"Mesh trainers with imitation leather details, a lightly padded edge and tongue, lacing at the front and a loop at the back. Mesh linings and insoles and rubber soles.",Shoes,1020,Solid,1010016,J,Baby/Children,4,"Children Accessories, Swimwear",20,Khaki green,2,Medium Dusty,Freja low sneaker SG,582423,Shoes,Sneakers,94,Kids & Baby Shoes,42
582701001,73,Dark Blue,Underwear Woven,7987,"Boxer shorts in a cotton weave with an elasticated waist, long legs and button fly.","Under-, Nightwear",1017,All over pattern,1010001,F,Menswear,3,Menswear,2,Blue,4,Dark,Max palms & checks,582701,Underwear,Underwear bottom,286,Men Underwear,26
583121007,51,Light Pink,Baby Toys/Acc,2950,Double-layered hairbands in soft jersey with a sewn-on bow.,Accessories,1019,All over pattern,1010001,G,Baby/Children,4,Baby Sizes 50-98,4,Pink,1,Dusty Light,Caramel hairband,583121,Accessories,Hair/alice band,74,Baby Essentials & Complements,44
583448002,42,Red,Baby Exclusive,6557,"Baby Exclusive. Long-sleeved top in organic cotton jersey with a press-stud on one shoulder, decorative flatlock seams at the front, twisted seams at the sides and slits at the hem.",Woven/Jersey/Knitted mix Baby,1006,Stripe,1010017,G,Baby/Children,4,Baby Sizes 50-98,18,Red,7,Medium,HESTER blouse,583448,Garment Upper body,Blouse,258,Baby Essentials & Complements,44
583728001,41,Light Red,Jersey,2032,Fitted top in soft jersey with short sleeves and gathers in the sides for best fit over the tummy.,Jersey Fancy,1005,Solid,1010016,A,Ladieswear,1,Ladieswear,18,Red,5,Bright,Active Rush Tee,583728,Garment Upper body,Top,254,Mama,8
583918001,73,Dark Blue,Kids Boy Shoes,4211,"Mesh trainers with imitation leather details, a hook and loop tab at the top, elasticated lacing at the front and a loop at the back. Mesh linings and insoles and rubber soles.",Shoes,1020,Solid,1010016,J,Baby/Children,4,"Children Accessories, Swimwear",2,Blue,4,Dark,Elton mesh low SB,583918,Shoes,Sneakers,94,Kids & Baby Shoes,42
584158001,9,Black,Casual Lingerie,1334,"Soft, non-wired bras in microfibre with a lace racer back. Lightly padded cups that give the bust a natural shape and light support, narrow adjustable shoulder straps and side support. No fasteners.","Under-, Nightwear",1017,Solid,1010016,B,Ladieswear,1,Lingeries/Tights,5,Black,4,Dark,Rae Wireless 2pk (Molly),584158,Underwear,Bra,306,Womens Lingerie,61
584298037,73,Dark Blue,Shirt,5777,"Shirt in organic Oxford cotton with a button-down collar, classic front, open chest pocket and yoke with a hanger at the back. Long sleeves with adjustable buttoning at the cuffs, and a rounded hem. Regular Fit – a classic fit with good room for movement and a gently tapered waist to create a comfortable, tailored silhouette.",Shirts,1011,Solid,1010016,F,Menswear,3,Menswear,2,Blue,4,Dark,OLIVER OXFORD SHIRT,584298,Garment Upper body,Shirt,259,Contemporary Smart,20
584579001,10,White,Expressive Lingerie,1338,"Balconette bra in lace with underwired, lightly padded cups that lift and shape the bust. Narrow adjustable shoulder straps and a hook-and-eye fastening at the back.","Under-, Nightwear",1017,Solid,1010016,B,Ladieswear,1,Lingeries/Tights,9,White,3,Light,Saturn balconettes,584579,Underwear,Bra,306,Womens Lingerie,61
584633003,40,Other Red,Swimwear,4242,"Fully lined shaping swimsuit for a sculpting effect on the tummy, back and seat. Triangular cups with removable inserts and wide straps that tie at the back of the neck. Lined gusset.",Swimwear,1018,All over pattern,1010001,B,Ladieswear,1,Lingeries/Tights,18,Red,5,Bright,Elvissa shape swimsuit BIG,584633,Swimwear,Swimsuit,57,"Womens Swimwear, beachwear",60
584916001,6,Light Grey,Woven,7510,"Trousers in stretch cotton twill with elastication and a concealed drawstring at the waist, zip fly and a concealed hook-and-eye fastener. Side pockets, welt back pockets with a button, a slightly lower crotch and tapered legs with sewn-in creases.",Shirts,1011,Solid,1010016,F,Menswear,3,Menswear,12,Grey,1,Dusty Light,HARVEST trousers,584916,Garment Lower body,Trousers,272,Men Edition,28
585130007,17,Yellowish Brown,Swimwear,4242,Push-up triangle bikini top with frills at the front and padded cups for a larger bust and fuller cleavage. Ties at the back and back of the neck.,Swimwear,1018,Solid,1010016,B,Ladieswear,1,Lingeries/Tights,13,Brown,4,Dark,Hubba Bubba push triangle,585130,Swimwear,Bikini top,298,"Womens Swimwear, beachwear",60
585342006,9,Black,Expressive Lingerie,1338,"Hipster briefs in lace with a high waist, lined gusset, wide sides and cutaway coverage at the back.","Under-, Nightwear",1017,Solid,1010016,B,Ladieswear,1,Lingeries/Tights,5,Black,4,Dark,50 cent high waist bottoms,585342,Underwear,Underwear bottom,286,Womens Lingerie,61
585622001,51,Light Pink,Baby Shoes,6561,Ballet pumps in matt imitation leather with a flower appliqué on the front and a strap with a hook and loop fastener over the foot. Imitation leather linings and insoles and rubber soles.,Shoes,1020,Solid,1010016,G,Baby/Children,4,Baby Sizes 50-98,4,Pink,1,Dusty Light,Louise ballerina,585622,Shoes,Ballerinas,86,Kids & Baby Shoes,42
585861005,9,Black,Shoes / Boots inactive from s5,3630,"Loafers in velour with textile linings, quilted satin insoles and fluted soles.",Shoes,1020,Embroidery,1010007,F,Menswear,3,Menswear,5,Black,4,Dark,Paco loafer,585861,Shoes,Other shoe,89,Men Shoes,27
586219001,71,Light Blue,Trouser,5683,"5-pocket jeans in washed stretch denim with hard-worn details, a regular waist, button fly and skinny legs.",Trousers,1009,Denim,1010023,F,Menswear,3,Menswear,2,Blue,3,Light,Psyloche denim,586219,Garment Lower body,Trousers,272,Contemporary Street,55
586447002,91,Light Green,Tops Woven,1543,"V-neck satin cami top with narrow, adjustable shoulder straps and lace details.",Blouses,1010,Solid,1010016,D,Divided,2,Divided,19,Green,1,Dusty Light,Jolien strap tank,586447,Garment Upper body,Vest top,253,Divided Collection,53
586679001,9,Black,Nursing,2035,Nursing top in lace with narrow adjustable shoulder straps. Soft integral top with a functional fastening for easier nursing access and an elasticated hem. Jersey lining.,Jersey Fancy,1005,Solid,1010016,A,Ladieswear,1,Ladieswear,5,Black,4,Dark,Alva Fancy Lace,586679,Garment Upper body,Vest top,253,Mama,8
586955032,14,Dark Beige,Flats,3527,Ballet pumps in imitation suede with a bow at the front and grosgrain trim around the edge. Satin linings and insoles and thermoplastic rubber (TPR) soles.,Shoes,1020,Solid,1010016,C,Ladieswear,1,Ladies Accessories,13,Brown,2,Medium Dusty,Holly ballerina,586955,Shoes,Ballerinas,86,Womens Shoes,64
587137008,43,Dark Red,Expressive Lingerie,1338,"Body in lace and mesh with narrow, adjustable shoulder straps that cross at the back, cups lined with mesh in a contrasting colour and an elasticated seam under the bust. Lined cups with press-studs.","Under-, Nightwear",1017,Contrast,1010020,B,Ladieswear,1,Lingeries/Tights,18,Red,4,Dark,Lumiere Soft Body,587137,Underwear,Underwear body,283,Womens Lingerie,61
587512001,42,Red,Jewellery,4344,Metal earrings with a plastic rose at the top and three fabric tassels underneath. Length 10 cm.,Accessories,1019,Solid,1010016,C,Ladieswear,1,Ladies Accessories,18,Red,7,Medium,Flirty Chantella earrings,587512,Accessories,Earring,70,Womens Small accessories,66
587832011,7,Grey,Kids Girl Jersey Basic,7920,"Long-sleeved tops in soft cotton jersey with a round neck and rounded, slightly longer back. One top has an all-over print.",Jersey Basic,1002,Stripe,1010017,H,Baby/Children,4,Children Sizes 92-140,12,Grey,1,Dusty Light,FRIDA 2p,587832,Garment Upper body,T-shirt,255,Girls Underwear & Basics,79
588245003,73,Dark Blue,Outwear,1929,"Gently fitted jacket in a textured weave with a concealed hook-and-eye fastening at the front, welt front pockets and sleeves with gathered seams. Lined.",Outdoor,1007,Other structure,1010026,A,Ladieswear,1,Ladieswear,2,Blue,4,Dark,MC Dayzy blazer,588245,Garment Upper body,Jacket,262,H&M+,2
588490002,73,Dark Blue,Baby Exclusive,6557,Fisherman’s hat in cotton with ties (size 0-9M without ties). Lined.,Woven/Jersey/Knitted mix Baby,1006,Solid,1010016,G,Baby/Children,4,Baby Sizes 50-98,2,Blue,2,Medium Dusty,MIKONOS bucket hat,588490,Accessories,Hat/beanie,75,Baby Essentials & Complements,44
588681001,9,Black,Jersey,1919,"Top in soft, stretch jersey with short, pleated, cuffed puff sleeves.",Jersey Fancy,1005,Solid,1010016,A,Ladieswear,1,Ladieswear,5,Black,4,Dark,MC Charlie top,588681,Garment Upper body,Top,254,H&M+,2
589017003,10,White,Functional Lingerie,3710,"Super push-up bra in microfibre with underwired, moulded, thickly padded cups to maximise the bust and create a fuller cleavage. Detachable, adjustable shoulder straps and silicon trim at the back to hold the bra in place. Wide fastening at the back with hooks and eyes.","Under-, Nightwear",1017,Solid,1010016,B,Ladieswear,1,Lingeries/Tights,9,White,3,Light,Stefania straples superpush,589017,Underwear,Bra,306,Womens Lingerie,61
589328001,3,Silver,Small Accessories,3946,Metal hair grips decorated with small metal spiders and faceted stones. Length 5 cm.,Accessories,1019,Application/3D,1010002,D,Divided,2,Divided,15,Metal,3,Light,Halloween Spider Bobby Pins,589328,Accessories,Hair clip,72,Divided Accessories,52
589520005,82,Turquoise,Kids Boy UW/NW,4215,"Boxer shorts in cotton jersey with short legs, an elasticated waist and lined front.","Under-, Nightwear",1017,Solid,1010016,H,Baby/Children,4,Children Sizes 92-140,7,Turquoise,5,Bright,Niko 5-p boxer SB,589520,Underwear,Underwear bottom,286,Boys Underwear & Basics,72
589599002,10,White,Swimwear,4242,"Lined balconette bikini top with underwired, lightly padded cups, draping at the front, detachable, adjustable shoulder straps and an adjustable metal fastener. Side support and a silicone trim.",Swimwear,1018,Stripe,1010017,B,Ladieswear,1,Lingeries/Tights,9,White,3,Light,Shake it in Balconette_,589599,Swimwear,Bikini top,298,"Womens Swimwear, beachwear",60
589783001,60,Other Purple,Swimwear,4242,Fully lined bikini top with frills. Non fasteners.,Swimwear,1018,Solid,1010016,B,Ladieswear,1,Lingeries/Tights,6,Lilac Purple,5,Bright,Ruffle top,589783,Swimwear,Bikini top,298,"Womens Swimwear, beachwear",60
589900001,52,Pink,Jersey fancy,1636,"Oversized top in cotton sweatshirt fabric with sewn-on ribbon embroidery at the front, a ribbed neckline and raw edges at the cuffs and hem.",Jersey Fancy,1005,Solid,1010016,A,Ladieswear,1,Ladieswear,4,Pink,7,Medium,CSP Brooklyn,589900,Garment Upper body,Sweater,252,Womens Everyday Collection,15
590196003,73,Dark Blue,Young Girl Jersey Basic,7930,T-shirt in soft cotton jersey.,Jersey Basic,1002,Solid,1010016,I,Baby/Children,4,Children Sizes 134-170,2,Blue,4,Dark,Hanna tee,590196,Garment Upper body,T-shirt,255,Girls Underwear & Basics,79
590517002,9,Black,Functional Lingerie,3710,"Microfibre shaping bikers with a high waist, lined gusset and legs. Firm sculpting effect on the tummy, seat and thighs. Seamless.","Under-, Nightwear",1017,Solid,1010016,B,Ladieswear,1,Lingeries/Tights,5,Black,4,Dark,Mini Tummy Shorty,590517,Underwear,Underwear bottom,286,Womens Lingerie,61
590928011,73,Dark Blue,Swimwear,4242,"Lined, push-up triangle bikini top with moulded, padded cups for a larger bust and fuller cleavage. Shoulder straps that join and tie at the back.",Swimwear,1018,All over pattern,1010001,B,Ladieswear,1,Lingeries/Tights,2,Blue,4,Dark,New Girl Push Top,590928,Swimwear,Bikini top,298,"Womens Swimwear, beachwear",60
591333003,12,Light Beige,Knitwear Basic,1646,"Short jumper in a soft, rib-knit cotton blend with long raglan sleeves.",Knitwear,1003,Neps,1010027,A,Ladieswear,1,Ladieswear,9,White,1,Dusty Light,Strawberry,591333,Garment Upper body,Sweater,252,Womens Everyday Basics,16
591466030,73,Dark Blue,Jersey Fancy,5828,T-shirt in slub cotton jersey with sewn-in turn-ups at the sleeves. Rounded and slightly longer at the back.,Jersey Fancy,1005,Slub,1010025,F,Menswear,3,Menswear,2,Blue,4,Dark,PRINCE ERIC BASIC TEE,591466,Garment Upper body,T-shirt,255,Contemporary Smart,20
591706001,9,Black,Skirt,1414,Calf-length skirt in a soft jacquard weave with a sheen and a zip in the side. Several flounces on one side and a wide flounce at the hem. Lined.,Skirts,1012,Jacquard,1010022,A,Ladieswear,1,Ladieswear,5,Black,4,Dark,CS Belong,591706,Garment Lower body,Skirt,275,Womens Tailoring,11
592007001,9,Black,Boots,3529,"Imitation suede ankle boots with square toes, a zip in one side and decorative strap with a metal buckle. Satin linings, imitation leather insoles and rubber soles. Covered heels 7 cm.",Shoes,1020,Solid,1010016,C,Ladieswear,1,Ladies Accessories,5,Black,4,Dark,LIMONE,592007,Shoes,Boots,87,Womens Shoes,64
592235001,72,Blue,Kids Girl Denim,7917,"Slim-fit jeans in stretch, supersoft satin with an adjustable elasticated waist, zip fly and sparkly stone press-stud. Fake front pockets, real back pockets and narrow hems.",Trousers Denim,1016,Solid,1010016,H,Baby/Children,4,Children Sizes 92-140,2,Blue,2,Medium Dusty,SKINNY SATEEN 79,592235,Garment Lower body,Trousers,272,Kids Girl,76
592709002,9,Black,Skirt,1422,Short skirt in a textured weave with pile details. Zip in one side. Unlined.,Skirts,1012,Check,1010004,A,Ladieswear,1,Ladieswear,5,Black,4,Dark,CSP W Edel,592709,Garment Lower body,Skirt,275,Womens Everyday Collection,15
592947009,71,Light Blue,Kids Girl Denim,7917,"Leggings in washed superstretch, flexible denim for maximum mobility with hard-worn details with patches on the inside. Elasticated waist, fake front pockets, real back pockets and raw-edge, cut-off hems.",Trousers Denim,1016,Denim,1010023,H,Baby/Children,4,Children Sizes 92-140,2,Blue,1,Dusty Light,LEGGINGS NICKI TRASH 79,592947,Garment Lower body,Trousers,272,Kids Girl,76
593184012,21,Light Yellow,Jersey/Knitwear Premium,1612,"Short-sleeved jumper in soft, fine-knit cashmere with ribbing around the neckline, sleeves and hem.",Knitwear,1003,Solid,1010016,A,Ladieswear,1,Ladieswear,8,Yellow,1,Dusty Light,Cocos (1),593184,Garment Upper body,Sweater,252,Womens Premium,14
593448002,13,Beige,Boots,3529,"Ankle boots in imitation leather with a zip in one side. Fabric linings, imitation leather insoles and rubber soles. Covered block heels 7 cm.",Shoes,1020,Solid,1010016,C,Ladieswear,1,Ladies Accessories,11,Beige,2,Medium Dusty,LIVORNO,593448,Shoes,Boots,87,Womens Shoes,64
593829027,73,Dark Blue,Basics,5868,Straight-cut jersey T-shirt in a relaxed fit with a round neck.,Jersey Basic,1002,Melange,1010010,F,Menswear,3,Menswear,2,Blue,5,Bright,Ronny R-Neck (1),593829,Garment Upper body,T-shirt,255,Men Underwear,26
594177002,51,Light Pink,Baby basics,6515,CONSCIOUS Joggers in soft organic cotton sweatshirt fabric with an elasticated drawstring waist and ribbed hems.,Jersey Basic,1002,Solid,1010016,G,Baby/Children,4,Baby Sizes 50-98,4,Pink,1,Dusty Light,2P SWEATPANTS,594177,Garment Lower body,Trousers,272,Baby Essentials & Complements,44
594387003,40,Other Red,Kids Girl Dresses,7613,Sleeveless blouse in crinkled viscose with an opening and button at the back of the neck and frills at the sides. Lace-trimmed gathered seam at the top and an asymmetric hem.,Dresses/Skirts girls,1014,Solid,1010016,H,Baby/Children,4,Children Sizes 92-140,18,Red,5,Bright,ES Cherrie top,594387,Garment Upper body,Blouse,258,Kids Girl,76
594541046,8,Dark Grey,Young Boy Jersey Basic,8768,"Joggers in sweatshirt fabric made from an organic cotton and recycled polyester blend with a soft brushed inside. Covered elastication and a drawstring at the waist, side pockets and ribbed hems.",Jersey Basic,1002,Solid,1010016,I,Baby/Children,4,Children Sizes 134-170,12,Grey,4,Dark,TP TOMMY sweatpants BB,594541,Garment Lower body,Trousers,272,Boys Underwear & Basics,72
594581012,10,White,Kids Boy Jersey Fancy,7648,T-shirt in soft cotton jersey with a print motif.,Jersey Fancy,1005,Placement print,1010014,H,Baby/Children,4,Children Sizes 92-140,9,White,3,Light,HAPPY PRICE SS TEE,594581,Garment Upper body,T-shirt,255,Kids Boy,46
594785001,5,Gold,Jewellery,4344,Metal rings in various designs.,Accessories,1019,Solid,1010016,C,Ladieswear,1,Ladies Accessories,15,Metal,5,Bright,Flirty Baross ringpack,594785,Accessories,Ring,79,Womens Small accessories,66
594987005,9,Black,Casual Lingerie,1334,"Bikini briefs in organic cotton with lace trims, a low waist, lined gusset, and medium coverage at the back.","Under-, Nightwear",1017,Solid,1010016,B,Ladieswear,1,Lingeries/Tights,5,Black,4,Dark,Fiona Bikini (Clover) 4pk,594987,Underwear,Underwear bottom,286,Womens Lingerie,61
595147001,93,Dark Green,Swimwear,4242,"Bikini top with lightly padded cups that give the bust a natural shape and support, a deep V-neck and wide shoulder straps with laser-cut edges. Elasticated hem and a metal fastener at the back.",Swimwear,1018,Solid,1010016,B,Ladieswear,1,Lingeries/Tights,19,Green,4,Dark,Paris Bikini top BIG,595147,Swimwear,Bikini top,298,"Womens Swimwear, beachwear",60
595436004,63,Dark Purple,Small Accessories,9986,"Sunglasses with transparent plastic frames and UV-protective, tinted lenses.",Accessories,1019,Solid,1010016,F,Menswear,3,Menswear,6,Lilac Purple,5,Bright,Johan Sunglasses,595436,Accessories,Sunglasses,81,Men Accessories,25
595626005,83,Dark Turquoise,Kids Boy Jersey Fancy,7648,"T-shirt in soft, printed organic cotton jersey with sewn-in turn-ups on the sleeves.",Jersey Fancy,1005,Front print,1010008,H,Baby/Children,4,Children Sizes 92-140,19,Green,2,Medium Dusty,ESA SS FANCY TEE,595626,Garment Upper body,T-shirt,255,Kids Boy,46
595812001,73,Dark Blue,Kids Girl Outdoor,7812,"Lightly padded, quilted jacket with a stand-up collar, zip down the front, and chest and front pockets with press-studs. Detachable belt at the waist. Lined.",Outdoor,1007,Solid,1010016,H,Baby/Children,4,Children Sizes 92-140,2,Blue,4,Dark,ES Nina Valentina,595812,Garment Upper body,Jacket,262,Kids Outerwear,45
596206001,10,White,Scarves,3409,"Scarf in a viscose weave with a floral print and raw, frayed edges. Size: 130x200 cm.",Accessories,1019,All over pattern,1010001,C,Ladieswear,1,Ladies Accessories,9,White,3,Light,Zilla Printed Scarf TR,596206,Accessories,Scarf,80,Womens Big accessories,65
596400001,8,Dark Grey,Basics,5868,Long-sleeved top in soft cotton jersey.,Jersey Basic,1002,Melange,1010010,F,Menswear,3,Menswear,12,Grey,4,Dark,R-NECK LS BASIC FIT,596400,Garment Upper body,Top,254,Men Underwear,26
596711001,51,Light Pink,Young Girl Outdoor,8812,"Padded satin bomber jacket with an embroidered motif front and back and a detachable, lined hood in sweatshirt fabric. Small, ribbed stand-up collar, zip down the front, welt side pockets and ribbing at the cuffs and hem.",Outdoor,1007,Solid,1010016,I,Baby/Children,4,Children Sizes 134-170,4,Pink,3,Light,ES Donna,596711,Garment Upper body,Jacket,262,Kids Outerwear,45
596956004,31,Light Orange,Baby Boy Jersey Fancy,6545,T-shirt in cotton jersey with a press-stud on one shoulder.,Jersey Fancy,1005,All over pattern,1010001,G,Baby/Children,4,Baby Sizes 50-98,3,Orange,3,Light,Kalle,596956,Garment Upper body,T-shirt,255,Baby Boy,41
597215005,73,Dark Blue,Local relevance,5641,"STUDIO COLLECTION. Knee-length shorts in patterned twill with a regular waist with pleats at the top. Zip fly with a button, side pockets and welt back pockets with a flap and concealed button.",Unknown,1001,All over pattern,1010001,F,Menswear,3,Menswear,2,Blue,5,Bright,56-Studio atlas shorts,597215,Garment Lower body,Shorts,274,Men Project,24
597513012,31,Light Orange,Young Girl Jersey Fancy,8716,Wide top in soft jersey with a print motif on the front and short dolman sleeves. Rounded and slightly longer at the back.,Jersey Fancy,1005,Front print,1010008,I,Baby/Children,4,Children Sizes 134-170,3,Orange,1,Dusty Light,Milan top,597513,Garment Upper body,T-shirt,255,Young Girl,77
597652001,42,Red,Equatorial Assortment,3030,"Long cardigan in a soft, fine knit with a tie belt and ribbing at the cuffs and hem.",Unknown,1001,Solid,1010016,A,Ladieswear,1,Ladieswear,18,Red,5,Bright,K Snowcap W Belt EQ,597652,Garment Upper body,Sweater,252,Womens Everyday Collection,15
597901001,71,Light Blue,Nursing,2035,"Sleeveless nursing dress in chiffon with an opening and button at the back of the neck, decorative frill trims at the top and a detachable tie belt at the waist. Double layer at the front with deep armholes and a wrapover lining for easier nursing access. Lined.",Jersey Fancy,1005,All over pattern,1010001,A,Ladieswear,1,Ladieswear,2,Blue,3,Light,Spectre Short Dress,597901,Garment Full body,Dress,265,Mama,8
598330001,10,White,Young Boy Jersey Fancy,8748,"Top in soft, printed sweatshirt fabric with ribbing around the neckline, cuffs and hem.",Jersey Fancy,1005,Placement print,1010014,I,Baby/Children,4,Children Sizes 134-170,9,White,3,Light,ES Wilson crew,598330,Garment Upper body,Sweater,252,Young Boy,47
598533006,51,Light Pink,Kids Girl Dresses,7613,Flared skirt in sequined mesh with a satin-covered elastic waistband. Lined.,Dresses/Skirts girls,1014,Sequin,1010015,H,Baby/Children,4,Children Sizes 92-140,4,Pink,1,Dusty Light,Mallan Sequins skirt,598533,Garment Lower body,Skirt,275,Kids Girl,76
598746002,73,Dark Blue,Blouse & Dress,1941,"Dress in an airy patterned weave with a concealed zip at the back, long sleeves, seam at the waist and asymmetric skirt. Unlined.",Blouses,1010,All over pattern,1010001,A,Ladieswear,1,Ladieswear,2,Blue,4,Dark,Catwalk dress,598746,Garment Full body,Dress,265,Womens Trend,18
598805003,92,Green,Tops Fancy Jersey,1640,"Short-sleeved, off-the-shoulder top in jersey with elastication and overlocked edges around the top, sleeves and hem.",Jersey Fancy,1005,Solid,1010016,D,Divided,2,Divided,19,Green,1,Dusty Light,CSP Espresso Tee,598805,Garment Upper body,T-shirt,255,Divided Collection,53
599061001,73,Dark Blue,Kids Boy Big Acc,4212,"Cotton twill fisherman’s hats, one with an all-over print. Lined. Width of brim approx 4.5 cm.",Accessories,1019,All over pattern,1010001,J,Baby/Children,4,"Children Accessories, Swimwear",2,Blue,4,Dark,SB 2-P BUCKET HAT,599061,Accessories,Hat/beanie,75,Kids Outerwear,45
599489003,72,Blue,Denim Trousers,1772,"5-pocket, high-waisted straight jeans in washed denim with hard-worn details and a zip fly and button.",Trousers Denim,1016,Denim,1010023,D,Divided,2,Divided,2,Blue,1,Dusty Light,Straight H.W,599489,Garment Lower body,Trousers,272,Ladies Denim,57
599680001,9,Black,Premium Quality,3040,Suede court shoes with rounded toes and an adjustable foot strap with a metal buckle and concealed elastication. Leather linings and insoles and rubber soles. Covered block heels approx. 11 cm. Supplied in a drawstring fabric bag.,Shoes,1020,Solid,1010016,C,Ladieswear,1,Ladies Accessories,5,Black,4,Dark,OL REGAN PQ Pump,599680,Shoes,Pumps,90,Womens Shoes,64
599719055,71,Light Blue,Shorts & Skirts,1410,"Short shorts in woven fabric with a zip fly and button, side pockets and fake welt back pockets.",Shorts,1025,Other structure,1010026,A,Ladieswear,1,Ladieswear,2,Blue,3,Light,Hudson shorts TVP,599719,Garment Lower body,Shorts,274,Womens Casual,6
599945002,42,Red,Jacket Street,5283,"Popover jacket in woven fabric with a drawstring hood and zip at the top. Large front pocket with a concealed zip, and elastication at the cuffs. Mesh lining.",Outdoor,1007,Solid,1010016,F,Menswear,3,Menswear,18,Red,7,Medium,Simz anorak,599945,Garment Upper body,Jacket,262,Mens Outerwear,31
600229030,10,White,Shirt S&T,8617,"Shirt in an airy weave made from a cotton blend with a turn-down collar and French front. Long sleeves with adjustable buttoning at the cuffs, a yoke at the back and a rounded hem. Slim fit with narrow shoulders and a tapered waist for a fitted silhouette.",Shirts,1011,All over pattern,1010001,F,Menswear,3,Menswear,9,White,3,Light,Cage Slim Easy Iron,600229,Garment Upper body,Shirt,259,Men Suits & Tailoring,23
600663001,63,Dark Purple,Underwear Woven,7987,"Boxer shorts in a cotton weave with an elasticated waist, long legs and button fly.","Under-, Nightwear",1017,Stripe,1010017,F,Menswear,3,Menswear,6,Lilac Purple,4,Dark,Max Geo and Dots,600663,Underwear,Underwear bottom,286,Men Underwear,26
600914002,52,Pink,Kids Girl Trouser,7617,"Trousers in a soft viscose twill weave with an elasticated drawstring waist, side pockets, welt back pockets and a leg pocket. Tapered legs with elasticated hems.",Trousers,1009,Solid,1010016,H,Baby/Children,4,Children Sizes 92-140,4,Pink,3,Light,Holly Utility,600914,Garment Lower body,Trousers,272,Kids Girl,76
601350004,9,Black,Kids Boy Jersey Fancy,7648,,Jersey Fancy,1005,Colour blocking,1010005,H,Baby/Children,4,Children Sizes 92-140,5,Black,4,Dark,ES DRAKE SWEATPANTS,601350,Garment Lower body,Trousers,272,Kids Boy,46
601728013,11,Off White,Shoes,3629,"Trainers in cotton canvas with a padded edge, lacing at the front and a loop at the back. Mesh linings, canvas insoles and rubber soles.",Shoes,1020,Solid,1010016,F,Menswear,3,Menswear,9,White,1,Dusty Light,Tyko,601728,Shoes,Sneakers,94,Men Shoes,27
602136001,73,Dark Blue,Baby Boy Jersey Fancy,6545,"Joggers in soft piqué made from a cotton blend with an elasticated drawstring waist, side pockets and ribbed hems.",Jersey Fancy,1005,Solid,1010016,G,Baby/Children,4,Baby Sizes 50-98,2,Blue,4,Dark,Lelle trouser,602136,Garment Lower body,Trousers,272,Baby Boy,41
602540001,9,Black,Tops Fancy Jersey,1640,"Cropped, straight-cut top in jersey with glittery threads and long sleeves.",Jersey Fancy,1005,All over pattern,1010001,D,Divided,2,Divided,5,Black,4,Dark,Crocodile Fancy LS,602540,Garment Upper body,T-shirt,255,Divided Collection,53
603118006,9,Black,Young Boy Shirt,8757,"Short-sleeved shirt in a patterned cotton weave with a collar, buttons down the front and chest pocket. Yoke with a pleat at the back, and a rounded hem.",Shirts,1011,All over pattern,1010001,I,Baby/Children,4,Children Sizes 134-170,5,Black,4,Dark,Holger short sleeve shirt,603118,Garment Upper body,Shirt,259,Young Boy,47
603584015,9,Black,Shorts,1723,"Short, 5-pocket shorts in washed stretch denim with worn details, a regular waist, zip fly and raw-edge hems.",Shorts,1025,Denim,1010023,A,Ladieswear,1,Ladieswear,5,Black,4,Dark,ED Hotpants (1),603584,Garment Lower body,Shorts,274,Womens Everyday Collection,15
604072001,9,Black,Expressive Lingerie,1338,"Bikini briefs in lace with a low waist with narrow wrapover straps at the top, a lined gusset, narrow sides and cutaway coverage at the back.","Under-, Nightwear",1017,Solid,1010016,B,Ladieswear,1,Lingeries/Tights,5,Black,4,Dark,Jello Bikini High Leg,604072,Underwear,Underwear bottom,286,Womens Lingerie,61
604582001,9,Black,Swimwear,4242,"Fully lined, high-waisted bikini bottoms with a shaping effect to hold in and shape the waist.",Swimwear,1018,Solid,1010016,B,Ladieswear,1,Lingeries/Tights,5,Black,4,Dark,Laguna shape brief BIG 1,604582,Swimwear,Swimwear bottom,59,"Womens Swimwear, beachwear",60
604992002,31,Light Orange,Woven Occasion,1926,Knee-length skirt in an airy patterned weave with fringing. Concealed zip and a slit at the back. Lined.,Dresses Ladies,1013,Other structure,1010026,A,Ladieswear,1,Ladieswear,3,Orange,1,Dusty Light,Cider skirt,604992,Garment Lower body,Skirt,275,Womens Premium,14
605106007,13,Beige,UW,3937,"Thong briefs in cotton jersey with a low waist, lined gusset, narrow sides and string back.","Under-, Nightwear",1017,All over pattern,1010001,D,Divided,2,Divided,11,Beige,2,Medium Dusty,Rose thong,605106,Underwear,Underwear bottom,286,Divided Basics,51
605672010,9,Black,Dresses,1344,"Sleeveless, knee-length dress in a viscose weave with a collar, button placket and wrapover back with an opening at the bottom. Seam at the waist with gathers and elastication at the back, and a gently flared skirt. Unlined.",Dresses Ladies,1013,All over pattern,1010001,D,Divided,2,Divided,5,Black,4,Dark,Bali dress W,605672,Garment Full body,Dress,265,Divided Collection,53
605874001,9,Black,Take Care External,3080,"Dress in an airy viscose and Tencel™ lyocell blend with shaped cups, narrow, adjustable shoulder straps, decorative seams front and back and slits in the sides. Unlined.",Unknown,1001,Solid,1010016,A,Ladieswear,1,Ladieswear,5,Black,4,Dark,PE Ozap Dress,605874,Garment Full body,Dress,265,Collaborations,97
606115004,21,Light Yellow,Jersey,2032,Vest top in patterned organic cotton jersey with gathers in the side seams for a more comfortable fit.,Jersey Fancy,1005,Stripe,1010017,A,Ladieswear,1,Ladieswear,8,Yellow,5,Bright,Moa,606115,Garment Upper body,Vest top,253,Mama,8
606395017,43,Dark Red,Trouser,5656,"Cargo joggers in stretch cotton twill with an elasticated drawstring waist, side pockets and flap back and leg pockets with press-studs. Fake fly, shaping seams at the knees and ribbed hems.",Trousers,1009,Solid,1010016,F,Menswear,3,Menswear,18,Red,4,Dark,Arjen,606395,Garment Lower body,Trousers,272,Contemporary Casual,21
606671001,7,Grey,Young Girl Jersey Fancy,8716,Straight-cut dress in printed cotton jersey with short sleeves.,Jersey Fancy,1005,Front print,1010008,I,Baby/Children,4,Children Sizes 134-170,12,Grey,1,Dusty Light,MADDY PRICE DRESS,606671,Garment Full body,Dress,265,Young Girl,77
606814002,73,Dark Blue,Woven Occasion,1926,"Lace dress with a pleated skirt, short cap sleeves, a seam at the waist and concealed zip in the side. Lined.",Dresses Ladies,1013,Solid,1010016,A,Ladieswear,1,Ladieswear,2,Blue,4,Dark,Vishnu dress (occational),606814,Garment Full body,Dress,265,Womens Premium,14
607153001,93,Dark Green,Skirt,1414,"Knee-length, bell-shaped skirt in a printed weave with a concealed zip at the back and an asymmetric hem. Lined.",Skirts,1012,Stripe,1010017,A,Ladieswear,1,Ladieswear,19,Green,4,Dark,June V5,607153,Garment Lower body,Skirt,275,Womens Tailoring,11
607284006,71,Light Blue,Denim trousers,5672,"5-pocket jeans in washed stretch denim with hard-worn details, a regular waist, button fly and skinny legs.",Trousers Denim,1016,Denim,1010023,F,Menswear,3,Menswear,2,Blue,1,Dusty Light,Skinny 5pkt Trash 1,607284,Garment Lower body,Trousers,272,Denim Men,56
607374003,52,Pink,Casual Lingerie,1334,"Soft, non-wired, push-up bras with moulded, padded triangular cups for a larger bust and fuller cleavage. Adjustable shoulder straps that cross at the back and no fasteners.","Under-, Nightwear",1017,Solid,1010016,B,Ladieswear,1,Lingeries/Tights,4,Pink,2,Medium Dusty,Rae push (Balboa) 2p,607374,Underwear,Bra,306,Womens Lingerie,61
607554001,6,Light Grey,Kids Boy Shoes,4211,Canvas trainers with elasticated lacing at the front and a loop at the back. Canvas linings and insoles and rubber soles.,Shoes,1020,Solid,1010016,J,Baby/Children,4,"Children Accessories, Swimwear",12,Grey,1,Dusty Light,Alex low SB,607554,Shoes,Sneakers,94,Kids & Baby Shoes,42
607705002,82,Turquoise,Projects Woven Tops,1545,"Off-the-shoulder blouse in plumeti chiffon with elastication at the top, long sleeves with elastication and a flounce at the cuffs, and a rounded hem. Jersey lining.",Blouses,1010,Solid,1010016,D,Divided,2,Divided,7,Turquoise,1,Dusty Light,Romance top,607705,Garment Upper body,Blouse,258,Divided Projects,50
607898001,73,Dark Blue,Jersey,1919,"Long-sleeved top in soft sweatshirt fabric with a flock print on the front, ribbing around the neckline and slits at the hem. Soft brushed inside.",Jersey Fancy,1005,Front print,1010008,A,Ladieswear,1,Ladieswear,2,Blue,5,Bright,Mais qui shelltop,607898,Garment Upper body,Top,254,H&M+,2
608061001,9,Black,Kids Boy Big Acc,4212,Cap in patterned twill with an adjustable plastic fastener at the back.,Accessories,1019,Placement print,1010014,J,Baby/Children,4,"Children Accessories, Swimwear",5,Black,4,Dark,SB SBC OWN WORLD CUP,608061,Accessories,Cap/peaked,69,Kids Outerwear,45
608221003,10,White,Woven top,1909,"Straight-cut, boat-neck blouse in an airy viscose weave with elastication and a small frill around the neckline, and wide 3/4-length raglan sleeves with a frill trim.",Blouses,1010,Solid,1010016,A,Ladieswear,1,Ladieswear,9,White,3,Light,ED Papaya blouse,608221,Garment Upper body,Blouse,258,H&M+,2
608585001,7,Grey,Jersey,2032,Top in soft viscose jersey with gathers in the sides for best fit and short sleeves with sewn-in turn-ups.,Jersey Fancy,1005,All over pattern,1010001,A,Ladieswear,1,Ladieswear,12,Grey,1,Dusty Light,Hedda,608585,Garment Upper body,T-shirt,255,Mama,8
608815001,43,Dark Red,Projects Dresses,1343,"Short, fitted dress in velour with an opening and button at the back of the neck and long sleeves. Collar and cuffs in woven fabric embroidered with sparkly stones.",Dresses Ladies,1013,Solid,1010016,D,Divided,2,Divided,18,Red,4,Dark,Sana dress,608815,Garment Full body,Dress,265,Divided Projects,50
608952004,52,Pink,Knitwear,1626,"Jumper in a soft, double-knitted cotton blend with a V-neck, low dropped shoulders and tapered sleeves.",Knitwear,1003,Solid,1010016,A,Ladieswear,1,Ladieswear,4,Pink,5,Bright,Fire,608952,Garment Upper body,Sweater,252,Womens Everyday Collection,15
609146010,72,Blue,Jersey Fancy,5828,Henley shirt in cotton jersey with a button placket and long sleeves with a tab and button.,Jersey Fancy,1005,Melange,1010010,F,Menswear,3,Menswear,2,Blue,3,Light,LARRY LS HENLEY,609146,Garment Upper body,Sweater,252,Contemporary Smart,20
609185011,30,Other Orange,Bottoms Girls,6281,"Short-sleeved top in printed, fast-drying functional fabric.",Unknown,1001,Placement print,1010014,S,Sport,26,Sport,3,Orange,5,Bright,BB Bolt T-shirt,609185,Garment Upper body,T-shirt,255,Kids Sports,49
609474001,8,Dark Grey,Men Sport Bottoms,8394,"Running top in fast-drying, breathable functional fabric with reflective details. The polyester content of the top is partly recycled.",Jersey Fancy,1005,Melange,1010010,S,Sport,26,Sport,-1,Unknown,4,Dark,David tank top,609474,Garment Upper body,Vest top,253,Men H&M Sport,22
609639002,31,Light Orange,Kids Girl Shoes,4311,"Espadrilles with a braided jute trim around the soles, elastic gores in the sides and a loop at the back. Cotton linings and insoles and fluted rubber soles.",Shoes,1020,Glittering/Metallic,1010009,J,Baby/Children,4,"Children Accessories, Swimwear",3,Orange,1,Dusty Light,Francine espadrille SG,609639,Shoes,Ballerinas,86,Kids & Baby Shoes,42
609947001,73,Dark Blue,Outwear & Blazers,1241,"Short kimono jacket in soft, patterned denim with dropped shoulders, long sleeves, side pockets, a detachable tie belt at the waist and no buttons. The width of the sleeves can be adjusted using the press-stud at the cuffs. Unlined.",Dressed,1008,All over pattern,1010001,A,Ladieswear,1,Ladieswear,2,Blue,2,Medium Dusty,Giallo printed denim,609947,Garment Upper body,Jacket,262,Womens Trend,18
610111002,41,Light Red,Kids Girl Jersey Fancy,7616,T-shirt in printed cotton jersey.,Jersey Fancy,1005,Application/3D,1010002,H,Baby/Children,4,Children Sizes 92-140,18,Red,7,Medium,Myrtle fancy top,610111,Garment Upper body,T-shirt,255,Kids Girl,76
610289002,73,Dark Blue,Ladies Sport Bras,8316,Short-sleeved running top in fast-drying functional fabric.,Jersey Fancy,1005,Solid,1010016,S,Sport,26,Sport,2,Blue,4,Dark,MAITAI basic tee,610289,Garment Upper body,T-shirt,255,Ladies H&M Sport,5
610590002,10,White,Swimwear,4242,Fully lined bikini top with mesh and a knot at the front. No fasteners.,Swimwear,1018,Solid,1010016,B,Ladieswear,1,Lingeries/Tights,9,White,3,Light,Beat It Top mesh,610590,Swimwear,Bikini top,298,"Womens Swimwear, beachwear",60
610709001,51,Light Pink,Nightwear,3709,"Satin nightshirt with print stripes, notch lapels, buttons down the front and long, cuffed sleeves. Chest pocket and a rounded hem. Longer at the back.","Under-, Nightwear",1017,Stripe,1010017,B,Ladieswear,1,Lingeries/Tights,4,Pink,1,Dusty Light,Romina Satin N-shirt,610709,Nightwear,Night gown,293,"Womens Nightwear, Socks & Tigh",62
610776039,12,Light Beige,Jersey Basic,1676,T-shirt in lightweight jersey with a rounded hem. Slightly longer at the back.,Jersey Basic,1002,Solid,1010016,A,Ladieswear,1,Ladieswear,11,Beige,1,Dusty Light,Tilly,610776,Garment Upper body,T-shirt,255,Womens Everyday Basics,16
610871001,9,Black,Denim Other Garments,1773,"Short, 5-pocket skirt in washed denim with worn details, decorative sparkly stones around the pockets, a slit at the back and a raw-edge, uneven hem.",Trousers Denim,1016,Denim,1010023,D,Divided,2,Divided,19,Green,4,Dark,Skirt Torn Deco,610871,Garment Lower body,Skirt,275,Ladies Denim,57
611030004,81,Light Turquoise,Ladies Sport Acc,8396,Fine-knit trainer socks in fast-drying functional fabric with a slightly higher shaft at the heel for optimum comfort.,Accessories,1019,Melange,1010010,S,Sport,26,Sport,7,Turquoise,1,Dusty Light,TINDRA sport socks1,611030,Socks & Tights,Socks,302,Ladies H&M Sport,5
611148009,43,Dark Red,Kids Girl Knitwear,7618,"Cardigan in fine-knit cotton with a round neck, long sleeves and buttons down the front. Ribbing at the cuffs and hem and short slits in the sides.",Knitwear,1003,Solid,1010016,H,Baby/Children,4,Children Sizes 92-140,18,Red,4,Dark,Nova,611148,Garment Upper body,Cardigan,245,Kids Girl,76
611389003,9,Black,Ladies Sport Woven,8397,"Short sports shorts in fast-drying, breathable functional fabric with an elasticated drawstring waist, concealed side pockets and mesh side panels.",Unknown,1001,Other structure,1010026,S,Sport,26,Sport,5,Black,4,Dark,VENICE shorts,611389,Garment Lower body,Shorts,274,Ladies H&M Sport,5
611503004,32,Orange,Kids Boy Jersey Basic,7668,T-shirt in soft organic cotton jersey.,Jersey Basic,1002,Solid,1010016,H,Baby/Children,4,Children Sizes 92-140,3,Orange,7,Medium,Nicke Basic s/s,611503,Garment Upper body,T-shirt,255,Boys Underwear & Basics,72
611584007,11,Off White,Projects Jersey & Knitwear,1644,"Short top in soft jersey with narrow shoulder straps, a zip in one side and wide lace trim at the hem.",Jersey Fancy,1005,All over pattern,1010001,D,Divided,2,Divided,9,White,1,Dusty Light,Piper top,611584,Garment Upper body,Vest top,253,Divided Projects,50
611856001,9,Black,Jersey inactive from s1,5957,"Vest top in cotton jersey with a print motif, faceted plastic beads and studs on the front, and a raw-edge hem.",Jersey Fancy,1005,Placement print,1010014,F,Menswear,3,Menswear,5,Black,4,Dark,Lithium Fancy tanktop,611856,Garment Upper body,Vest top,253,Contemporary Street,55
612075006,73,Dark Blue,Jersey fancy,1636,"Trousers in soft viscose jersey with a regular, elasticated waist, low crotch, side pockets and tapered legs.",Jersey Fancy,1005,All over pattern,1010001,A,Ladieswear,1,Ladieswear,2,Blue,4,Dark,Barza trousers,612075,Garment Lower body,Trousers,272,Womens Everyday Collection,15
612295001,71,Light Blue,Shorts,1745,"Short dungaree shorts in washed stretch denim with a chest pocket and adjustable straps. Buttons at the sides, a fake fly, fake front pockets, real back pockets and sewn-in turn-ups at the hems.",Shorts,1025,Solid,1010016,D,Divided,2,Divided,2,Blue,1,Dusty Light,Ozzy Denim Dungaree,612295,Garment Full body,Dungarees,268,Divided Collection,53
612574002,11,Off White,Knitwear,1626,"Wide-fitting jumper in a soft, hole-patterned knit with dropped shoulders, wide sleeves and close-fitting ribbing at the cuffs.",Knitwear,1003,Solid,1010016,A,Ladieswear,1,Ladieswear,9,White,1,Dusty Light,Brother,612574,Garment Upper body,Sweater,252,Womens Everyday Collection,15
612882002,7,Grey,Take Care External,3080,"Non-wired bra in an airy silk blend with lined cups that give the bust a natural shape and provide light support. Narrow, adjustable shoulder straps, an elasticated hem and a narrow hook-and-eye fastening at the back.",Unknown,1001,Solid,1010016,A,Ladieswear,1,Ladieswear,12,Grey,2,Medium Dusty,PE Paris soft bra,612882,Underwear,Bra,306,Collaborations,97
613125001,10,White,Young Girl Dresses,8713,"Blouse in airy chiffon with floral appliqués on the front and a wide, elasticated neckline. Short raglan sleeves and an elasticated hem. Satin lining.",Dresses/Skirts girls,1014,All over pattern,1010001,I,Baby/Children,4,Children Sizes 134-170,9,White,3,Light,Camelia top SPECIAL OCC,613125,Garment Full body,Jumpsuit/Playsuit,267,Young Girl,77
613405001,9,Black,Dress,1322,A-line dress in a viscose weave with a round neck and concealed buttons down the front. Long balloon sleeves with a seam at the top and elasticated cuffs. Unlined.,Dresses Ladies,1013,Solid,1010016,A,Ladieswear,1,Ladieswear,5,Black,4,Dark,Biscotti,613405,Garment Full body,Dress,265,Womens Everyday Collection,15
613521001,42,Red,Outwear,1201,"Rain coat in water-repellent fabric with welded seams, a drawstring hood, press-studs down the front and flap patch pockets with a press-stud. Unlined.",Outdoor,1007,Solid,1010016,A,Ladieswear,1,Ladieswear,18,Red,5,Bright,Houston,613521,Garment Upper body,Jacket,262,Womens Jackets,19
613811001,9,Black,Flats,3527,Ballet pumps with pointed toes and a foot strap with concealed elastication. Imitation leather linings and insoles and rubber soles.,Shoes,1020,Solid,1010016,C,Ladieswear,1,Ladies Accessories,5,Black,4,Dark,OL DAME ballerina,613811,Shoes,Ballerinas,86,Womens Shoes,64
614094001,51,Light Pink,Kids Girl S&T,7921,Fine-knit socks in a soft cotton blend.,Socks and Tights,1021,Solid,1010016,H,Baby/Children,4,Children Sizes 92-140,4,Pink,3,Light,Beata 5-pack socks,614094,Socks & Tights,Socks,302,Girls Underwear & Basics,79
614496002,10,White,Expressive Lingerie,1338,"Lace push-up bra with underwired, moulded, padded cups for a larger bust and fuller cleavage. Narrow, adjustable shoulder straps and a fastening at the back with two pairs of hooks and eyes.","Under-, Nightwear",1017,Solid,1010016,B,Ladieswear,1,Lingeries/Tights,9,White,3,Light,Strawberry Push Melbourne,614496,Underwear,Bra,306,Womens Lingerie,61
614829002,11,Off White,Kids Girl Jersey Fancy,7616,Top in sweatshirt fabric with a reversible sequin motif on the front (normal sequins in sizes 2-3Y) and ribbing at the cuffs and hem. Slightly longer at the back.,Jersey Fancy,1005,Stripe,1010017,H,Baby/Children,4,Children Sizes 92-140,9,White,1,Dusty Light,Polly sweatshirt,614829,Garment Upper body,Sweater,252,Kids Girl,76
615022004,10,White,Jersey fancy,1636,Vest top in soft jersey.,Jersey Fancy,1005,All over pattern,1010001,A,Ladieswear,1,Ladieswear,9,White,3,Light,Sabah tank,615022,Garment Upper body,Vest top,253,Womens Everyday Collection,15
615173002,73,Dark Blue,Woven Premium,1912,"Jumpsuit in mulberry silk with a V-neck, double, narrow shoulder straps and a seam at the waist with pleats and a detachable tie belt. Concealed zip at the back, side pockets and straight, wide legs.",Unknown,1001,Solid,1010016,A,Ladieswear,1,Ladieswear,2,Blue,4,Dark,Turando jumpsuit,615173,Garment Lower body,Trousers,272,Womens Premium,14
615280002,19,Greenish Khaki,Young Girl Trouser,8717,Treggings in soft stretch twill with a brushed finish. Zip fly and button and back pockets.,Trousers,1009,Solid,1010016,I,Baby/Children,4,Children Sizes 134-170,20,Khaki green,2,Medium Dusty,Saturn satin jegging,615280,Garment Lower body,Trousers,272,Young Girl,77
615434002,9,Black,Jersey Fancy DS,5962,"Wide-fitting, V-neck top in ribbed jersey with a large hood and long sleeves.",Jersey Fancy,1005,Solid,1010016,D,Divided,2,Divided,5,Black,4,Dark,Friend Top,615434,Garment Upper body,Sweater,252,Divided Selected,58
615727001,9,Black,Other Accessories,3948,"Imitation leather wallet with a zip around the top, five card slots and a zipped coin compartment. Lined. Size 2x10x11.5 cm.",Accessories,1019,Solid,1010016,D,Divided,2,Divided,5,Black,4,Dark,Michaela wallet small,615727,Accessories,Wallet,84,Divided Accessories,52
615959002,72,Blue,Denim Trousers,1772,"5-pocket ankle-length jeans in washed stretch denim with a high waist, visible button fly and skinny legs.",Trousers Denim,1016,Denim,1010023,D,Divided,2,Divided,2,Blue,3,Light,Skinny H.W Ankle Comet Btn,615959,Garment Lower body,Trousers,272,Ladies Denim,57
616123009,9,Black,Baby Boy Outdoor,6512,"Padded all-in-one suit in wind- and water-repellent functional fabric with a detachable, fleece-lined hood with a faux fur trim. Zip down the front that continues part-way down one leg, a zipped chest pocket and elastication at the back, cuffs and hems. Reinforced at the knees and back, reinforced elastic straps at the hems and reflective details. Fleece lining. The all-in-one suit has a water-repellent coating without fluorocarbons.",Outdoor,1007,Solid,1010016,G,Baby/Children,4,Baby Sizes 50-98,5,Black,4,Dark,TVP Halmstad,616123,Garment Full body,Outdoor overall,271,Baby Boy,41
616242003,42,Red,Tops Fancy Jersey,1640,"Wide jersey top in a soft cotton and modal blend with embroidery and long, wide sleeves.",Jersey Fancy,1005,Stripe,1010017,D,Divided,2,Divided,18,Red,5,Bright,Barolo ls fancy,616242,Garment Upper body,Top,254,Divided Collection,53
616598002,9,Black,Denim trousers,5672,"5-pocket jeans in washed denim with a regular waist, button fly and straight-cut legs that taper gently to the hem.",Trousers Denim,1016,Denim,1010023,F,Menswear,3,Menswear,5,Black,4,Dark,Slim Straight 5pkt Midprice,616598,Garment Lower body,Trousers,272,Denim Men,56
616799001,9,Black,Dress,1322,"Straight-cut dress in a patterned crêpe weave with a drawstring and small frill trim around the neckline and an opening at the top. Wide, raglan sleeves with narrow elastication at the cuffs. Unlined.",Dresses Ladies,1013,Dot,1010006,A,Ladieswear,1,Ladieswear,5,Black,4,Dark,Tiger dress,616799,Garment Full body,Dress,265,Womens Everyday Collection,15
616975005,51,Light Pink,Kids Girl Big Acc,4312,Hat in a soft rib knit containing glittery threads with a decorative bow on the front.,Accessories,1019,Solid,1010016,J,Baby/Children,4,"Children Accessories, Swimwear",4,Pink,1,Dusty Light,AMY beanie LATE,616975,Accessories,Hat/beanie,75,Kids Outerwear,45
617052001,51,Light Pink,Kids Girl Big Acc,4312,"Hat in woven fabric with a sewn-in turn-up at the front, faux fur-lined earflaps, and a strap with a hook and loop fastening under the chin. Quilted satin lining.",Accessories,1019,Solid,1010016,J,Baby/Children,4,"Children Accessories, Swimwear",4,Pink,1,Dusty Light,ANYA ski cap,617052,Accessories,Cap/peaked,69,Kids Outerwear,45
617169002,10,White,Jersey fancy,1636,"Top in viscose jersey with short, flounced sleeves and a straight hem with short slits in the sides.",Jersey Fancy,1005,All over pattern,1010001,A,Ladieswear,1,Ladieswear,9,White,3,Light,Frille,617169,Garment Upper body,Top,254,Womens Everyday Collection,15
617284001,9,Black,Ladies Sport Woven,8397,Short running shorts in fast-drying functional fabric with an elasticated drawstring waist. Lined with short sports shorts.,Unknown,1001,Colour blocking,1010005,S,Sport,26,Sport,5,Black,4,Dark,NORA shorts,617284,Garment Lower body,Shorts,274,Ladies H&M Sport,5
617419001,42,Red,Kids Girl Knitwear,7618,"Jumper in a soft jacquard knit containing some wool with ribbing around the neckline, cuffs and hem.",Knitwear,1003,Jacquard,1010022,H,Baby/Children,4,Children Sizes 92-140,18,Red,7,Medium,Bloom Sweater,617419,Garment Upper body,Sweater,252,Kids Girl,76
617534020,22,Yellow,Jersey,1660,Short-sleeved top in linen jersey with a V-neck.,Jersey Fancy,1005,Solid,1010016,A,Ladieswear,1,Ladieswear,8,Yellow,7,Medium,Essential Lova Linen v neck,617534,Garment Upper body,T-shirt,255,Womens Casual,6
617736001,52,Pink,Divided+,1652,"Cardigan in lightweight sweatshirt fabric with a lined hood, diagonal zip at the front and long sleeves with decorative stitching at the elbows. Side pockets, ribbed cuffs and a raw-edge hem.",Unknown,1001,Solid,1010016,D,Divided,2,Divided,4,Pink,2,Medium Dusty,DIV Nora cardigan,617736,Garment Upper body,Hoodie,308,Divided Projects,50
617835008,73,Dark Blue,Divided+ inactive from s.1,5959,"Long cardigan in a soft, fine loose knit with slits at the hem and no fasteners. The polyester content of the cardigan is recycled.",Unknown,1001,Solid,1010016,A,Ladieswear,1,Ladieswear,2,Blue,4,Dark,DIV Maja cardigan,617835,Garment Upper body,Sweater,252,H&M+,2
618119001,9,Black,Dresses,1344,"Short V-neck dress in airy chiffon with short butterfly sleeves, an elasticated seam at the waist and a lace trim at the hem. Lined.",Dresses Ladies,1013,Solid,1010016,D,Divided,2,Divided,5,Black,4,Dark,Viola chiffon dress W,618119,Garment Full body,Dress,265,Divided Collection,53
618319004,72,Blue,Shirt,5777,"Shirt woven in a stretch cotton blend with a narrow turn-down collar, French front and a yoke and darts at the back. Long sleeves with adjustable buttoning at the cuffs, and a rounded hem. Muscle Fit – a fit designed to showcase the physique. Narrow shoulders and tapered sleeves create a flattering silhouette.",Shirts,1011,Chambray,1010024,F,Menswear,3,Menswear,2,Blue,7,Medium,Mister Muscle LS,618319,Garment Upper body,Shirt,259,Contemporary Smart,20
618398008,7,Grey,Kids Girl Knitwear,7618,"Fine-knit jumper in soft cotton with a motif and ribbing around the neckline, cuffs and hem.",Knitwear,1003,Melange,1010010,H,Baby/Children,4,Children Sizes 92-140,12,Grey,1,Dusty Light,Badger price,618398,Garment Upper body,Sweater,252,Kids Girl,76
618682007,43,Dark Red,Jewellery Extended,4345,Metal earrings with fabric fringes.,Accessories,1019,Solid,1010016,C,Ladieswear,1,Ladies Accessories,18,Red,4,Dark,Flirty Cher Earring,618682,Accessories,Earring,70,Womens Small accessories,66
618840003,6,Light Grey,Baby Girl Knitwear,6526,"Long-sleeved jumper in a soft, fine-knit cotton blend with a roll-edge neckline, sewn on bow at the front, button on one shoulder and ribbing at the cuffs and hem.",Knitwear,1003,Melange,1010010,G,Baby/Children,4,Baby Sizes 50-98,11,Beige,1,Dusty Light,LAVA sweater TVP,618840,Garment Upper body,Sweater,252,Baby Girl,40
619148003,9,Black,Knitwear,1626,"Jumper in a textured knit in soft chenille yarn with dropped shoulders, wide sleeves and ribbing around the neckline, cuffs and hem.",Knitwear,1003,Solid,1010016,A,Ladieswear,1,Ladieswear,5,Black,4,Dark,Mars,619148,Garment Upper body,Sweater,252,Womens Everyday Collection,15
619258002,9,Black,Jersey fancy,1636,"Sleeveless top in soft, patterned viscose jersey with a V-neck, buttons at the front, a yoke at the top and slits in the sides.",Jersey Fancy,1005,All over pattern,1010001,A,Ladieswear,1,Ladieswear,5,Black,4,Dark,Uma followup,619258,Garment Upper body,Vest top,253,Womens Everyday Collection,15
619468001,72,Blue,Outwear,1929,"Jacket in washed denim with embroidery, a collar and buttons down the front. Flap chest pockets with a button, side pockets, buttons at the cuffs, and tabs and buttons at the hem.",Outdoor,1007,Denim,1010023,A,Ladieswear,1,Ladieswear,2,Blue,2,Medium Dusty,&DENIM Jacket Daisy Garden,619468,Garment Upper body,Jacket,262,H&M+,2
619580001,9,Black,Shorts,1723,"Short, high-waisted shorts in a viscose weave with pleats at the top, wide elastication at the back of the waist, and side pockets.",Shorts,1025,Solid,1010016,A,Ladieswear,1,Ladieswear,5,Black,4,Dark,Mandy,619580,Garment Lower body,Shorts,274,Womens Everyday Collection,15
619718001,9,Black,Socks Bin,7188,Jacquard-knit socks in a soft cotton blend with elasticated tops.,Socks and Tights,1021,Dot,1010006,F,Menswear,3,Menswear,5,Black,4,Dark,1 pk Dot in half,619718,Socks & Tights,Socks,302,Men Underwear,26
619764002,71,Light Blue,Kids Girl S&T,7921,Fine-knit socks in a soft cotton blend.,Socks and Tights,1021,Other pattern,1010013,H,Baby/Children,4,Children Sizes 92-140,2,Blue,3,Light,Marie 7-p. ankle sock,619764,Socks & Tights,Socks,302,Girls Underwear & Basics,79
619807002,10,White,Jersey,1666,Fitted top in soft pima cotton jersey with a wrapover boat neck and long sleeves.,Jersey Fancy,1005,Stripe,1010017,A,Ladieswear,1,Ladieswear,9,White,3,Light,Ariel boat neck stripe,619807,Garment Upper body,Top,254,Womens Tailoring,11
619947001,93,Dark Green,Studio Collection,2080,"STUDIO COLLECTION. Sleeveless top in a fine, sturdy knit with a slight sheen. Narrow shoulder straps with D-rings and a seam at the hem with textured-knit sections.",Unknown,1001,Solid,1010016,A,Ladieswear,1,Ladieswear,19,Green,4,Dark,SC OFURO knit tank,619947,Garment Upper body,Vest top,253,Special Collections,82
620139003,17,Yellowish Brown,Sunglasses,8888,"Sunglasses with metal and plastic frames and tinted, UV-protective lenses.",Accessories,1019,Solid,1010016,C,Ladieswear,1,Ladies Accessories,13,Brown,4,Dark,Cool Angie sunglasses,620139,Accessories,Sunglasses,81,Womens Small accessories,66
620197080,71,Light Blue,Kids Girl Jersey Basic,7920,"Dress in soft, organic cotton jersey with flutter sleeves and an elasticated seam at the waist with decorative gathers.",Jersey Basic,1002,All over pattern,1010001,H,Baby/Children,4,Children Sizes 92-140,2,Blue,3,Light,MY,620197,Garment Full body,Dress,265,Girls Underwear & Basics,79
620216034,51,Light Pink,Kids Girl Jersey Basic,7920,Leggings in soft organic cotton jersey with an elasticated waist.,Jersey Basic,1002,Metallic,1010011,H,Baby/Children,4,Children Sizes 92-140,4,Pink,3,Light,MALAGA legging,620216,Garment Lower body,Leggings/Tights,273,Girls Underwear & Basics,79
620320001,71,Light Blue,Socks,3610,Nylon socks with elasticated tops.,Socks and Tights,1021,All over pattern,1010001,B,Ladieswear,1,Lingeries/Tights,2,Blue,1,Dusty Light,Printed Flower Denier 2p,620320,Socks & Tights,Socks,302,"Womens Nightwear, Socks & Tigh",62
620424040,73,Dark Blue,Kids Girl Jersey Basic,7920,Long-sleeved tops in organic cotton jersey.,Jersey Basic,1002,All over pattern,1010001,H,Baby/Children,4,Children Sizes 92-140,2,Blue,4,Dark,FREJA,620424,Garment Upper body,T-shirt,255,Girls Underwear & Basics,79
620510003,19,Greenish Khaki,Skirt,1422,"Short, A-line suede skirt with side pockets and a concealed zip in one side. Lined.",Skirts,1012,Solid,1010016,A,Ladieswear,1,Ladieswear,20,Khaki green,4,Dark,Seal PQ,620510,Garment Lower body,Skirt,275,Womens Everyday Collection,15
620762012,73,Dark Blue,Knitwear,5831,T-shirt in airy linen jersey with a round neckline and straight-cut hem.,Knitwear,1003,Solid,1010016,F,Menswear,3,Menswear,2,Blue,4,Dark,ICE linen tee,620762,Garment Upper body,T-shirt,255,Men Suits & Tailoring,23
620945004,10,White,Swimwear,4242,Fully lined bikini bottoms with a low waist. Ties and decorative metal rings at the sides.,Swimwear,1018,Solid,1010016,B,Ladieswear,1,Lingeries/Tights,9,White,3,Light,Papi Chulo Tie Tanga,620945,Swimwear,Swimwear bottom,59,"Womens Swimwear, beachwear",60
621318001,73,Dark Blue,Take Care External,3080,"Striped trousers in a soft viscose weave with a sheen. Regular waist, concealed zip in the side, side pockets, a welt back pocket and wide, straight legs.",Unknown,1001,Stripe,1010017,A,Ladieswear,1,Ladieswear,2,Blue,4,Dark,PE Lindy Trousers 2,621318,Garment Lower body,Trousers,272,Collaborations,97
621445008,9,Black,Jersey Fancy,5828,"Top in sweatshirt fabric with a print motif in a relaxed fit with long sleeves and ribbing around the neckline, cuffs and hem.",Jersey Fancy,1005,Front print,1010008,F,Menswear,3,Menswear,5,Black,4,Dark,PRICE CLASSIC FIT CREW NECK,621445,Garment Upper body,Sweater,252,Contemporary Smart,20
621523015,21,Light Yellow,Jersey Fancy,5848,"Polo shirt in cotton piqué with a ribbed collar, two buttons at the top, short sleeves with ribbed trims, and short slits in the sides.",Jersey Fancy,1005,Solid,1010016,F,Menswear,3,Menswear,8,Yellow,3,Light,Fav Polo solid,621523,Garment Upper body,Polo shirt,257,Contemporary Casual,21
621750001,7,Grey,Young Boy Jersey Fancy,8748,"Jacket in sweatshirt fabric with a print motif and embroidered appliqué. Jersey-lined hood with a decorative drawstring, a zip down the front, side pockets and ribbing at the cuffs and hem.",Jersey Fancy,1005,Placement print,1010014,I,Baby/Children,4,Children Sizes 134-170,12,Grey,1,Dusty Light,Jonas Claesson zipped hood,621750,Garment Upper body,Hoodie,308,Young Boy,47
621888003,9,Black,Ladies Sport Acc,8396,Mesh sports bag with two handles. Size 15x40x43 cm.,Accessories,1019,Solid,1010016,S,Sport,26,Sport,5,Black,4,Dark,KATJA mesh bag,621888,Accessories,Bag,66,Ladies H&M Sport,5
622041001,51,Light Pink,Blouse,1515,"Wide, straight-cut blouse in a textured cotton and viscose weave with a stand-up collar with a small frill trim. Dropped shoulders, long, wide sleeves with narrow, buttoned cuffs and buttons down the front.",Blouses,1010,Solid,1010016,A,Ladieswear,1,Ladieswear,4,Pink,1,Dusty Light,Prairie,622041,Garment Upper body,Blouse,258,Womens Tailoring,11
622162002,7,Grey,Jersey Basic,1676,"Shorter, straight-cut top in lightweight sweatshirt fabric with a wide neckline and long, wide raglan sleeves.",Jersey Basic,1002,Melange,1010010,A,Ladieswear,1,Ladieswear,12,Grey,2,Medium Dusty,Cannes,622162,Garment Upper body,Sweater,252,Womens Everyday Basics,16
622280001,51,Light Pink,Woven Occasion,1926,"Long, V-neck satin dress with short cap sleeves, a gathered seam at the waist and a straight skirt with a high slit at the front. Lined.",Dresses Ladies,1013,Solid,1010016,A,Ladieswear,1,Ladieswear,4,Pink,1,Dusty Light,Catch The Bouquet,622280,Garment Full body,Dress,265,Womens Premium,14
622560001,11,Off White,Trouser,1722,"High-waisted, ankle-length trousers in soft cotton twill with a detachable tie belt, hook-and-eye fasteners, zip fly, side pockets and straight, wide legs.",Trousers,1009,Stripe,1010017,A,Ladieswear,1,Ladieswear,9,White,1,Dusty Light,Filippa cotton,622560,Garment Lower body,Trousers,272,Womens Everyday Collection,15
622878002,9,Black,Young Boy Jersey Fancy,8748,"Long-sleeved top in soft sweatshirt fabric with a wrapover, jersey-lined hood, print motif and ribbing at the cuffs and hem. Soft brushed inside.",Jersey Fancy,1005,Colour blocking,1010005,I,Baby/Children,4,Children Sizes 134-170,5,Black,4,Dark,Noah hood TP,622878,Garment Upper body,Hoodie,308,Young Boy,47
622961008,9,Black,Boots,3529,"Ankle boots with lacing at the front and fabric linings and insoles. Platform front 2.5 cm, heel 10 cm.",Shoes,1020,Solid,1010016,C,Ladieswear,1,Ladies Accessories,5,Black,4,Dark,BRENDA LACE UP,622961,Shoes,Boots,87,Womens Shoes,64
622981021,8,Dark Grey,Young Boy Trouser,8756,"5-pocket slim-fit trousers in washed stretch twill with an adjustable, elasticated waist, zip fly and button and narrow hems.",Trousers,1009,Solid,1010016,I,Baby/Children,4,Children Sizes 134-170,12,Grey,4,Dark,Malcom 5-pkt TP,622981,Garment Lower body,Trousers,272,Young Boy,47
623275011,73,Dark Blue,Kids Girl Dresses,7613,"Shirt dress in a soft cotton weave with a button placket and a braided, detachable belt in imitation suede with a metal buckle. Long sleeves with buttoned cuffs and a tab and button, and a rounded hem. Longer at the back.",Dresses/Skirts girls,1014,All over pattern,1010001,H,Baby/Children,4,Children Sizes 92-140,2,Blue,4,Dark,CLEO Shirtdress,623275,Garment Full body,Dress,265,Kids Girl,76
623374003,10,White,Kids Girl Shoes,4311,Ballet pumps with an elastic strap over the foot and a loop at the back. Satin linings and thermoplastic rubber (TPR) soles.,Shoes,1020,Glittering/Metallic,1010009,J,Baby/Children,4,"Children Accessories, Swimwear",9,White,3,Light,Hannah fancy ballerina SG,623374,Shoes,Ballerinas,86,Kids & Baby Shoes,42
623571003,10,White,Baby Toys/Acc,2950,"Garter-stitched cotton tube scarf with ribbed edges. Width 24 cm, circumference 44 cm.",Accessories,1019,Solid,1010016,G,Baby/Children,4,Baby Sizes 50-98,9,White,3,Light,Benny scarf,623571,Accessories,Scarf,80,Baby Essentials & Complements,44
623781003,9,Black,Tops Boys,6283,Short-sleeved sports tops in fast-drying functional fabric.,Unknown,1001,All over pattern,1010001,S,Sport,26,Sport,5,Black,4,Dark,SB 2-pack T-shirts,623781,Garment Upper body,T-shirt,255,Kids Sports,49
623879001,50,Other Pink,Girls Small Acc/Bags,4313,"Fabric-covered Alice bands in various designs: one glittery, one with shimmering spots and one with a sewn-on bow.",Accessories,1019,Solid,1010016,J,Baby/Children,4,"Children Accessories, Swimwear",4,Pink,3,Light,A-band Viola 3pk,623879,Accessories,Hair/alice band,74,"Kids Accessories, Swimwear & D",43
623980024,9,Black,Kids Girl Jersey Basic,7920,"Leggings in heavy, organic cotton jersey with glittery details and a soft brushed inside. Skinny fit with an easy pull-on, elasticated waist.",Jersey Basic,1002,Solid,1010016,H,Baby/Children,4,Children Sizes 92-140,5,Black,4,Dark,Nike fancy legging (1),623980,Garment Lower body,Leggings/Tights,273,Girls Underwear & Basics,79
624063003,43,Dark Red,Young Girl Knitwear,8718,"Jumper in a soft, fine-knit viscose blend with a print motif at the top and long sleeves. Longer layer in woven fabric at the hem. Slightly longer at the back.",Knitwear,1003,Front print,1010008,I,Baby/Children,4,Children Sizes 134-170,18,Red,4,Dark,CHLOE,624063,Garment Upper body,Sweater,252,Young Girl,77
624134001,71,Light Blue,Tops Woven,1543,"Sleeveless blouse in airy weave with a collar, buttons down the front and chest pocket. Yoke at the back, and tie-front hem. Longer at the back.",Blouses,1010,Check,1010004,D,Divided,2,Divided,2,Blue,3,Light,BRADSHAW SS SHIRT,624134,Garment Upper body,Shirt,259,Divided Collection,53
624298001,5,Gold,Jewellery,4344,Double metal chain bracelet decorated with three gold-coloured plastic beads of different sizes.,Accessories,1019,Solid,1010016,C,Ladieswear,1,Ladies Accessories,15,Metal,5,Bright,Class Darling bracelet,624298,Accessories,Bracelet,68,Womens Small accessories,66
624445013,11,Off White,Newborn,6564,"Set with a long-sleeved bodysuit, leggings and hat in soft organic cotton jersey. Bodysuit with lapped shoulders and press-studs at the crotch. Leggings with wide foldover ribbing at the waist.",Jersey Fancy,1005,Front print,1010008,G,Baby/Children,4,Baby Sizes 50-98,9,White,1,Dusty Light,DANTE set,624445,Garment Full body,Garment Set,270,Baby Essentials & Complements,44
624535003,7,Grey,Baby basics,6515,"All-in-one suit in soft, patterned jersey made from an organic cotton blend. Press-studs down the front and along one leg, patch front pockets, and ribbing around the neckline, cuffs and hems.",Jersey Basic,1002,All over pattern,1010001,G,Baby/Children,4,Baby Sizes 50-98,12,Grey,1,Dusty Light,S/J overall,624535,Garment Full body,Jumpsuit/Playsuit,267,Baby Essentials & Complements,44
624546005,8,Dark Grey,Baby Shoes,6561,"Ankle boots with a concealed hook and loop fastening at the back, faux fur linings and insoles and EVA (ethylene-vinyl acetate) soles.",Shoes,1020,Solid,1010016,G,Baby/Children,4,Baby Sizes 50-98,12,Grey,4,Dark,Basic Reeze,624546,Shoes,Boots,87,Kids & Baby Shoes,42
624647001,9,Black,Outwear,1929,"Long cardigan in transparent mesh with wide, 3/4-length sleeves, high slits in the sides and no fasteners.",Outdoor,1007,Solid,1010016,A,Ladieswear,1,Ladieswear,5,Black,4,Dark,DIV Hibiscus throw-on,624647,Garment Upper body,Top,254,H&M+,2
624700001,9,Black,Jersey fancy,1636,Jersey top with flounce-trimmed short sleeves.,Jersey Fancy,1005,All over pattern,1010001,A,Ladieswear,1,Ladieswear,5,Black,4,Dark,CSP Ginger,624700,Garment Upper body,Top,254,Womens Everyday Collection,15
624917001,7,Grey,Kids Boy Trouser,7656,"5-pocket joggers in stretch twill with an adjustable elasticated waist, decorative drawstring. zip fly and button and tapered legs with ribbed hems.",Trousers,1009,Solid,1010016,H,Baby/Children,4,Children Sizes 92-140,12,Grey,2,Medium Dusty,Southampton 5-pkt jogger,624917,Garment Lower body,Trousers,272,Kids Boy,46
625034001,11,Off White,Baby Boy Jersey Fancy,6545,"Long-sleeved bodysuit in soft jersey with woven details, a collar and button placket. Chest pocket with a button on the front, buttoned cuffs and press-studs at the crotch.",Jersey Fancy,1005,Stripe,1010017,G,Baby/Children,4,Baby Sizes 50-98,9,White,1,Dusty Light,Gunde Body TVP,625034,Garment Upper body,Bodysuit,256,Baby Boy,41
625131001,33,Dark Orange,Baby Exclusive,6557,"Baby Exclusive. Long-sleeved tops in soft, pointelle-knit organic cotton jersey with a button placket and embroidered scalloped trim around the neckline, cuffs and hem.",Woven/Jersey/Knitted mix Baby,1006,Solid,1010016,G,Baby/Children,4,Baby Sizes 50-98,11,Beige,4,Dark,CHILLY 2p pointelle l/s top,625131,Garment Upper body,T-shirt,255,Baby Essentials & Complements,44
625196005,7,Grey,Kids Boy Outdoor,7852,"Padded jacket in a water-repellent weave with a padded, detachable hood, stand-up collar, zip down the front with a chin guard, and side pockets with a press-stud. Reflective details. Partly lined in fleece. The jacket has a water-repellent coating without fluorocarbons.",Outdoor,1007,All over pattern,1010001,H,Baby/Children,4,Children Sizes 92-140,12,Grey,2,Medium Dusty,SB Samuel water repelle jkt TP,625196,Garment Upper body,Jacket,262,Kids Outerwear,45
625339001,10,White,Knitwear,1648,Rib-knit top in a nylon blend with short sleeves and a wrapover front with a tie at the side.,Knitwear,1003,Solid,1010016,A,Ladieswear,1,Ladieswear,9,White,3,Light,Ava top,625339,Garment Upper body,Sweater,252,Womens Trend,18
625506009,50,Other Pink,Kids Girl Jersey Basic,7920,Joggers in sweatshirt fabric with an elasticated drawstring waist and ribbed hems.,Jersey Basic,1002,Metallic,1010011,H,Baby/Children,4,Children Sizes 92-140,4,Pink,5,Bright,MIA FANCY,625506,Garment Lower body,Trousers,272,Girls Underwear & Basics,79
625642001,51,Light Pink,Kids Girl Shoes,4311,"Canvas hi-tops with a hook and loop fastening and lacing at the front, and a loop at the back. Mesh linings and insoles and rubber soles.",Shoes,1020,Glittering/Metallic,1010009,J,Baby/Children,4,"Children Accessories, Swimwear",4,Pink,1,Dusty Light,Sanna Hightop SG,625642,Shoes,Sneakers,94,Kids & Baby Shoes,42
625702004,73,Dark Blue,Baby Boy Jersey Fancy,6545,Long-sleeved tops in soft cotton jersey with a press-stud on one shoulder.,Jersey Fancy,1005,Front print,1010008,G,Baby/Children,4,Baby Sizes 50-98,2,Blue,4,Dark,Vilde 2p TVP,625702,Garment Upper body,T-shirt,255,Baby Boy,41
625868007,10,White,Kids Girl Jersey Basic,7920,Vest tops in soft organic cotton slub jersey with gathered frills around the armholes.,Jersey Basic,1002,Slub,1010025,H,Baby/Children,4,Children Sizes 92-140,9,White,3,Light,GINA 2-pack,625868,Garment Upper body,Vest top,253,Girls Underwear & Basics,79
625939013,23,Dark Yellow,Basic 1,1643,T-shirt in soft jersey made from a viscose blend.,Jersey Basic,1002,Solid,1010016,D,Divided,2,Divided,8,Yellow,4,Dark,Cat Tee,625939,Garment Upper body,T-shirt,255,Divided Basics,51
626148001,10,White,Casual Lingerie,1334,"Soft, non-wired bandeau bras in cotton jersey and lace. Lined at the front. No fasteners.","Under-, Nightwear",1017,Solid,1010016,B,Ladieswear,1,Lingeries/Tights,9,White,3,Light,Frenchy Bandeau 2p (1),626148,Underwear,Bra,306,Womens Lingerie,61
626263021,9,Black,Young Girl Jersey Fancy,8716,"Treggings in stretch, denim-look jersey with an elasticated waist, fake fly, fake front pockets and real back pockets.",Jersey Fancy,1005,Treatment,1010018,I,Baby/Children,4,Children Sizes 134-170,5,Black,4,Dark,GILDA LEGGINGS,626263,Garment Lower body,Leggings/Tights,273,Young Girl,77
626415003,52,Pink,Young Girl Dresses,8713,"Shirt in soft, checked cotton flannel with a collar, buttons down the front, chest pocket and long sleeves with buttoned cuffs.",Dresses/Skirts girls,1014,Check,1010004,I,Baby/Children,4,Children Sizes 134-170,4,Pink,1,Dusty Light,Lexie Shirt,626415,Garment Upper body,Shirt,259,Young Girl,77
626443014,9,Black,Young Girl Jersey Fancy,8716,Leggings in soft cotton jersey with an elasticated waist and print motif.,Jersey Fancy,1005,Placement print,1010014,I,Baby/Children,4,Children Sizes 134-170,5,Black,4,Dark,WENDY LEGGINGS,626443,Garment Lower body,Leggings/Tights,273,Young Girl,77
626545003,10,White,Blouse,1515,"Round-necked blouse in a softly draping weave with concealed fasteners at the front, a yoke with a pleat at the back and long sleeves with a slit and button at the cuffs.",Blouses,1010,All over pattern,1010001,A,Ladieswear,1,Ladieswear,9,White,3,Light,Tyra,626545,Garment Upper body,Shirt,259,Womens Tailoring,11
626615006,8,Dark Grey,Young Girl Jersey Fancy,8716,Long-sleeved top in jersey with a print motif. Rounded and slightly longer at the back.,Jersey Fancy,1005,Front print,1010008,I,Baby/Children,4,Children Sizes 134-170,12,Grey,4,Dark,MIA L/S top,626615,Garment Upper body,Top,254,Young Girl,77
626704005,23,Dark Yellow,Kids Boy Trouser,7656,Pull-on trousers in a cotton weave with an elasticated drawstring waist and side pockets. Tapered legs with seams at the knees and elasticated hems.,Trousers,1009,Solid,1010016,H,Baby/Children,4,Children Sizes 92-140,13,Brown,2,Medium Dusty,Niclas low price jogger,626704,Garment Lower body,Trousers,272,Kids Boy,46
626894001,91,Light Green,Woven top,1909,"Sleeveless, fitted dress in sturdy, patterned satin with a concealed zip at the back, seam at the waist and flared skirt. Lined.",Blouses,1010,All over pattern,1010001,A,Ladieswear,1,Ladieswear,12,Grey,1,Dusty Light,BYN Etsu dress,626894,Garment Full body,Dress,265,H&M+,2
627093002,10,White,Young Girl Jersey Fancy,8716,"Vest tops in soft, patterned cotton jersey with a rounded hem.",Jersey Fancy,1005,Front print,1010008,I,Baby/Children,4,Children Sizes 134-170,9,White,3,Light,2P POLLY STRAP TOP,627093,Garment Upper body,Vest top,253,Young Girl,77
627214002,73,Dark Blue,Young Girl Knitwear,8718,"Cable-knit jumper in lightweight cotton with ribbing around the neckline, cuffs and hem.",Knitwear,1003,Stripe,1010017,I,Baby/Children,4,Children Sizes 134-170,2,Blue,4,Dark,NICOLE SWEATER,627214,Garment Upper body,Sweater,252,Young Girl,77
627472001,13,Beige,Tops Knitwear DS,5963,"Cardigan in a soft, fine, airy knit with dropped shoulders, 3/4-length kimono sleeves and a detachable tie belt at the waist. No buttons.",Knitwear,1003,Solid,1010016,D,Divided,2,Divided,1,Mole,2,Medium Dusty,Kimono or Capri light knit,627472,Garment Upper body,Cardigan,245,Divided Selected,58
627667001,72,Blue,Outdoor/Blazers,1244,"Outdoor jacket in a rustle weave with a mesh-lined, drawstring hood. Zip down the front, elasticated cuffs and an elastic drawstring at the hem. Partly lined in mesh.",Outdoor,1007,Colour blocking,1010005,D,Divided,2,Divided,2,Blue,3,Light,SPEED Snake anorak,627667,Garment Upper body,Jacket,262,Divided Collection,53
628331009,10,White,Young Girl Jersey Basic,7930,T-shirts in soft jersey. The cotton content of the T-shirts is organic.,Jersey Basic,1002,Placement print,1010014,I,Baby/Children,4,Children Sizes 134-170,9,White,3,Light,HARLEY 2 p,628331,Garment Upper body,T-shirt,255,Girls Underwear & Basics,79
628499001,72,Blue,Kids Boy Knitwear,7658,"Jumper in a soft, fine knit with long sleeves and ribbing around the neckline, cuffs and hem.",Knitwear,1003,Stripe,1010017,H,Baby/Children,4,Children Sizes 92-140,2,Blue,7,Medium,TP Paddington Sweater,628499,Garment Upper body,Sweater,252,Kids Boy,46
628642004,8,Dark Grey,Trouser S&T,8616,"Suit trousers in a linen weave with an extended waistband and concealed hook-and-eye fastening. Side pockets, jetted back pockets and legs with creases. Slim fit that is close-fitting at the thighs, knees and ankles to create a fitted silhouette.",Trousers,1009,Melange,1010010,F,Menswear,3,Menswear,12,Grey,4,Dark,Blake Slim fit trs,628642,Garment Lower body,Trousers,272,Men Suits & Tailoring,23
628813010,41,Light Red,Expressive Lingerie,1338,"Hipster briefs in lace and microfibre with a mid waist, lined gusset, wide sides and cutaway coverage at the back.","Under-, Nightwear",1017,Lace,1010021,B,Ladieswear,1,Lingeries/Tights,18,Red,7,Medium,Clarence hipster (1),628813,Underwear,Underwear bottom,286,Womens Lingerie,61
628979002,73,Dark Blue,Jersey/Knitwear Premium,1612,"Long-sleeved jumper in soft, fine-knit cashmere with ribbing around the neckline, cuffs and hem, and slits in the sides.",Knitwear,1003,Solid,1010016,A,Ladieswear,1,Ladieswear,2,Blue,4,Dark,Neo jumper,628979,Garment Upper body,Sweater,252,Womens Premium,14
629305003,9,Black,Trouser,1722,"Ankle-length trousers in a sturdy weave with a slight sheen. Regular waist, concealed zip in one side, fake welt back pockets and gently flared legs with creases.",Trousers,1009,Solid,1010016,A,Ladieswear,1,Ladieswear,5,Black,4,Dark,Dali kickflare,629305,Garment Lower body,Trousers,272,Womens Everyday Collection,15
629485003,51,Light Pink,Kids Girl Jersey Fancy,7616,Long-sleeved dresses in printed cotton jersey with a seam at the hips and flounced skirt.,Jersey Fancy,1005,All over pattern,1010001,H,Baby/Children,4,Children Sizes 92-140,4,Pink,3,Light,Danisha 2PACK,629485,Garment Full body,Dress,265,Kids Girl,76
629758005,71,Light Blue,Swimwear,4242,"Fully lined bikini bottoms with a low waist, ties at the sides, overlocked frilled edges and a gathered seam at the back.",Swimwear,1018,Stripe,1010017,B,Ladieswear,1,Lingeries/Tights,2,Blue,3,Light,Granny Tie Tanga,629758,Swimwear,Swimwear bottom,59,"Womens Swimwear, beachwear",60
629925001,73,Dark Blue,Woven Occasion,1926,Playsuit in a crêpe weave with an opening at the front and short flounced sleeves. V-neck at the back with a flounce at the top and a concealed zip. Seam at the waist and wide legs.,Dresses Ladies,1013,Solid,1010016,A,Ladieswear,1,Ladieswear,2,Blue,4,Dark,Got me good playsuit,629925,Garment Full body,Jumpsuit/Playsuit,267,Womens Premium,14
630094001,51,Light Pink,Kids Girl Jersey Basic,7920,Short top in soft sweatshirt fabric with long sleeves and ribbing around the neckline and cuffs.,Jersey Basic,1002,Solid,1010016,H,Baby/Children,4,Children Sizes 92-140,4,Pink,3,Light,ES Noora,630094,Garment Upper body,Sweater,252,Girls Underwear & Basics,79
630313006,12,Light Beige,Jersey Basic,1676,"Short, straight-cut dress in slub jersey made from a modal and cotton blend with a gentle V-neck and narrow shoulder straps with decorative tie details at the top.",Jersey Basic,1002,Stripe,1010017,A,Ladieswear,1,Ladieswear,11,Beige,1,Dusty Light,Jetplane (1),630313,Garment Upper body,T-shirt,255,Womens Everyday Basics,16
630326002,11,Off White,Jersey Basic,1676,Soft cotton jersey T-shirt in a slightly wider fit with sewn-in turn-ups on the sleeves and a straight-cut hem.,Jersey Basic,1002,Stripe,1010017,A,Ladieswear,1,Ladieswear,9,White,1,Dusty Light,Nate tee,630326,Garment Upper body,T-shirt,255,Womens Everyday Basics,16
630542002,9,Black,Young Boy Shirt,8757,Classic jacket in woven fabric with a chest pocket and flap front pockets. Decorative buttons at the cuffs and a single back vent. Lined.,Shirts,1011,Solid,1010016,I,Baby/Children,4,Children Sizes 134-170,5,Black,4,Dark,Chelsea wd blazer TP,630542,Garment Upper body,Blazer,264,Young Boy,47
630777001,32,Orange,Jersey Fancy,5882,Straight-style T-shirt in soft cotton jersey with ribbing around the neckline.,Jersey Fancy,1005,Embroidery,1010007,F,Menswear,3,Menswear,3,Orange,7,Medium,Relaxed Tee,630777,Garment Upper body,T-shirt,255,Contemporary Street,55
630902001,8,Dark Grey,Kids Boy Big Acc,4212,"Gloves in a soft, fine knit with ribbed cuffs. Fleece lining.",Accessories,1019,Solid,1010016,J,Baby/Children,4,"Children Accessories, Swimwear",12,Grey,2,Medium Dusty,GLOVE KNIT MALTE,630902,Accessories,Gloves,71,Kids Outerwear,45
631212015,10,White,Kids Boy Jersey Basic,7668,Vest top in soft organic cotton jersey.,Jersey Basic,1002,All over pattern,1010001,H,Baby/Children,4,Children Sizes 92-140,9,White,3,Light,NOEL price tank SB,631212,Garment Upper body,Vest top,253,Boys Underwear & Basics,72
631458004,10,White,Kids Girl Dresses,7613,"Blouse in an airy cotton weave with short cap sleeves and an opening with a button at the back of the neck. Pin-tucks at the top, and a flounce around the neckline.",Dresses/Skirts girls,1014,Solid,1010016,H,Baby/Children,4,Children Sizes 92-140,9,White,3,Light,Ollie Blouse,631458,Garment Upper body,Blouse,258,Kids Girl,76
631591001,72,Blue,Trousers,1747,"Ankle-length, 5-pocket jeans in washed denim with a high waist, zip fly and button and kick-flare legs.",Trousers,1009,Denim,1010023,D,Divided,2,Divided,2,Blue,1,Dusty Light,Kick Flare Ankle HW,631591,Garment Lower body,Trousers,272,Divided Collection,53
631751003,19,Greenish Khaki,Kids Girl Dresses,7613,"A-line blouse in an airy, patterned weave with buttons at the top of the back. Gathered yoke with a lace trim at the front and short, lace-trimmed butterfly sleeves. Slightly longer at the back.",Dresses/Skirts girls,1014,All over pattern,1010001,H,Baby/Children,4,Children Sizes 92-140,20,Khaki green,1,Dusty Light,Lillemor Blouse,631751,Garment Upper body,Blouse,258,Kids Girl,76
631837003,51,Light Pink,Tops Fancy Jersey,1640,"Wide top in lightweight sweatshirt fabric with a lined drawstring hood and kangaroo pocket. Low dropped shoulders, long sleeves, and ribbing at the cuffs and hem.",Jersey Fancy,1005,Solid,1010016,D,Divided,2,Divided,4,Pink,1,Dusty Light,Eclipse price hood,631837,Garment Upper body,Sweater,252,Divided Collection,53
631997005,51,Light Pink,Kids Girl Jersey Fancy,7616,3/4-length leggings in soft cotton jersey with an elasticated waist.,Jersey Fancy,1005,Placement print,1010014,H,Baby/Children,4,Children Sizes 92-140,4,Pink,1,Dusty Light,Jane 3/4 legg 2PACK,631997,Garment Lower body,Leggings/Tights,273,Kids Girl,76
632193004,19,Greenish Khaki,Kids Boy Trouser,7656,"Jersey-lined cargo trousers in a cotton weave with an adjustable, elasticated waist and zip fly with a press-stud. Front pockets, a fake back pocket with a flap and flap leg pockets.",Trousers,1009,Solid,1010016,H,Baby/Children,4,Children Sizes 92-140,20,Khaki green,4,Dark,Kane lined cargo,632193,Garment Lower body,Trousers,272,Kids Boy,46
632393001,72,Blue,Trouser,1710,"5-pocket washed denim jeans in a slightly looser fit with embroidered details, a regular waist, slightly lower crotch, and zip fly and button. Tapered legs with raw-edge hems.",Trousers,1009,Denim,1010023,A,Ladieswear,1,Ladieswear,2,Blue,2,Medium Dusty,Xzibit girlfriend flower,632393,Garment Lower body,Trousers,272,Womens Casual,6
632618002,73,Dark Blue,Young Boy Big Acc,4222,"Double-layered hat in a soft, fine knit with an appliqué on the turned-up hem.",Accessories,1019,Solid,1010016,J,Baby/Children,4,"Children Accessories, Swimwear",2,Blue,4,Dark,BEANIE KNIT CITY LATE,632618,Accessories,Hat/beanie,75,Kids Outerwear,45
632803026,42,Red,Knitwear,5858,"Jumper in fine-knit slub cotton with long raglan sleeves and ribbing around the neckline, cuffs and hem.",Knitwear,1003,Melange,1010010,F,Menswear,3,Menswear,18,Red,7,Medium,Ripley r-neck,632803,Garment Upper body,Sweater,252,Contemporary Casual,21
633025001,13,Beige,Bags,3209,"Large nylon shopper with handles in imitation leather with decorative metal studs, a zip at the top and one inner compartment. Lined. Size 19.5x33x36 cm.",Accessories,1019,Solid,1010016,C,Ladieswear,1,Ladies Accessories,1,Mole,1,Dusty Light,Celeste shopper,633025,Accessories,Bag,66,Womens Big accessories,65
633136021,22,Yellow,Tops Fancy Jersey,1640,"Short top in printed sweatshirt fabric with a jersey-lined drawstring hood, dropped shoulders, long sleeves and ribbing at the cuffs and hem.",Jersey Fancy,1005,Colour blocking,1010005,D,Divided,2,Divided,8,Yellow,7,Medium,Herbal hood TOP PRODUCT,633136,Garment Upper body,Hoodie,308,Divided Collection,53
633174001,9,Black,Young Boy Big Acc,4222,"Double-layered hat in soft, printed jersey.",Accessories,1019,All over pattern,1010001,J,Baby/Children,4,"Children Accessories, Swimwear",5,Black,4,Dark,BEANIE JERSEY OWN LATE,633174,Accessories,Hat/beanie,75,Kids Outerwear,45
633262001,51,Light Pink,Scarves,3409,Scarf in woven fabric with fringe trims. Size 100x200 cm.,Accessories,1019,All over pattern,1010001,C,Ladieswear,1,Ladies Accessories,4,Pink,1,Dusty Light,Mina Scarf,633262,Accessories,Scarf,80,Womens Big accessories,65
633450001,73,Dark Blue,Denim trousers,5672,"5-pocket jeans in washed denim with a regular waist, button fly and slim, straight legs.",Trousers Denim,1016,Denim,1010023,F,Menswear,3,Menswear,2,Blue,2,Medium Dusty,Slim Straight 5pkt Midway 1,633450,Garment Lower body,Trousers,272,Denim Men,56
633612001,5,Gold,Girls Small Acc/Bags,4313,Metal hair clips with glittery felt appliqués. Length 3.5 cm.,Accessories,1019,Solid,1010016,J,Baby/Children,4,"Children Accessories, Swimwear",15,Metal,5,Bright,H-clip 2 pk fruits,633612,Accessories,Hair clip,72,"Kids Accessories, Swimwear & D",43
633785003,7,Grey,Baby basics,6515,CONSCIOUS Joggers in organic cotton sweatshirt fabric with an elasticated drawstring waist and ribbed hems.,Jersey Basic,1002,All over pattern,1010001,G,Baby/Children,4,Baby Sizes 50-98,12,Grey,1,Dusty Light,Basic Cool Pants TVP,633785,Garment Lower body,Trousers,272,Baby Essentials & Complements,44
633840001,71,Light Blue,Dress,1322,"Short, straight-cut dress in a slub-weave modal blend with a small, frilled collar, opening with narrow ties at the top and short sleeves. Unlined.",Dresses Ladies,1013,Stripe,1010017,A,Ladieswear,1,Ladieswear,2,Blue,3,Light,CS Forest,633840,Garment Full body,Dress,265,Womens Everyday Collection,15
633930001,53,Dark Pink,Ladies Sport Acc,8396,"Narrow waist bag designed for running with a small but stretchy zipped compartment, an adjustable elastic strap with a plastic fastener, and reflective details. Compartment dimensions when empty 5x19.5 cm, when stretched approx. 9x19.5 cm.",Accessories,1019,Solid,1010016,S,Sport,26,Sport,4,Pink,4,Dark,BOO phone bag,633930,Accessories,Bag,66,Ladies H&M Sport,5
634011001,42,Red,Young Girl Shoes,4321,Imitation leather sandals with fabric appliqués at the front and an adjustable ankle strap with a hook and loop fastening. Imitation leather insoles and rubber soles.,Shoes,1020,Solid,1010016,J,Baby/Children,4,"Children Accessories, Swimwear",18,Red,5,Bright,Nancy fluff sandal BG,634011,Shoes,Sandals,91,Kids & Baby Shoes,42
634029005,10,White,Baby basics,6515,Sleeveless bodysuits in soft cotton jersey with narrow shoulder straps and press-studs at the crotch.,Jersey Basic,1002,All over pattern,1010001,G,Baby/Children,4,Baby Sizes 50-98,9,White,3,Light,3P fancy tanktop body,634029,Garment Upper body,Vest top,253,Baby Essentials & Complements,44
634231002,43,Dark Red,Knitwear,5884,"Top in soft pile with a drawstring hood with a wrapover front, and ribbing at the cuffs and hem.",Knitwear,1003,Solid,1010016,F,Menswear,3,Menswear,18,Red,4,Dark,PILE HOOD,634231,Garment Upper body,Sweater,252,Contemporary Street,55
634540002,73,Dark Blue,Kids Boy Big Acc,4212,Set with a hat and scarf in a soft knit.,Accessories,1019,Solid,1010016,J,Baby/Children,4,"Children Accessories, Swimwear",2,Blue,4,Dark,KNITTED SET 2-PCS,634540,Garment Full body,Garment Set,270,Kids Outerwear,45
634737007,93,Dark Green,Jersey,1641,Pleated skirt in jersey with a sheen. Elasticated waist and sewn-in wrapover at the front. Unlined.,Jersey Fancy,1005,Colour blocking,1010005,A,Ladieswear,1,Ladieswear,19,Green,7,Medium,Pandora skirt,634737,Garment Lower body,Skirt,275,Womens Trend,18
634972001,9,Black,Baby Exclusive,6557,Baby Exclusive. T-shirt in soft slub jersey made from patterned organic cotton. Press-stud on one shoulder and short sleeves with sewn-in turn-ups.,Woven/Jersey/Knitted mix Baby,1006,Treatment,1010018,G,Baby/Children,4,Baby Sizes 50-98,5,Black,4,Dark,SPLASH t-shirt,634972,Garment Upper body,T-shirt,255,Baby Essentials & Complements,44
635144012,92,Green,Baby basics,6515,Shorts in soft organic cotton jersey with an elasticated drawstring waist.,Jersey Basic,1002,Stripe,1010017,G,Baby/Children,4,Baby Sizes 50-98,19,Green,1,Dusty Light,Basic shorts,635144,Garment Lower body,Shorts,274,Baby Essentials & Complements,44
635240006,17,Yellowish Brown,Bags,3209,"Small shoulder bag with a zipped outer compartment, a zip at the top, a narrow shoulder strap and an inner compartment. Lined. Size approx. 5.5x14x18.5 cm.",Accessories,1019,Solid,1010016,C,Ladieswear,1,Ladies Accessories,13,Brown,2,Medium Dusty,Gracie Cross Bag,635240,Accessories,Bag,66,Womens Big accessories,65
635420001,10,White,Blouse,1522,"Off-the-shoulder top in a viscose weave with elastication and a flounce at the top, 3/4-length sleeves with a slit and tie detail at the cuffs, and a rounded hem.",Blouses,1010,All over pattern,1010001,A,Ladieswear,1,Ladieswear,9,White,3,Light,Freshqueen,635420,Garment Upper body,Blouse,258,Womens Everyday Collection,15
635579001,12,Light Beige,Blouse & Dress,1941,"Wide blouse in a patterned weave with an opening and narrow ties at the top. Long, wide sleeves with ties at the cuffs.",Blouses,1010,All over pattern,1010001,A,Ladieswear,1,Ladieswear,9,White,1,Dusty Light,Blossom Blouse,635579,Garment Upper body,Blouse,258,Womens Trend,18
635888001,9,Black,Jersey Basic,1676,V-neck top in viscose jersey with short sleeves.,Jersey Basic,1002,Solid,1010016,A,Ladieswear,1,Ladieswear,5,Black,4,Dark,Phil,635888,Garment Upper body,T-shirt,255,Womens Everyday Basics,16
636140002,42,Red,Jersey,1660,Short-sleeved dress in viscose jersey with a seam at the waist with soft draping and a knot detail at the side. Unlined.,Jersey Fancy,1005,Solid,1010016,A,Ladieswear,1,Ladieswear,18,Red,5,Bright,Katja knot dress,636140,Garment Full body,Dress,265,Womens Casual,6
636359002,73,Dark Blue,Trouser,1722,"Trousers in an airy viscose weave with an elasticated waist, side pockets, pleats at the top and tapered legs with creases.",Trousers,1009,All over pattern,1010001,A,Ladieswear,1,Ladieswear,2,Blue,4,Dark,Monaco,636359,Garment Lower body,Trousers,272,Womens Everyday Collection,15
636475008,8,Dark Grey,Baby basics,6515,"Jacket in soft sweatshirt fabric with a jersey-lined hood, zip down the front and ribbing at the cuffs and hem. Soft brushed inside.",Jersey Basic,1002,Solid,1010016,G,Baby/Children,4,Baby Sizes 50-98,12,Grey,4,Dark,Hood Jkt,636475,Garment Upper body,Hoodie,308,Baby Essentials & Complements,44
636588001,9,Black,Basics,5868,"Shorts in sweatshirt fabric with an elasticated drawstring waist, side pockets, a back pocket and raw, roll-edge hems.",Jersey Basic,1002,Solid,1010016,F,Menswear,3,Menswear,5,Black,4,Dark,Sigge Shorts,636588,Garment Lower body,Shorts,274,Men Underwear,26
636879001,73,Dark Blue,Baby Girl Outdoor,6550,"All-in-one shell suit in water-repellent functional fabric with a detachable hood. Zip down the front that continues part-way down one leg and elastication at the back, cuffs and hems. Reinforced elastic straps at the hems and reflective details. Lined. The all-in-one suit has a water-repellent coating without fluorocarbons.",Outdoor,1007,Solid,1010016,G,Baby/Children,4,Baby Sizes 50-98,2,Blue,2,Medium Dusty,Osaka overall,636879,Garment Full body,Outdoor overall,271,Baby Girl,40
637115001,9,Black,Jersey inactive from s1,5957,"Jacket in sturdy sweatshirt fabric with decorative seams and a jersey-lined drawstring hood with a collar. Zip down the front, welt side pockets, long sleeves with quilted sections at the elbows, and ribbing at the cuffs and hem. Soft brushed inside.",Jersey Fancy,1005,Treatment,1010018,F,Menswear,3,Menswear,5,Black,4,Dark,Hells hoodie,637115,Garment Upper body,Hoodie,308,Contemporary Street,55
637274001,9,Black,Skirt,1414,"Knee-length, pleated skirt in an airy weave containing glittery threads with an elasticated waist. Satin lining.",Skirts,1012,Solid,1010016,A,Ladieswear,1,Ladieswear,5,Black,4,Dark,Bricka plisse,637274,Garment Lower body,Skirt,275,Womens Tailoring,11
637318001,73,Dark Blue,Kids Girl Outdoor,7812,"Padded jacket with a detachable, lined hood, zip down the front, side pockets and narrow elastication at the cuffs and hem. Lined.",Outdoor,1007,Solid,1010016,H,Baby/Children,4,Children Sizes 92-140,2,Blue,4,Dark,PHRYNE INSULATION,637318,Garment Upper body,Jacket,262,Kids Outerwear,45
637464003,83,Dark Turquoise,Woven Tops,2033,"Sleeveless, V-neck dress in woven fabric with a yoke that has gathered seams front and back. Smocked seam at the waist and a gently flared skirt. Unlined.",Blouses,1010,All over pattern,1010001,A,Ladieswear,1,Ladieswear,7,Turquoise,4,Dark,Annie dress,637464,Garment Full body,Dress,265,Mama,8
637566005,9,Black,Dress,1313,"Knee-length dress in airy chiffon with a V-neck, details on the shoulders and short cap sleeves. Buttons down the front, elastication at the back of the waist, and a sewn-on tie belt. Satin lining.",Dresses Ladies,1013,All over pattern,1010001,A,Ladieswear,1,Ladieswear,5,Black,4,Dark,Tulip,637566,Garment Full body,Dress,265,Womens Tailoring,11
637847001,73,Dark Blue,Knitwear,1616,Cardigan in a soft rib knit with a V-neck and buttons down the front.,Knitwear,1003,Solid,1010016,A,Ladieswear,1,Ladieswear,2,Blue,4,Dark,Shoreditch,637847,Garment Upper body,Cardigan,245,Womens Tailoring,11
638119001,9,Black,Young Girl Shoes,4321,Ankle boots in imitation leather with a strap and adjustable fastener at the front. Soft pile linings and insoles and rubber soles. Heel 2 cm.,Shoes,1020,Solid,1010016,J,Baby/Children,4,"Children Accessories, Swimwear",5,Black,4,Dark,Kim boot BG,638119,Shoes,Boots,87,Kids & Baby Shoes,42
638358002,9,Black,Divided Shoes,3929,Ballet pump-style espadrilles in satin with a decorative bow at the front and braided jute trim around the soles. Canvas linings and insoles and fluted rubber soles.,Shoes,1020,Solid,1010016,D,Divided,2,Divided,5,Black,4,Dark,Dina ballerina Espadrill,638358,Shoes,Ballerinas,86,Divided Accessories,52
638642002,43,Dark Red,Expressive Lingerie,1338,"Bikini briefs in microfibre and lace with a low waist, lined gusset, narrow sides and medium coverage at the back.","Under-, Nightwear",1017,Solid,1010016,B,Ladieswear,1,Lingeries/Tights,18,Red,4,Dark,Palma Bikini Clover Mid,638642,Underwear,Underwear bottom,286,Womens Lingerie,61
638870006,73,Dark Blue,Kids Boy Knitwear,7658,"Jumper in a soft cable knit with long sleeves and ribbing around the neckline, cuffs and hem.",Knitwear,1003,Solid,1010016,H,Baby/Children,4,Children Sizes 92-140,2,Blue,4,Dark,DON cable knit,638870,Garment Upper body,Sweater,252,Kids Boy,46
638976004,10,White,Jersey,2032,"Sports top in fast-drying, functional fabric with a small V-neck at the front with decorative straps and short cap sleeves. Gathers in the sides for best fit over the tummy.",Jersey Fancy,1005,Solid,1010016,A,Ladieswear,1,Ladieswear,9,White,3,Light,MAMA PAPI (1),638976,Garment Upper body,T-shirt,255,Mama,8
639192001,51,Light Pink,Suit jacket,1222,"Straight-cut jacket in woven fabric with notch lapels, buttons at the front and welt front pockets with a flap. Decorative buttons at the cuffs. Lined.",Dressed,1008,Solid,1010016,A,Ladieswear,1,Ladieswear,4,Pink,1,Dusty Light,Capri blazer,639192,Garment Upper body,Blazer,264,Womens Everyday Collection,15
639308001,12,Light Beige,Jersey,1641,"Wide-fitting top in sturdy sweatshirt fabric with low dropped shoulders, slits in the sides and ribbing around the neckline, cuffs and hem. Slightly longer at the back. Soft brushed inside.",Jersey Fancy,1005,Solid,1010016,A,Ladieswear,1,Ladieswear,11,Beige,1,Dusty Light,Bonnty sweater,639308,Garment Upper body,Top,254,Womens Trend,18
639448008,72,Blue,Bags,3209,"Spacious handbag in sturdy, grained imitation leather with two handles and a zip at the top. Three inner compartments, one with a zip, and studs on the bottom. Lined. Size 15x30x36 cm.",Accessories,1019,Solid,1010016,C,Ladieswear,1,Ladies Accessories,2,Blue,2,Medium Dusty,Case tote,639448,Accessories,Bag,66,Womens Big accessories,65
639528002,10,White,Blouse,1522,"Relaxed-fit blouse in a crinkled weave with a small stand-up collar and buttons down the front. Long, wide sleeves with narrow, buttoned cuffs and a rounded hem. Slightly longer at the back.",Blouses,1010,Solid,1010016,A,Ladieswear,1,Ladieswear,9,White,3,Light,Marrakech,639528,Garment Upper body,Blouse,258,Womens Everyday Collection,15
639677008,71,Light Blue,Blouse,1522,"Shirt in a cotton weave with a collar, buttons down the front and yoke with a pleat at the back. Long sleeves with buttoned cuffs and a rounded hem. Slightly longer at the back.",Blouses,1010,Melange,1010010,A,Ladieswear,1,Ladieswear,2,Blue,1,Dusty Light,Portofino ISW 28,639677,Garment Upper body,Shirt,259,Womens Everyday Collection,15
639838003,11,Off White,Skirt,1422,"Calf-length, pleated skirt in a patterned weave with an elasticated waist. Unlined.",Skirts,1012,Stripe,1010017,A,Ladieswear,1,Ladieswear,9,White,1,Dusty Light,Tessa plissè,639838,Garment Lower body,Skirt,275,Womens Everyday Collection,15
640001004,9,Black,Young Boy UW/NW,4225,Pyjamas in soft cotton jersey. Long-sleeved top with a print motif on the front and ribbed cuffs. Bottoms with an elasticated waist and ribbed hems.,"Under-, Nightwear",1017,Front print,1010008,I,Baby/Children,4,Children Sizes 134-170,5,Black,4,Dark,Low price LL PJ BB,640001,Nightwear,Pyjama set,297,Boys Underwear & Basics,72
640108005,10,White,Shirt,5777,"Short-sleeved shirt in a cotton and linen blend with a concealed button-down collar and classic front. Open chest pocket, yoke with a pleat at the back, and a rounded hem. Slim fit with an accentuated waist and narrow shoulders to create a fitted silhouette.",Shirts,1011,Solid,1010016,F,Menswear,3,Menswear,9,White,3,Light,LUCAS LINEN SS,640108,Garment Upper body,Shirt,259,Contemporary Smart,20
640162007,73,Dark Blue,Kids Boy Shorts,7655,"Shorts in cotton twill with a drawstring at the waist, fake fly and side pockets.",Shorts,1025,All over pattern,1010001,H,Baby/Children,4,Children Sizes 92-140,2,Blue,2,Medium Dusty,Hay shorts,640162,Garment Lower body,Shorts,274,Kids Boy,46
640258012,11,Off White,Projects Jersey & Knitwear,1644,T-shirt in soft viscose jersey with a motif on the front.,Jersey Fancy,1005,Stripe,1010017,D,Divided,2,Divided,9,White,1,Dusty Light,Pretty tee,640258,Garment Upper body,T-shirt,255,Divided Projects,50
640425001,9,Black,Expressive Lingerie,1338,"Hipster briefs in microfibre and lace with a mid waist, lined gusset, wide sides and cutaway coverage at the back.","Under-, Nightwear",1017,All over pattern,1010001,B,Ladieswear,1,Lingeries/Tights,5,Black,4,Dark,Bloom Hipster Ch. Poppy Mid,640425,Underwear,Underwear bottom,286,Womens Lingerie,61
640560005,71,Light Blue,Kids Girl Outdoor,7812,"Padded parka in woven fabric with a coated finish, contrasting colour zips and a detachable, pile-lined hood. Stand-up collar, zip with a chin guard at the front, zipped front pockets and ribbed cuffs. Pile lining.",Outdoor,1007,Melange,1010010,H,Baby/Children,4,Children Sizes 92-140,2,Blue,3,Light,EDIT jkt,640560,Garment Upper body,Jacket,262,Kids Outerwear,45
640674005,71,Light Blue,Projects Dresses,1343,"Short, cold shoulder dress in a viscose crêpe weave with narrow, adjustable shoulder straps and 3/4-length trumpet sleeves. Elasticated seam at the waist and a wide lace trim at the top and hem. Unlined.",Dresses Ladies,1013,Solid,1010016,D,Divided,2,Divided,2,Blue,1,Dusty Light,Sid dress,640674,Garment Full body,Dress,265,Divided Projects,50
640850001,72,Blue,Baby Girl Woven,6555,"5-pocket jeans in soft, washed denim with an all-over print, adjustable elasticated waist and fly with a press-stud.",Woven/Jersey/Knitted mix Baby,1006,All over pattern,1010001,G,Baby/Children,4,Baby Sizes 50-98,2,Blue,2,Medium Dusty,BETTY aop DENIM,640850,Garment Lower body,Trousers,272,Baby Girl,40
641011003,9,Black,Young Girl Dresses,8713,"Bohemian top in a viscose weave with short, frill-trimmed raglan sleeves. Elasticated top with a decorative tasselled bow, and a smocked hem.",Dresses/Skirts girls,1014,Stripe,1010017,I,Baby/Children,4,Children Sizes 134-170,5,Black,4,Dark,Ginger singoalla top (1),641011,Garment Upper body,Blouse,258,Young Girl,77
641237001,11,Off White,Dresses,1344,"Short dress in a crinkled, patterned weave with an opening at the front with twisted ties at the top. Decorative jacquard-weave trim around the neckline and down the front opening, a gathered seam at the waist and long sleeves with elasticated cuffs. Unlined.",Dresses Ladies,1013,All over pattern,1010001,D,Divided,2,Divided,9,White,1,Dusty Light,Denerys dress,641237,Garment Full body,Dress,265,Divided Collection,53
641612001,9,Black,Jersey inactive from s1,5957,"Top in soft pile with a drawstring hood, zip at the top and long raglan sleeves with thumbholes at the cuffs. Kangaroo pocket and a drawstring at the hem.",Jersey Fancy,1005,Solid,1010016,F,Menswear,3,Menswear,5,Black,4,Dark,Val velveteen hoodie,641612,Garment Upper body,Hoodie,308,Contemporary Street,55
641815004,73,Dark Blue,Baby Toys/Acc,2950,"Tube scarf in a cotton knit with ribbed edges. Length 23 cm, circumference approx. 43 cm.",Accessories,1019,Solid,1010016,G,Baby/Children,4,Baby Sizes 50-98,2,Blue,4,Dark,Benny tube scarf,641815,Accessories,Scarf,80,Baby Essentials & Complements,44
642156002,71,Light Blue,Blouse,1510,"One-shoulder top in an airy weave with a wide, embroidered, raw-edge flounce and elastication at the top.",Blouses,1010,Solid,1010016,A,Ladieswear,1,Ladieswear,2,Blue,3,Light,Lysekil one shoulder,642156,Garment Upper body,Blouse,258,Womens Casual,6
642437014,10,White,Trousers DS,1649,"Ankle-length jersey trousers with an elasticated waist, side pockets and gently tapered legs with sewn-in turn-ups at the hems.",Trousers,1009,Stripe,1010017,D,Divided,2,Divided,9,White,3,Light,Fancy Pants (1),642437,Garment Lower body,Trousers,272,Divided Selected,58
642675002,12,Light Beige,Outdoor/Blazers,1244,"Padded jacket in woven fabric with a sheen. Lined hood with a detachable faux fur trim and a small stand-up collar. Zip down the front, diagonal, zipped side pockets and ribbing at the cuffs. Lined. Polyester filling.",Outdoor,1007,Solid,1010016,D,Divided,2,Divided,11,Beige,1,Dusty Light,Kardasian puffer,642675,Garment Upper body,Jacket,262,Divided Collection,53
642894001,12,Light Beige,Blouse & Dress,1941,"Blouse in a patterned crêpe weave with notch lapels and a concealed double-breasted front. Dropped shoulders, long sleeves that taper to the cuffs, a detachable tie belt at the waist and a seam at the hem.",Blouses,1010,All over pattern,1010001,A,Ladieswear,1,Ladieswear,11,Beige,1,Dusty Light,Ottilie top,642894,Garment Upper body,Blouse,258,Womens Trend,18
643160004,73,Dark Blue,Shoes,3629,Flip-flops with rubber straps and fluted ethylene-vinyl acetate (EVA) soles.,Shoes,1020,All over pattern,1010001,F,Menswear,3,Menswear,2,Blue,4,Dark,Aberdeen flipflop,643160,Shoes,Flip flop,88,Men Shoes,27
643344002,51,Light Pink,Projects Woven Bottoms,1743,"Pleated, calf-length skirt in an airy weave with a covered elasticated waistband. Lined.",Trousers,1009,All over pattern,1010001,D,Divided,2,Divided,4,Pink,1,Dusty Light,Barton midi skirt,643344,Garment Lower body,Skirt,275,Divided Projects,50
643577001,43,Dark Red,Bags,3209,"Spacious shoulder bag in nylon with imitation leather details, a detachable, adjustable shoulder strap, two handles and a zip at the top. Concealed press-studs on the short sides that can be unfastened to make the bag more spacious, three inner compartments, one with a zip, and a reinforced base. Lined. Size 20.5x35.5x39.5 cm.",Accessories,1019,Solid,1010016,C,Ladieswear,1,Ladies Accessories,18,Red,4,Dark,Ginger gymbag,643577,Accessories,Bag,66,Womens Big accessories,65
643704003,9,Black,Young Boy Outdoor,8852,"Outdoor jacket in woven fabric with a detachable, jersey-lined hood and deep kangaroo pockets. Contrasting colour grosgrain trims down the sleeves, elastication at the cuffs and a concealed drawstring at the hem. Fleece lining.",Outdoor,1007,Solid,1010016,I,Baby/Children,4,Children Sizes 134-170,5,Black,4,Dark,BB Mike windbreaker,643704,Garment Upper body,Jacket,262,Kids Outerwear,45
644035001,72,Blue,Baby Boy Woven,6565,"5-pocket jeans in washed stretch denim with an adjustable, elasticated waist, zip fly and press-stud, and slim legs with decorative seams at the knees and narrow hems.",Woven/Jersey/Knitted mix Baby,1006,Denim,1010023,G,Baby/Children,4,Baby Sizes 50-98,2,Blue,2,Medium Dusty,ONO Skinny denim,644035,Garment Lower body,Trousers,272,Baby Boy,41
644379002,42,Red,Knitwear,1648,"Short jumper in a chunky-knit cotton blend with hole-patterned details. Ribbing around the neckline, dropped shoulders and long, tapered sleeves.",Knitwear,1003,Solid,1010016,A,Ladieswear,1,Ladieswear,18,Red,5,Bright,Yoko knitted jumper,644379,Garment Upper body,Sweater,252,Womens Trend,18
644686002,42,Red,Jersey,1660,"Off-the-shoulder top in soft, patterned cotton jersey with smocking at the top, short sleeves and a rounded hem.",Jersey Fancy,1005,All over pattern,1010001,A,Ladieswear,1,Ladieswear,18,Red,5,Bright,ABBY OFF SHOULDER SMOCK,644686,Garment Upper body,Top,254,Womens Casual,6
645023006,81,Light Turquoise,Tops Girls,6280,Sports tights in fast-drying functional fabric with wide ribbing at the waist.,Unknown,1001,Colour blocking,1010005,S,Sport,26,Sport,7,Turquoise,3,Light,SUPREME Fancy OL Tights,645023,Garment Lower body,Trousers,272,Kids Sports,49
645423003,32,Orange,Baby Exclusive,6557,"Baby Exclusive. Polo-neck collar in soft, rib-knit wool.",Woven/Jersey/Knitted mix Baby,1006,Solid,1010016,G,Baby/Children,4,Baby Sizes 50-98,3,Orange,2,Medium Dusty,ROBBIE turtleneck,645423,Accessories,Scarf,80,Baby Essentials & Complements,44
645671001,23,Dark Yellow,Kids Boy Jersey Fancy,7648,Long-sleeved top in soft cotton jersey with a print motif at the top.,Jersey Fancy,1005,Stripe,1010017,H,Baby/Children,4,Children Sizes 92-140,13,Brown,2,Medium Dusty,SPD SINGAPORE ls tee,645671,Garment Upper body,T-shirt,255,Kids Boy,46
645920001,13,Beige,Baby Exclusive,6557,"Baby Exclusive. Set with a long-sleeved top and pair of trousers in soft organic cotton sweatshirt fabric. Top with a fastening at the top, a lined hood with a pompom, and sewn-in turn-ups at the cuffs. Trousers with an elasticated waist and sewn-in turn-ups at the hems. Soft brushed inside.",Woven/Jersey/Knitted mix Baby,1006,All over pattern,1010001,G,Baby/Children,4,Baby Sizes 50-98,1,Mole,1,Dusty Light,SHAMAN set TVP 2pcs,645920,Garment Full body,Garment Set,270,Baby Essentials & Complements,44
646020002,7,Grey,Baby Exclusive,6557,"Baby Exclusive. Tights in a soft, rib-knit cotton blend with an elasticated waist. The cotton content of the tights is organic.",Woven/Jersey/Knitted mix Baby,1006,Solid,1010016,G,Baby/Children,4,Baby Sizes 50-98,12,Grey,1,Dusty Light,ELVA tights 2P,646020,Socks & Tights,Underwear Tights,304,Baby Essentials & Complements,44
646272001,73,Dark Blue,Jersey,1641,"Off-the-shoulder, calf-length dress in ribbed jersey with a sheen. Elastication and a flounce at the top, a narrow, elasticated seam at the waist and a bell-shaped skirt.",Jersey Fancy,1005,Solid,1010016,A,Ladieswear,1,Ladieswear,2,Blue,7,Medium,CSP Senorita offshoulder dress,646272,Garment Full body,Dress,265,Womens Trend,18
646608001,73,Dark Blue,Young Girl Denim,8917,"Leggings in washed, superstretch denim with hard-worn details that are patched on the inside. Elasticated waist, fake front pockets and real back pockets.",Trousers Denim,1016,Denim,1010023,I,Baby/Children,4,Children Sizes 134-170,2,Blue,2,Medium Dusty,LEGGINGS NICKI TRASH 89,646608,Garment Lower body,Trousers,272,Young Girl,77
646788003,32,Orange,Kids Girl Jersey Fancy,7616,"Bohemian blouse in soft, slub cotton jersey with a woven elasticated flounce with broderie anglaise at the top.",Jersey Fancy,1005,Solid,1010016,H,Baby/Children,4,Children Sizes 92-140,3,Orange,7,Medium,Eliza singoalla top,646788,Garment Upper body,Vest top,253,Kids Girl,76
646822003,6,Light Grey,Kids Girl Jersey Fancy,7616,Printed top in sweatshirt fabric made from a cotton blend with a lined hood and ribbing at the cuffs and hem.,Jersey Fancy,1005,Solid,1010016,H,Baby/Children,4,Children Sizes 92-140,12,Grey,1,Dusty Light,Ciara hood,646822,Garment Upper body,Hoodie,308,Kids Girl,76
647117001,5,Gold,Small Accessories,9986,Thin metal curb chain necklace with a trigger clasp.,Accessories,1019,Solid,1010016,F,Menswear,3,Menswear,15,Metal,5,Bright,Edgy necklace,647117,Accessories,Necklace,77,Men Accessories,25
647373002,9,Black,Expressive Lingerie,1338,"Body in lace and mesh with a V-neck, narrow, adjustable shoulder straps and lined, triangle cups. Elasticated seam under the bust and at the waist, and a lined gusset.","Under-, Nightwear",1017,Lace,1010021,B,Ladieswear,1,Lingeries/Tights,5,Black,4,Dark,Sunflower body,647373,Underwear,Underwear body,283,Womens Lingerie,61
647503002,71,Light Blue,Blouse & Dress,1941,"Fitted V-neck blouse in a patterned weave with buttons down the front, long puff sleeves with pleats and buttoned cuffs, and a seam at the waist with a gently flared peplum.",Blouses,1010,All over pattern,1010001,A,Ladieswear,1,Ladieswear,2,Blue,1,Dusty Light,Oui blouse,647503,Garment Upper body,Blouse,258,Womens Trend,18
647794002,9,Black,Divided Shoes,3929,Mules with crossover fabric straps and rubber soles.,Shoes,1020,Solid,1010016,D,Divided,2,Divided,5,Black,4,Dark,Rasmus sandal,647794,Shoes,Sandals,91,Divided Accessories,52
648178001,73,Dark Blue,Jersey,1919,Short dress in sturdy lace with long sleeves and an open back with a button at the back of the neck. Contrasting colour jersey lining and unlined sleeves.,Jersey Fancy,1005,Lace,1010021,A,Ladieswear,1,Ladieswear,2,Blue,4,Dark,BYN Star lace dress,648178,Garment Full body,Dress,265,H&M+,2
648336001,19,Greenish Khaki,Skirt,1422,"Short wrapover skirt in cotton twill with a concealed button at the waist, sewn-in belt with D-rings and flap side pockets with a press-stud. Unlined.",Skirts,1012,Solid,1010016,A,Ladieswear,1,Ladieswear,20,Khaki green,4,Dark,Toro cargo skirt,648336,Garment Lower body,Skirt,275,Womens Everyday Collection,15
648481001,73,Dark Blue,Young Girl Shoes,4321,"Waterproof hi-tops in mesh and imitation leather with a padded edge, hook and loop tab at the top, elasticated lacing at the front and a loop at the back. Mesh linings and insoles and rubber soles.",Shoes,1020,Solid,1010016,J,Baby/Children,4,"Children Accessories, Swimwear",2,Blue,4,Dark,Julia waterproof BG,648481,Shoes,Sneakers,94,Kids & Baby Shoes,42
648703013,73,Dark Blue,Jersey Fancy,5848,"Long-sleeved top in sweatshirt fabric with a print motif. Ribbing around the neckline, cuffs and hem. Brushed inside.",Jersey Fancy,1005,Front print,1010008,F,Menswear,3,Menswear,2,Blue,4,Dark,Pip,648703,Garment Upper body,Sweater,252,Contemporary Casual,21
648908001,5,Gold,Jewellery,4344,Metal rings in various sizes and designs.,Accessories,1019,Solid,1010016,C,Ladieswear,1,Ladies Accessories,15,Metal,5,Bright,Class Pim ring pk,648908,Accessories,Ring,79,Womens Small accessories,66
649010005,22,Yellow,Baby Girl Jersey Fancy,6525,Long-sleeved tops in soft cotton jersey with a press-stud on one shoulder.,Jersey Fancy,1005,Placement print,1010014,G,Baby/Children,4,Baby Sizes 50-98,8,Yellow,7,Medium,Femke 2-Pack Top,649010,Garment Upper body,Top,254,Baby Girl,40
649271003,51,Light Pink,Divided+ inactive from s.1,5959,Off-the-shoulder top in stretch viscose jersey with wide smocking at the top and short sleeves.,Unknown,1001,Solid,1010016,A,Ladieswear,1,Ladieswear,4,Pink,3,Light,DIV Stork SS,649271,Garment Upper body,Top,254,H&M+,2
649407001,9,Black,Jersey Basic,1676,Vest top in soft slub jersey made from a cotton blend with a racer back and rounded hem.,Jersey Basic,1002,Solid,1010016,A,Ladieswear,1,Ladieswear,5,Black,4,Dark,Perth tank,649407,Garment Upper body,Vest top,253,Womens Everyday Basics,16
649445003,42,Red,Divided Shoes,3929,"Ankle boots with elastic gores in the sides, a loop at the back and covered heels. Fabric linings and insoles and rubber soles. Heel 8.5 cm.",Shoes,1020,Solid,1010016,D,Divided,2,Divided,18,Red,7,Medium,Elena heeled boot,649445,Shoes,Boots,87,Divided Accessories,52
649591001,10,White,Young Girl Jersey Basic,7930,Ribbed vest top in soft cotton jersey with overlocked edges at the armholes and hem.,Jersey Basic,1002,Solid,1010016,I,Baby/Children,4,Children Sizes 134-170,9,White,3,Light,ES Millie tank,649591,Garment Upper body,Vest top,253,Girls Underwear & Basics,79
649737001,10,White,Young Girl Jersey Fancy,8716,Set with a top and skirt in soft jersey. Short-sleeved top with a print motif on the front. Skirt with asymmetric tiers and an elastic waistband.,Jersey Fancy,1005,All over pattern,1010001,I,Baby/Children,4,Children Sizes 134-170,9,White,3,Light,ES ESTER SET,649737,Garment Upper body,T-shirt,255,Young Girl,77
650138001,6,Light Grey,Young Girl UW/NW,7932,Pyjamas with a top and shorts in soft cotton jersey. Short-sleeved top with contrasting colour ribbing around the neckline and an elasticated hem. Shorts with an elasticated waist.,"Under-, Nightwear",1017,Solid,1010016,I,Baby/Children,4,Children Sizes 134-170,12,Grey,1,Dusty Light,Vera PJ,650138,Nightwear,Pyjama set,297,Girls Underwear & Basics,79
650506004,32,Orange,Flats,3527,Ballet pumps with pointed toes. Satin linings and insoles and thermoplastic rubber (TPR) soles.,Shoes,1020,Solid,1010016,C,Ladieswear,1,Ladies Accessories,11,Beige,2,Medium Dusty,Arriba ballerina,650506,Shoes,Ballerinas,86,Womens Shoes,64
650672001,9,Black,Flats,3527,Imitation leather flip-flops with a decorative knot at the front. Imitation leather insoles and rubber soles.,Shoes,1020,Solid,1010016,C,Ladieswear,1,Ladies Accessories,5,Black,4,Dark,Frankie sandal,650672,Shoes,Sandals,91,Womens Shoes,64
650790005,9,Black,Girls Projects,7854,"Cardigan in soft, fine-knit cotton with long sleeves, buttons down the front and short slits in the sides. Ribbing around the neckline, cuffs and hem.",Special Offers,1023,Solid,1010016,H,Baby/Children,4,Children Sizes 92-140,5,Black,4,Dark,S.U Nanna Cardigan(1),650790,Garment Upper body,Cardigan,245,Kids Local Relevance,48
651015001,19,Greenish Khaki,Woven,7510,"Lightly padded, quilted jacket in woven fabric with a slight sheen. Ribbed stand-up collar, two-way zip down the front, side pockets with a concealed zip and two inner pockets. Lined.",Shirts,1011,Solid,1010016,F,Menswear,3,Menswear,20,Khaki green,4,Dark,LION liner jacket,651015,Garment Upper body,Jacket,262,Men Edition,28
651242001,10,White,Jersey,1660,"Short shorts in sweatshirt fabric with an elasticated drawstring waist, side pockets and slits in the sides.",Jersey Fancy,1005,Stripe,1010017,A,Ladieswear,1,Ladieswear,9,White,3,Light,PRICE IS RIGHT SHORTS ISW 19,651242,Garment Lower body,Shorts,274,Womens Casual,6
651327001,10,White,Jersey,1660,Jersey T-shirt in a cotton blend with a burnout pattern.,Jersey Fancy,1005,All over pattern,1010001,A,Ladieswear,1,Ladieswear,9,White,3,Light,BURN OUT TEE,651327,Garment Upper body,T-shirt,255,Womens Casual,6
651445001,10,White,Projects Woven Bottoms,1743,"Short skirt in woven fabric with print stripes, embroidery and a high, elasticated paper bag waist with a lace trim. Unlined.",Trousers,1009,All over pattern,1010001,D,Divided,2,Divided,9,White,3,Light,Bella paperbag skirt,651445,Garment Lower body,Skirt,275,Divided Projects,50
651558009,52,Pink,Dresses,1344,"Short, sleeveless dress in sturdy jersey with a low-cut back, seam at the waist and flared skirt. The polyester content of the dress is partly recycled.",Dresses Ladies,1013,All over pattern,1010001,D,Divided,2,Divided,4,Pink,7,Medium,Panda Dress,651558,Garment Full body,Dress,265,Divided Collection,53
651702001,11,Off White,Blouse,1522,Blouse in a patterned weave with a round neck and long sleeves with pleats and buttoned cuffs. Opening and a concealed button at the back of the neck and a seam at the hem with a tie detail.,Blouses,1010,All over pattern,1010001,A,Ladieswear,1,Ladieswear,9,White,1,Dusty Light,Beatles  (1),651702,Garment Upper body,Blouse,258,Womens Everyday Collection,15
651882002,1,Other,Tops Fancy Jersey,1640,"Sleeveless, cropped top in soft viscose jersey with a V-neck ending in a knot detail at the hem. Slightly shorter at the front.",Jersey Fancy,1005,Solid,1010016,D,Divided,2,Divided,14,undefined,6,Undefined,Eleven tank,651882,Garment Upper body,Vest top,253,Divided Collection,53
652000008,42,Red,Kids Girl Jersey Fancy,7616,"Long-sleeved top in soft fabric with narrow ribbing around the neckline, cuffs and hem.",Jersey Fancy,1005,All over pattern,1010001,H,Baby/Children,4,Children Sizes 92-140,18,Red,7,Medium,Diana Sweater,652000,Garment Upper body,Sweater,252,Kids Girl,76
652090001,9,Black,Take Care External,3080,"Sleeveless top in an airy weave in a narrow cut at the top with short, narrow shoulder straps and an opening with ties at the back of the neck.",Unknown,1001,Solid,1010016,A,Ladieswear,1,Ladieswear,5,Black,4,Dark,PE Bet top 3,652090,Garment Upper body,Vest top,253,Collaborations,97
652246005,43,Dark Red,Tops Knitwear,1647,"Cardigan in a loose bouclé knit with low dropped shoulders, long, wide sleeves and front patch pockets. No buttons.",Knitwear,1003,Melange,1010010,D,Divided,2,Divided,18,Red,4,Dark,Bubblegum Cardigan,652246,Garment Upper body,Sweater,252,Divided Collection,53
652356063,32,Orange,Underwear Woven,7987,"Boxer shorts in a cotton weave with an elasticated waist, long legs and button fly.","Under-, Nightwear",1017,All over pattern,1010001,F,Menswear,3,Menswear,3,Orange,7,Medium,Max 3pk Fancy,652356,Underwear,Underwear bottom,286,Men Underwear,26
652591001,72,Blue,Woven bottoms,2031,"Slim-fit, bootcut jeans in washed stretch denim with fake front pockets, real back pockets and wide ribbing at the waist for optimum comfort.",Trousers,1009,Denim,1010023,A,Ladieswear,1,Ladieswear,2,Blue,2,Medium Dusty,Bootcut Crew,652591,Garment Lower body,Trousers,272,Mama,8
652731029,10,White,Skirt,1414,Calf-length skirt in a pleated weave. High waist with covered elastication.,Skirts,1012,All over pattern,1010001,A,Ladieswear,1,Ladieswear,9,White,3,Light,Florida (1),652731,Garment Lower body,Skirt,275,Womens Tailoring,11
652895001,73,Dark Blue,Kids Girl Trouser,7617,"Pull-on trousers in a patterned viscose weave with wide elastication and a drawstring at the waist, side pockets, a back pocket and tapered legs with elasticated hems.",Trousers,1009,All over pattern,1010001,H,Baby/Children,4,Children Sizes 92-140,6,Lilac Purple,4,Dark,Holly Utility,652895,Garment Lower body,Trousers,272,Kids Girl,76
653123002,23,Dark Yellow,Local relevance,5641,"Short shorts in a soft weave with a concealed hook-and-eye fastening and zip fly. Partially concealed fabric belt with a metal square ring buckle at the front, side pockets, welt back pockets and short slits in the sides.",Unknown,1001,Solid,1010016,F,Menswear,3,Menswear,13,Brown,2,Medium Dusty,Dylan Aop/solid shorts,653123,Garment Lower body,Shorts,274,Men Project,24
653215002,7,Grey,Jersey,1919,"Short shorts in sweatshirt fabric with an elasticated drawstring waist, side pockets and short slits in the sides.",Jersey Fancy,1005,Melange,1010010,A,Ladieswear,1,Ladieswear,12,Grey,1,Dusty Light,LOGG Price is right shorts,653215,Garment Lower body,Shorts,274,H&M+,2
653281001,9,Black,Woven Tops,2033,Long kimono in a patterned weave with a detachable tie belt at the waist.,Blouses,1010,All over pattern,1010001,A,Ladieswear,1,Ladieswear,5,Black,4,Dark,Singapore,653281,Garment Upper body,Blouse,258,Mama,8
653499002,12,Light Beige,Flats,3527,Slingback ballet pumps in imitation suede with pointed toes and a scalloped edge. Satin linings and insoles and rubber soles.,Shoes,1020,Solid,1010016,C,Ladieswear,1,Ladies Accessories,11,Beige,1,Dusty Light,Pattersson ballerina,653499,Shoes,Ballerinas,86,Womens Shoes,64
653706018,93,Dark Green,Men Sport Woven,8559,Short-sleeved sports top in fast-drying functional fabric.,Jersey Fancy,1005,All over pattern,1010001,S,Sport,26,Sport,19,Green,4,Dark,Fancy correy.,653706,Garment Upper body,T-shirt,255,Men H&M Sport,22
653829002,81,Light Turquoise,Young Boy Jersey Fancy,8748,"T-shirt in soft slub cotton jersey with a print motif on the front, short sleeves with sewn-in turn-ups, and short slits in the sides.",Jersey Fancy,1005,Solid,1010016,I,Baby/Children,4,Children Sizes 134-170,7,Turquoise,3,Light,Anlaby s/s tee,653829,Garment Upper body,T-shirt,255,Young Boy,47
654051003,31,Light Orange,Mama Lingerie,3705,"Briefs in soft, organic cotton jersey with a low waist, lined gusset, wide sides and medium coverage at the back.","Under-, Nightwear",1017,Solid,1010016,B,Ladieswear,1,Lingeries/Tights,3,Orange,1,Dusty Light,Sonja bottom 2pk,654051,Underwear,Underwear bottom,286,Womens Lingerie,61
654244001,72,Blue,Young Girl Denim,8917,"Jacket in washed stretch denim with a collar, buttons down the front, flap chest pockets with a button and long sleeves with buttoned cuffs.",Trousers Denim,1016,Denim,1010023,I,Baby/Children,4,Children Sizes 134-170,2,Blue,2,Medium Dusty,JACKET ISA,654244,Garment Upper body,Jacket,262,Young Girl,77
654410024,13,Beige,Jersey Fancy,5828,Short-sleeved polo shirt in cotton piqué with a ribbed collar and button placket.,Jersey Fancy,1005,Melange,1010010,F,Menswear,3,Menswear,11,Beige,2,Medium Dusty,MUSHROOM SLIM FIT POLO,654410,Garment Upper body,Polo shirt,257,Contemporary Smart,20
654590006,12,Light Beige,Functional Lingerie,3710,"Shaping briefs in microfibre with a lined gusset, high waist with a laser-cut edge, and wide lace trims at the hems. Light shaping effect on the waist, hips and bum.","Under-, Nightwear",1017,Solid,1010016,B,Ladieswear,1,Lingeries/Tights,11,Beige,1,Dusty Light,HM+ Jackie brief,654590,Underwear,Underwear bottom,286,Womens Lingerie,61
654863001,73,Dark Blue,Knitwear,1648,"Trousers in soft, fine-knit cashmere with a high waist with a wide waistband, and straight wide legs with ribbed hems.",Knitwear,1003,Solid,1010016,A,Ladieswear,1,Ladieswear,7,Turquoise,4,Dark,Byron cashmere trs,654863,Garment Lower body,Trousers,272,Womens Trend,18
655108001,10,White,Shoes,3629,Cotton canvas trainers with lacing at the front and a grosgrain loop at the back. Mesh linings and insoles and rubber soles.,Shoes,1020,Solid,1010016,F,Menswear,3,Menswear,9,White,3,Light,Bobo canvas sneaker,655108,Shoes,Sneakers,94,Men Shoes,27
655292002,73,Dark Blue,Young Girl Jersey Basic,7930,"Gently flared top in soft organic cotton jersey with elastication and decorative gathers at the neckline and short, elasticated raglan sleeves.",Jersey Basic,1002,Dot,1010006,I,Baby/Children,4,Children Sizes 134-170,2,Blue,4,Dark,BELLA top,655292,Garment Upper body,Top,254,Girls Underwear & Basics,79
655710010,9,Black,Skirt,1414,"Knee-length, pattern-weave skirt with a concealed zip at the back and decorative buttons.",Skirts,1012,Solid,1010016,A,Ladieswear,1,Ladieswear,5,Black,4,Dark,Cher skirt,655710,Garment Lower body,Skirt,275,Womens Tailoring,11
655893001,9,Black,Tops Woven,1543,"Sleeveless top in smocked viscose with narrow, tie-top shoulder straps and a short frill trim at the top and hem.",Blouses,1010,All over pattern,1010001,D,Divided,2,Divided,5,Black,4,Dark,SPEED PATRICIA SMOCK TOP,655893,Garment Upper body,Vest top,253,Divided Collection,53
656067001,10,White,Woven Tops,2033,V-neck blouse in an airy weave made from a viscose blend with a unique nursing feature. Small stand-up collar and short sleeves with a decorative tab and button. The design includes a double layer to help retain warmth while allowing easier nursing access.,Blouses,1010,Stripe,1010017,A,Ladieswear,1,Ladieswear,9,White,3,Light,P Sheena NT shirt,656067,Garment Upper body,Blouse,258,Mama,8
656388001,9,Black,Outdoor/Blazers,1244,"Padded jacket in woven fabric with a stand-up collar, zip down the front, side pockets, elasticated cuffs and a drawstring at the hem. Lined. Polyester filling.",Outdoor,1007,Solid,1010016,D,Divided,2,Divided,5,Black,4,Dark,Kalas puffer,656388,Garment Upper body,Jacket,262,Divided Collection,53
656589004,7,Grey,Kids Boy Jersey Fancy,7648,Cotton jersey vest top with a print motif on the front.,Jersey Fancy,1005,All over pattern,1010001,H,Baby/Children,4,Children Sizes 92-140,12,Grey,1,Dusty Light,HENRIK TANK,656589,Garment Upper body,Vest top,253,Kids Boy,46
656707001,19,Greenish Khaki,Outdoor/Blazers,1244,"Short jacket in patterned cotton twill with a collar and concealed buttons down the front. Flap chest pockets with a button, welt side pockets and long sleeves with shaping seams and a button at the cuffs. Unlined.",Outdoor,1007,All over pattern,1010001,D,Divided,2,Divided,20,Khaki green,2,Medium Dusty,Cersei parka,656707,Garment Upper body,Jacket,262,Divided Collection,53
656949001,51,Light Pink,Young Girl Shoes,4321,"Sandals in imitation leather with a decorative appliqué on the front, an ankle strap with a hook and loop tab, and a loop at the back. Imitation leather insoles and rubber soles.",Shoes,1020,Application/3D,1010002,J,Baby/Children,4,"Children Accessories, Swimwear",4,Pink,3,Light,Chloé Fluff BG,656949,Shoes,Sandals,91,Kids & Baby Shoes,42
657157001,51,Light Pink,Kids Girl Dresses,7613,"Dress in a patterned weave with a frilled collar, gathered yoke and an opening with a button at the back of the neck. Long sleeves with elastication at the cuffs, and a seam and wide flounce at the hem. Unlined.",Dresses/Skirts girls,1014,All over pattern,1010001,H,Baby/Children,4,Children Sizes 92-140,4,Pink,1,Dusty Light,Sanna Dress,657157,Garment Full body,Dress,265,Kids Girl,76
657217001,73,Dark Blue,Baby Boy Outdoor,6512,"All-in-one suit in a fine, marled knit with thermal fleece inside, a stand-up collar, zip down the front with a chin guard, and raglan sleeves.",Outdoor,1007,Melange,1010010,G,Baby/Children,4,Baby Sizes 50-98,2,Blue,4,Dark,Twisted overall,657217,Garment Full body,Outdoor overall,271,Baby Boy,41
657291004,53,Dark Pink,Expressive Lingerie,1338,"Thong briefs in microfibre and mesh with a low waist, decorative straps at the top, a lined gusset, narrow sides and string back. The briefs are made partly from recycled polyamide.","Under-, Nightwear",1017,Solid,1010016,B,Ladieswear,1,Lingeries/Tights,18,Red,4,Dark,Dawn magnolia thong,657291,Underwear,Underwear bottom,286,Womens Lingerie,61
657476007,73,Dark Blue,Tops Fancy Jersey,1640,T-shirt in soft cotton jersey.,Jersey Fancy,1005,Solid,1010016,D,Divided,2,Divided,2,Blue,4,Dark,London 9.99,657476,Garment Upper body,T-shirt,255,Divided Collection,53
657719014,51,Light Pink,Baby Nightwear,6563,"Padded sleep bag in soft, patterned cotton jersey with a press-stud on one shoulder and zip at one side. Jersey lining. The sleep bag is designed for indoor use only.","Under-, Nightwear",1017,All over pattern,1010001,G,Baby/Children,4,Baby Sizes 50-98,4,Pink,1,Dusty Light,Sleepbag Padded,657719,Underwear/nightwear,Sleeping sack,49,Baby Essentials & Complements,44
657924001,9,Black,Tops Fancy Jersey,1640,"Cropped, fitted top in jersey with a V-neck, wrapover front and long sleeves.",Jersey Fancy,1005,Solid,1010016,D,Divided,2,Divided,5,Black,4,Dark,LS FRENCH,657924,Garment Upper body,Sweater,252,Divided Collection,53
658119001,73,Dark Blue,Dress,1310,"Long off-the-shoulder dress in a patterned, crinkled viscose weave with an elasticated top, short sleeves and an elasticated seam at the waist. Unlined.",Dresses Ladies,1013,All over pattern,1010001,A,Ladieswear,1,Ladieswear,2,Blue,4,Dark,Liatris,658119,Garment Full body,Dress,265,Womens Casual,6
658329013,9,Black,Jersey Fancy,5828,Short-sleeved polo shirt in stretch cotton jersey with a collar and button placket. Slim fit.,Jersey Fancy,1005,All over pattern,1010001,F,Menswear,3,Menswear,5,Black,4,Dark,ARTICHOKE SLIM FIT POLO,658329,Garment Upper body,Polo shirt,257,Contemporary Smart,20
658539001,73,Dark Blue,Young Boy Outdoor,8852,"Padded jacket in windproof, water-repellent breathable functional fabric with a detachable, lined hood, stand-up collar and zip down the front. Front pockets, elastication and inner ribbing at the cuffs, folded seams and reflective details. Fleece lining. The jacket has a water-repellent coating without fluorocarbons.",Outdoor,1007,Colour blocking,1010005,I,Baby/Children,4,Children Sizes 134-170,2,Blue,4,Dark,BB Henry jkt ES,658539,Garment Upper body,Jacket,262,Kids Outerwear,45
658756001,7,Grey,Young Girl Jersey Fancy,8716,"Long-sleeved top in soft, printed sweatshirt fabric with ribbing around the neckline, cuffs and hem. Soft brushed inside.",Jersey Fancy,1005,Front print,1010008,I,Baby/Children,4,Children Sizes 134-170,12,Grey,1,Dusty Light,OLLIE MID PRICE SWETTIS,658756,Garment Upper body,Sweater,252,Young Girl,77
659053001,73,Dark Blue,Baby Shoes,6561,"Boots with lacing at the front, a zip in the side and a loop at the back. Pile linings and insoles and chunky rubber soles.",Shoes,1020,Solid,1010016,G,Baby/Children,4,Baby Sizes 50-98,2,Blue,4,Dark,Marie boot,659053,Shoes,Boots,87,Kids & Baby Shoes,42
659222001,73,Dark Blue,Baby Girl Knitwear,6526,Leggings in a fine-knit cotton blend with an elasticated waist and sewn-in turn-ups at the hems.,Knitwear,1003,Stripe,1010017,G,Baby/Children,4,Baby Sizes 50-98,2,Blue,4,Dark,HARRIET legging,659222,Garment Lower body,Leggings/Tights,273,Baby Girl,40
659381004,9,Black,Projects Woven Tops,1545,"Cropped, off-the-shoulder top in a cotton weave with a wide elasticated trim at the top. Wide, embroidered flounce at the top with a scalloped edge. Elasticated hem.",Blouses,1010,Embroidery,1010007,D,Divided,2,Divided,5,Black,4,Dark,Singapore top (1),659381,Garment Upper body,Blouse,258,Divided Projects,50
659559001,17,Yellowish Brown,Young Girl Shoes,4321,"Boots in grained imitation leather with a sewn-in foldover pile edge at the top, zip in the side and adjustable tab with metal buckle at the front. Pile linings and insoles and rubber soles. Heel 2 cm.",Shoes,1020,Solid,1010016,J,Baby/Children,4,"Children Accessories, Swimwear",13,Brown,2,Medium Dusty,Kim Fancy Boot BG,659559,Shoes,Boots,87,Kids & Baby Shoes,42
659836001,31,Light Orange,Shirt,5767,"Short-sleeved shirt in a patterned cotton weave with a button-down collar and classic front. Open chest pocket, yoke with a pleat at the back and a rounded hem. Regular fit – a classic fit with good room for movement and a gently shaped waist to create a comfortable, tailored silhouette.",Shirts,1011,All over pattern,1010001,F,Menswear,3,Menswear,3,Orange,1,Dusty Light,Pete ss AOP bd,659836,Garment Upper body,Shirt,259,Contemporary Casual,21
660010001,43,Dark Red,Shirt,5767,"Shirt in an Oxford cotton weave with a button-down collar, classic front and open chest pocket. Long sleeves with adjustable buttoning at the cuffs, a yoke with a pleat and hanger at the back, and a rounded hem. Slightly longer at the back. Regular fit – a classic fit with good room for movement and a gently shaped waist to create a comfortable, tailored silhouette.",Shirts,1011,Check,1010004,F,Menswear,3,Menswear,18,Red,4,Dark,Pat ls bd gingham herringbone,660010,Garment Upper body,Shirt,259,Contemporary Casual,21
660215001,9,Black,Small Accessories,9986,Elastic bracelets in various designs.,Accessories,1019,Solid,1010016,F,Menswear,3,Menswear,5,Black,4,Dark,Bracelet Fabio,660215,Accessories,Bracelet,68,Men Accessories,25
660329002,10,White,Outwear & Blazers,1241,"Long, oversized coat in woven fabric with a collar, concealed press-studs down the front, dropped shoulders and long sleeves. Large flap patch pockets at the front, a concealed drawstring and detachable tie belt at the waist and a high slit at the back. Unlined.",Dressed,1008,Solid,1010016,A,Ladieswear,1,Ladieswear,9,White,3,Light,Cash coat,660329,Garment Upper body,Coat,263,Womens Trend,18
660551002,17,Yellowish Brown,Jersey,1641,"Calf-length, V-neck dress in jersey with a slight sheen. Narrow adjustable shoulder straps, an elasticated seam at the waist and a heavily draping skirt with a sewn-in wrapover. Unlined.",Jersey Fancy,1005,Solid,1010016,A,Ladieswear,1,Ladieswear,13,Brown,4,Dark,Chica dress,660551,Garment Full body,Dress,265,Womens Trend,18
660698002,11,Off White,Young Girl Jersey Fancy,8716,"Top in soft pile with long sleeves, a hood with appliqués, a kangaroo pocket, and ribbing at the cuffs and hem.",Jersey Fancy,1005,Front print,1010008,I,Baby/Children,4,Children Sizes 134-170,9,White,1,Dusty Light,BOBBIE PILE HOODIE,660698,Garment Upper body,Sweater,252,Young Girl,77
660985004,9,Black,Knitwear,5884,"Long-sleeved jumper in a soft knit with ribbing around the neckline, cuffs and hem.",Knitwear,1003,Solid,1010016,F,Menswear,3,Menswear,5,Black,4,Dark,bally,660985,Garment Upper body,Sweater,252,Contemporary Street,55
661136002,52,Pink,Kids Girl Dresses,7613,"Dungaree dress in stretch cotton corduroy with adjustable straps with metal fasteners, front pockets, back pockets and press-studs at the sides.",Dresses/Skirts girls,1014,Solid,1010016,H,Baby/Children,4,Children Sizes 92-140,4,Pink,1,Dusty Light,Barbro Cord Dungaree,661136,Garment Full body,Dress,265,Kids Girl,76
661358002,73,Dark Blue,Kids Girl Jersey Basic,7920,"Long-sleeved top in sweatshirt fabric made from partly recycled cotton with a jersey-lined, drawstring hood. Ribbed cuffs and ribbing with a decorative wrapover detail at the hem. Soft brushed inside.",Jersey Basic,1002,Solid,1010016,H,Baby/Children,4,Children Sizes 92-140,2,Blue,4,Dark,CC ANDY hood SG,661358,Garment Upper body,Hoodie,308,Girls Underwear & Basics,79
661496002,6,Light Grey,Young Girl Jersey Fancy,8716,T-shirt in soft printed jersey.,Jersey Fancy,1005,All over pattern,1010001,I,Baby/Children,4,Children Sizes 134-170,12,Grey,1,Dusty Light,ES SASHA TEE,661496,Garment Upper body,T-shirt,255,Young Girl,77
661658001,9,Black,Jacket Street,5283,"Jacket in woven fabric with a mesh-lined hood with an elasticated drawstring, a stand-up collar and zip down the front. One chest pocket, zipped side pockets, a loose yoke at the back with a mesh section underneath and elastication at the cuffs and hems. Unlined.",Outdoor,1007,Solid,1010016,F,Menswear,3,Menswear,5,Black,4,Dark,Aconda,661658,Garment Upper body,Jacket,262,Mens Outerwear,31
661822001,11,Off White,Dress,1313,,Dresses Ladies,1013,Lace,1010021,A,Ladieswear,1,Ladieswear,9,White,1,Dusty Light,Real Love dress,661822,Garment Full body,Dress,265,Womens Tailoring,11
662095001,10,White,Baby Girl Jersey Fancy,6525,Long-sleeved top in soft cotton jersey with a decorative bow at the top and an opening with a button at the back of the neck.,Jersey Fancy,1005,Solid,1010016,G,Baby/Children,4,Baby Sizes 50-98,9,White,3,Light,Nilla Top,662095,Garment Upper body,T-shirt,255,Baby Girl,40
662335001,9,Black,Ladies Sport Bras,8316,Short-sleeved running top in fast-drying functional fabric with ventilating mesh sections. Rounded and slightly longer at the back. The polyester content of the top is partly recycled.,Jersey Fancy,1005,Solid,1010016,S,Sport,26,Sport,5,Black,4,Dark,LONG BEACH half sleeve consc.,662335,Garment Upper body,Top,254,Ladies H&M Sport,5
662369064,71,Light Blue,Underwear Woven,7987,"Boxer shorts in a cotton weave with an elasticated waist, long legs and button fly.","Under-, Nightwear",1017,Check,1010004,F,Menswear,3,Menswear,2,Blue,3,Light,Max 3pk Checks and Stripes,662369,Underwear,Underwear bottom,286,Men Underwear,26
662644001,7,Grey,Outdoor/Blazers,1244,"Coat in woven fabric containing some wool with notch lapels and an additional, detachable faux fur collar. Concealed press-studs at the front and welt side pockets. Lined.",Outdoor,1007,Solid,1010016,D,Divided,2,Divided,12,Grey,1,Dusty Light,Reindeer wool coat,662644,Garment Upper body,Coat,263,Divided Collection,53
662857003,13,Beige,Knitwear,1626,"Jumper in a soft, fine knit with dropped shoulders, long sleeves and wide ribbing around the neckline, cuffs and hem.",Knitwear,1003,Melange,1010010,A,Ladieswear,1,Ladieswear,11,Beige,2,Medium Dusty,Cindererlla,662857,Garment Upper body,Sweater,252,Womens Everyday Collection,15
662948005,23,Dark Yellow,Knitwear,1626,"Shorter polo-neck jumper in a rib knit containing some wool with dropped shoulders, long sleeves and roll-edges around the neck, cuffs and hem.",Knitwear,1003,Solid,1010016,A,Ladieswear,1,Ladieswear,8,Yellow,4,Dark,Osman,662948,Garment Upper body,Sweater,252,Womens Everyday Collection,15
663039001,51,Light Pink,Young Girl Shoes,4321,Hi-tops with a foldable shaft and tongue in faux fur and lacing at the front. Pile linings and insoles and rubber soles.,Shoes,1020,Solid,1010016,J,Baby/Children,4,"Children Accessories, Swimwear",4,Pink,1,Dusty Light,Jeanna HT BG,663039,Shoes,Sneakers,94,Kids & Baby Shoes,42
663281001,6,Light Grey,Flats,3527,Slides in faux fur with a small platform. Rubber soles. Platform approx. 3 cm.,Shoes,1020,Solid,1010016,C,Ladieswear,1,Ladies Accessories,12,Grey,1,Dusty Light,OL FELIX flip-flop,663281,Shoes,Sandals,91,Womens Shoes,64
663384002,23,Dark Yellow,Shoes,3629,"Boots in imitation leather with a decorative welt seam around the soles, padding around the top of the shaft and lacing at the front. Fabric linings and insoles and chunky soles. Heel 3 cm.",Shoes,1020,Solid,1010016,F,Menswear,3,Menswear,11,Beige,4,Dark,Jutha boot,663384,Shoes,Boots,87,Men Shoes,27
663482001,72,Blue,Projects Woven Tops,1545,"Off-the-shoulder blouse in a patterned, crêpe weave with a flounce and elastication at the top, long, flared sleeves and a drawstring at the hem.",Blouses,1010,All over pattern,1010001,D,Divided,2,Divided,2,Blue,2,Medium Dusty,queen off shoulder,663482,Garment Upper body,Blouse,258,Divided Projects,50
663581005,9,Black,Men Sport Woven,8559,"Sports shorts in fast-drying, breathable functional fabric with elastication and a concealed drawstring at the waist and side pockets. Unlined.",Jersey Fancy,1005,All over pattern,1010001,S,Sport,26,Sport,5,Black,4,Dark,Ramos shorts,663581,Garment Lower body,Shorts,274,Men H&M Sport,22
663744002,7,Grey,Dresses,1344,"Short, off-the-shoulder dress in a soft, fine knit with a wide foldover at the top and long sleeves.",Dresses Ladies,1013,Melange,1010010,D,Divided,2,Divided,12,Grey,1,Dusty Light,Amber off-shoulder dress,663744,Garment Full body,Dress,265,Divided Collection,53
663942005,9,Black,Dress,1322,Short dress in a viscose weave with a round neckline that has an opening and a concealed button at the back of the neck. Long sleeves with a drawstring and a flounce at the cuffs. Unlined.,Dresses Ladies,1013,Solid,1010016,A,Ladieswear,1,Ladieswear,5,Black,4,Dark,Nevada,663942,Garment Full body,Dress,265,Womens Everyday Collection,15
664074023,43,Dark Red,Jersey,1666,Straight-cut top in airy jersey crêpe with a boat neck and short sleeves with pleated trims.,Jersey Fancy,1005,Solid,1010016,A,Ladieswear,1,Ladieswear,18,Red,7,Medium,Charlie Top,664074,Garment Upper body,Top,254,Womens Tailoring,11
664203001,73,Dark Blue,Woven Occasion,1926,"Short, off-the-shoulder dress in lace with a silicone trim at the top and support panels in the bodice. Detachable adjustable shoulder straps and short lace sleeves. Concealed zip and a hook-and-eye fastening at the back, and a seam at the waist. Satin lining.",Dresses Ladies,1013,Lace,1010021,A,Ladieswear,1,Ladieswear,2,Blue,4,Dark,Adrien Dress,664203,Garment Full body,Dress,265,Womens Premium,14
664390001,10,White,Jersey fancy,1636,"Wide-fitting, sleeveless top in slub cotton jersey with wide shoulder straps, a gathered seam at the top and woven fabric edges with broderie anglaise at the hem.",Jersey Fancy,1005,Solid,1010016,A,Ladieswear,1,Ladieswear,9,White,3,Light,Adita top,664390,Garment Upper body,Vest top,253,Womens Everyday Collection,15
664647009,9,Black,Trouser,5686,"5-pocket jeans in washed stretch denim with a regular waist, zip fly and skinny legs.",Trousers,1009,Denim,1010023,F,Menswear,3,Menswear,5,Black,4,Dark,Bruce Skinny Denim,664647,Garment Lower body,Trousers,272,Contemporary Smart,20
664779009,23,Dark Yellow,Kids Boy Jersey Fancy,7648,"Long-sleeved top in soft, patterned sweatshirt fabric with ribbing around the neckline, cuffs and hem. Brushed inside.",Jersey Fancy,1005,All over pattern,1010001,H,Baby/Children,4,Children Sizes 92-140,13,Brown,2,Medium Dusty,MAGIC CREWNECK,664779,Garment Upper body,Sweater,252,Kids Boy,46
665044001,19,Greenish Khaki,Dresses,1344,Sleeveless shirt dress in a viscose weave with a collar and buttons down the front. Detachable tie belt at the waist and a gently rounded hem.,Dresses Ladies,1013,Solid,1010016,D,Divided,2,Divided,20,Khaki green,2,Medium Dusty,Jodi shirt dress,665044,Garment Full body,Dress,265,Divided Collection,53
665188002,9,Black,On Demand,5950,"Shorts in printed sweatshirt fabric with embroidered text, an elasticated drawstring waist, side pockets and one back pocket. Brushed inside.",Jersey Fancy,1005,Placement print,1010014,F,Menswear,3,Menswear,5,Black,4,Dark,Pride Benny shorts,665188,Garment Lower body,Shorts,274,Contemporary Street,55
665300003,11,Off White,Equatorial Assortment,3030,"Short 5-pocket shorts in stretch cotton twill with a regular waist, zip fly and button, and sewn-in turn-ups at the hems.",Unknown,1001,All over pattern,1010001,A,Ladieswear,1,Ladieswear,9,White,1,Dusty Light,W ED TEQUILA SHORTS EQ,665300,Garment Lower body,Shorts,274,Womens Everyday Collection,15
665477001,9,Black,Denim Trousers,1772,"5-pocket, slim-fit jeans in stretch denim with a high waist, zip fly and button, and flared hems. The jeans are made partly from organic cotton.",Trousers Denim,1016,Denim,1010023,D,Divided,2,Divided,5,Black,4,Dark,Mini Flare H.W Bronx,665477,Garment Lower body,Trousers,272,Ladies Denim,57
665587002,73,Dark Blue,Dresses,1344,"Playsuit in patterned jersey with narrow shoulder straps and decorative crossover straps at the back. Elasticated seam at the waist and short, wide legs.",Dresses Ladies,1013,Solid,1010016,D,Divided,2,Divided,2,Blue,5,Bright,Coral jumpsuit J.,665587,Garment Full body,Jumpsuit/Playsuit,267,Divided Collection,53
665675001,43,Dark Red,Equatorial Assortment,3030,"Jacket in a viscose weave with a sheen. Shawl collar, covered buttons at the front and long sleeves with wide cuffs. Detachable belt at the waist, and decorative piping at the front and cuffs. Unlined.",Unknown,1001,Solid,1010016,A,Ladieswear,1,Ladieswear,18,Red,4,Dark,W CIRKUS JACKET EQ,665675,Garment Upper body,Jacket,262,Womens Everyday Collection,15
665818006,73,Dark Blue,Newborn,6564,"Dress in organic cotton jersey with a glittery, layered tulle skirt. Round neckline with a press-stud on the shoulders, a gathered seam with a decorative bow at the waist and a sewn-in bodysuit with press-studs at the crotch.",Jersey Fancy,1005,Glittering/Metallic,1010009,G,Baby/Children,4,Baby Sizes 50-98,2,Blue,4,Dark,CARRIE dress,665818,Garment Full body,Dress,265,Baby Essentials & Complements,44
666044002,51,Light Pink,Expressive Lingerie,1338,"Briefs in lace and mesh with a high, elasticated waist, lined gusset and string back.","Under-, Nightwear",1017,Glittering/Metallic,1010009,B,Ladieswear,1,Lingeries/Tights,4,Pink,1,Dusty Light,Mistletoe highwaist thong,666044,Underwear,Underwear bottom,286,Womens Lingerie,61
666327003,73,Dark Blue,Kids Boy Jersey Fancy,7648,T-shirt in soft cotton jersey with a motif on the front.,Jersey Fancy,1005,Glittering/Metallic,1010009,H,Baby/Children,4,Children Sizes 92-140,2,Blue,4,Dark,SEQUINS TEE,666327,Garment Upper body,T-shirt,255,Kids Boy,46
666455001,73,Dark Blue,Equatorial Assortment,3030,"Jacket in soft sweatshirt fabric with a double-layered drawstring hood, zip down the front and side pockets at the front. Long raglan sleeves with ribbing at the cuffs, a frill-trimmed yoke at the back and an embroidered back section in woven fabric.",Unknown,1001,Solid,1010016,A,Ladieswear,1,Ladieswear,2,Blue,2,Medium Dusty,J TOSCANA HOODIE EQ,666455,Garment Upper body,Sweater,252,Womens Everyday Collection,15
666840002,7,Grey,Young Girl Jersey Fancy,8716,"Jersey vest top with a print motif, braided trim around the front of the neckline and a wide, asymmetric hem with an overlocked edge.",Jersey Fancy,1005,Front print,1010008,I,Baby/Children,4,Children Sizes 134-170,12,Grey,1,Dusty Light,LISA TANK,666840,Garment Upper body,Vest top,253,Young Girl,77
667307001,12,Light Beige,Jersey Fancy,5828,"Short-sleeved polo shirt in cotton piqué with a ribbed collar, zip at the top and slits in the sides.",Jersey Fancy,1005,Solid,1010016,F,Menswear,3,Menswear,9,White,1,Dusty Light,WASABI POLO,667307,Garment Upper body,Polo shirt,257,Contemporary Smart,20
667491010,11,Off White,Blouse,1522,Long-sleeved blouse in woven fabric with a small frilled collar with ties and a V-neck. Raglan sleeves with smocking and a frill at the cuffs.,Blouses,1010,All over pattern,1010001,A,Ladieswear,1,Ladieswear,9,White,1,Dusty Light,Bloom,667491,Garment Upper body,Shirt,259,Womens Everyday Collection,15
667769007,19,Greenish Khaki,Heavy Basic Jersey,5833,"Top in lightweight sweatshirt fabric with ribbed side panels and a kangaroo pocket. Jersey-lined hood with a wrapover front, and ribbing at the cuffs and hem. Brushed inside. Slim Fit.",Jersey Basic,1002,Solid,1010016,F,Menswear,3,Menswear,20,Khaki green,4,Dark,ROLAND SLIM FIT HOOD,667769,Garment Upper body,Hoodie,308,Men Underwear,26
668012007,43,Dark Red,Young Girl Jersey Basic,7930,"Top in soft organic cotton jersey. Short sleeves with striped, ribbed trims.",Jersey Basic,1002,Solid,1010016,I,Baby/Children,4,Children Sizes 134-170,18,Red,4,Dark,KIA tee,668012,Garment Upper body,T-shirt,255,Girls Underwear & Basics,79
668396001,43,Dark Red,Swimwear,4242,"Fully lined bikini bottoms with a low, V-shaped waist.",Swimwear,1018,Solid,1010016,B,Ladieswear,1,Lingeries/Tights,3,Orange,4,Dark,Deuce v-brief,668396,Swimwear,Swimwear bottom,59,"Womens Swimwear, beachwear",60
668767007,9,Black,Skirts,1444,Short jersey skirt with concealed elastication at the waist.,Skirts,1012,Check,1010004,D,Divided,2,Divided,5,Black,4,Dark,CHERRY JERSEY,668767,Garment Lower body,Skirt,275,Divided Collection,53
669091028,43,Dark Red,Heavy Basic Jersey,5833,"Zip-through hoodie in sweatshirt fabric with a jersey-lined drawstring hood, zip down the front, side pockets and ribbing at the cuffs and hem. Soft brushed inside.",Jersey Basic,1002,Melange,1010010,F,Menswear,3,Menswear,18,Red,4,Dark,ROBIN HOOD,669091,Garment Upper body,Hoodie,308,Men Underwear,26
669363001,9,Black,Projects Dresses,1343,"Short, V-neck dress in woven fabric with ties at the neck and a yoke and long sleeves in lace. Flounce at the top that continues to the back of the dress, a concealed zip in the side, seam at the waist and flared skirt. Unlined.",Dresses Ladies,1013,Solid,1010016,D,Divided,2,Divided,5,Black,4,Dark,Lydia dress,669363,Garment Full body,Dress,265,Divided Projects,50
669560001,9,Black,Woven inactive from s1,5956,"Trousers in stretch cotton twill with a regular waist, zip fly, side pockets, back pockets and slim, tapered legs with quilted sections at the knees.",Trousers,1009,Denim,1010023,F,Menswear,3,Menswear,5,Black,4,Dark,Thrust panel pants,669560,Garment Lower body,Trousers,272,Contemporary Casual,21
669714001,10,White,Kids Girl Jersey Basic,7920,"Short-sleeved polo shirt in cotton piqué with a ribbed collar, button placket and short slits in the sides. Slightly longer at the back.",Jersey Basic,1002,Solid,1010016,H,Baby/Children,4,Children Sizes 92-140,9,White,3,Light,MOA PIKÉ(1),669714,Garment Upper body,T-shirt,255,Girls Underwear & Basics,79
669874001,9,Black,Tops Knitwear,1647,"Fitted, off-the shoulder top in a fine rib knit with a wide lace trim at the top and long sleeves.",Knitwear,1003,Lace,1010021,D,Divided,2,Divided,5,Black,4,Dark,Sasha lace off shoulder,669874,Garment Upper body,Sweater,252,Divided Collection,53
669953001,8,Dark Grey,Jersey,2032,"Dress in soft, fine-knit viscose with a brushed finish. Stand-up collar, long sleeves, and gathered side seams for best fit.",Jersey Fancy,1005,Melange,1010010,A,Ladieswear,1,Ladieswear,12,Grey,4,Dark,Cozima dress,669953,Garment Full body,Dress,265,Mama,8
670107009,72,Blue,Denim trousers,5672,"5-pocket jeans in washed stretch denim with a regular waist, button fly and skinny, tapered legs.",Trousers Denim,1016,Denim,1010023,F,Menswear,3,Menswear,2,Blue,2,Medium Dusty,Skinny Tapered Medicine,670107,Garment Lower body,Trousers,272,Denim Men,56
670286012,9,Black,Young Boy Jersey Fancy,8748,"All-in-one suit in soft, printed sweatshirt fabric with a jersey-lined hood, zip down the front and pockets in the side seams. Long sleeves with ribbed cuffs and long legs with ribbed hems. Soft brushed inside.",Jersey Fancy,1005,All over pattern,1010001,I,Baby/Children,4,Children Sizes 134-170,5,Black,4,Dark,Bobo onesie,670286,Garment Upper body,Hoodie,308,Young Boy,47
670478003,22,Yellow,Kids Boy Jersey Fancy,7648,Long-sleeved top in soft slub cotton jersey with a chest pocket and ribbing around the neckline.,Jersey Fancy,1005,Solid,1010016,H,Baby/Children,4,Children Sizes 92-140,8,Yellow,5,Bright,GABBE L/S TEE,670478,Garment Upper body,Sweater,252,Kids Boy,46
670687001,73,Dark Blue,Trouser,1710,"Ankle-length, pull-on trousers in soft twill with elastication at the back of the waist. Loose fit with a fake fly, side pockets, a fake back pocket and tapered legs.",Trousers,1009,Solid,1010016,A,Ladieswear,1,Ladieswear,2,Blue,4,Dark,Queen B,670687,Garment Lower body,Trousers,272,Womens Casual,6
670952002,11,Off White,Equatorial Assortment,3030,Sleeveless blouse in an airy cotton weave with a shaped neckline and flounces at the top that continue back over the shoulders. Concealed zip in one side and a seam at the waist with pleats and ties that fasten at the back. Gently flared peplum. Partly lined.,Unknown,1001,All over pattern,1010001,A,Ladieswear,1,Ladieswear,9,White,1,Dusty Light,W BAT TOP EQ,670952,Garment Upper body,Blouse,258,Womens Everyday Collection,15
671186002,9,Black,Basic 1,1643,T-shirt in soft jersey with a chest pocket.,Jersey Basic,1002,Solid,1010016,D,Divided,2,Divided,5,Black,4,Dark,Pamela Tee.,671186,Garment Upper body,T-shirt,255,Divided Basics,51
671440002,73,Dark Blue,Small Accessories,9986,"Jacquard-weave, spotted tie. Width 7 cm.",Accessories,1019,Dot,1010006,F,Menswear,3,Menswear,2,Blue,4,Dark,Tie Spotty,671440,Accessories,Tie,82,Men Accessories,25
671599005,9,Black,Jersey Basic,5883,Short-sleeved polo shirt in soft cotton piqué with a collar and button placket.,Jersey Basic,1002,Melange,1010010,F,Menswear,3,Menswear,5,Black,4,Dark,Turner stretch polo,671599,Garment Upper body,Polo shirt,257,Men Underwear,26
671762001,9,Black,Kids Dress-up/Football,4314,Dance shoes in imitation leather with glittery elastic straps over the foot. Cotton linings and insoles and soft suede soles.,Accessories,1019,Solid,1010016,J,Baby/Children,4,"Children Accessories, Swimwear",5,Black,4,Dark,Dance shoe PU,671762,Shoes,Other shoe,89,"Kids Accessories, Swimwear & D",43
671852002,12,Light Beige,Jersey Occasion,1686,Fitted top in stretch jersey with a slight sheen. V-neck with a lace trim at the top and adjustable spaghetti straps.,Dresses Ladies,1013,Solid,1010016,A,Ladieswear,1,Ladieswear,11,Beige,1,Dusty Light,Gwen Jersey Top,671852,Garment Upper body,Vest top,253,Womens Premium,14
672017008,42,Red,Kids Boy Jersey Fancy,7648,Long-sleeved top in printed cotton jersey.,Jersey Fancy,1005,Placement print,1010014,H,Baby/Children,4,Children Sizes 92-140,18,Red,5,Bright,BOAZ PRICE L/S,672017,Garment Upper body,T-shirt,255,Kids Boy,46
672287003,9,Black,Young Girl Denim,8917,"Slim-fit jeans in washed superstretch denim with an adjustable, elasticated waist (in sizes 2x-12xY), zip fly, fake front pockets, real back pockets and narrow hems.",Trousers Denim,1016,Denim,1010023,I,Baby/Children,4,Children Sizes 134-170,5,Black,4,Dark,PLUS SKINNY BASIC 89,672287,Garment Lower body,Trousers,272,Young Girl,77
672554001,73,Dark Blue,Blouse,1510,"Blouse in an airy cotton weave with a small, gathered stand-up collar, buttons down the front, long balloon sleeves with narrow elastication at the cuffs, and a rounded hem.",Blouses,1010,Stripe,1010017,A,Ladieswear,1,Ladieswear,2,Blue,4,Dark,Felix shirtblouse,672554,Garment Upper body,Blouse,258,Womens Casual,6
672772001,9,Black,Young Boy Denim,8956,"5-pocket slim-fit jeans in stretch denim with an adjustable, elasticated waist, zip fly and button, and narrow hems.",Trousers Denim,1016,Denim,1010023,I,Baby/Children,4,Children Sizes 134-170,5,Black,4,Dark,PLUS SKINNY CHEAPO(1),672772,Garment Lower body,Trousers,272,Young Boy,47
673137001,52,Pink,Young Girl Trouser,8717,"Treggings in stretch corduroy with an adjustable, elasticated waist (in sizes 8-10Y), fake front pockets and real back pockets.",Trousers,1009,Other structure,1010026,I,Baby/Children,4,Children Sizes 134-170,4,Pink,1,Dusty Light,ES RHINO CORD TROUSERS,673137,Garment Lower body,Trousers,272,Young Girl,77
673281022,10,White,Jersey Fancy,5828,"Cardigan in soft, ribbed jersey with a small stand-up collar, zip down the front, side pockets and ribbing at the cuffs and hem.",Jersey Fancy,1005,Other structure,1010026,F,Menswear,3,Menswear,9,White,3,Light,KOCOUM BOMBER(1),673281,Garment Upper body,Cardigan,245,Contemporary Smart,20
673502002,10,White,Knitwear,5878,"Jumper in soft rib knit with a high stand-up collar, zip at the top, long sleeves and ribbing at the cuffs and hem.",Knitwear,1003,Melange,1010010,F,Menswear,3,Menswear,9,White,3,Light,BANANA HALFZIP PRICE ITEM,673502,Garment Upper body,Cardigan,245,Contemporary Smart,20
673695002,6,Light Grey,Young Girl Knitwear,8718,Off-the-shoulder jumper in a soft knit containing some wool with wide foldover ribbing around the neckline and ribbing at the cuffs and hem.,Knitwear,1003,Melange,1010010,I,Baby/Children,4,Children Sizes 134-170,12,Grey,1,Dusty Light,ALFONSINA,673695,Garment Upper body,Sweater,252,Young Girl,77
673844004,9,Black,Knitwear,7520,"Long-sleeved jumper in soft, fine-knit cashmere with a V-neck and ribbing around the cuffs and hem.",Knitwear,1003,Solid,1010016,F,Menswear,3,Menswear,5,Black,4,Dark,STAR cashmere v-neck,673844,Garment Upper body,Sweater,252,Men Edition,28
673930002,9,Black,Dresses,1344,"Short, sleeveless dress in glittery jersey with a V-neck and narrow shoulder straps. Unlined.",Dresses Ladies,1013,Glittering/Metallic,1010009,D,Divided,2,Divided,5,Black,4,Dark,Banjo deep V J,673930,Garment Full body,Dress,265,Divided Collection,53
674052006,9,Black,Projects Woven Bottoms,1743,Short imitation suede skirt with a high paper bag waist.,Trousers,1009,Solid,1010016,D,Divided,2,Divided,5,Black,4,Dark,Seattle skirt,674052,Garment Lower body,Skirt,275,Divided Projects,50
674310001,9,Black,Woven top,1909,"Blouse in a crêpe weave with a V-neck, yoke with a pleat at the back, long sleeves, wide cuffs with a covered button, and a rounded hem. Longer at the back.",Blouses,1010,Solid,1010016,A,Ladieswear,1,Ladieswear,5,Black,4,Dark,ED Lively blouse,674310,Garment Upper body,Blouse,258,H&M+,2
674598001,9,Black,Knitwear,5878,"Jumper in a soft fine knit with a ribbed collar, buttons at the top and ribbing at the cuffs and hem.",Knitwear,1003,Solid,1010016,F,Menswear,3,Menswear,5,Black,4,Dark,PINENUT MUSCLE LS POLO,674598,Garment Upper body,Polo shirt,257,Contemporary Smart,20
674651007,9,Black,Casual Lingerie,1334,"Lace hipster briefs with a low waist, lined gusset, wide sides and cutaway coverage at the back.","Under-, Nightwear",1017,Solid,1010016,B,Ladieswear,1,Lingeries/Tights,5,Black,4,Dark,Cassie Ch. Hipster (Poppy) 3pk,674651,Underwear,Underwear bottom,286,Womens Lingerie,61
674886004,43,Dark Red,Kids Girl Jersey Basic,7920,Leggings in soft organic cotton jersey with an elasticated waist.,Jersey Basic,1002,Mixed solid/pattern,1010012,H,Baby/Children,4,Children Sizes 92-140,18,Red,4,Dark,MALAGA 3p leggings,674886,Garment Lower body,Leggings/Tights,273,Girls Underwear & Basics,79
675139002,12,Light Beige,Jersey fancy,1636,"Long-sleeved, off-the-shoulder top in jersey with a sheen. Tight fit.",Jersey Fancy,1005,All over pattern,1010001,A,Ladieswear,1,Ladieswear,11,Beige,1,Dusty Light,Olivia,675139,Garment Upper body,Top,254,Womens Everyday Collection,15
675322001,9,Black,Suit jacket,1222,"Straight-cut, single-breasted jacket in twill with a woven stripes and a light sheen. Notch lapels and jetted front pockets. Unlined.",Dressed,1008,Stripe,1010017,A,Ladieswear,1,Ladieswear,5,Black,4,Dark,Emma shiny stripe,675322,Garment Upper body,Blazer,264,Womens Everyday Collection,15
675594001,10,White,Woven Tops,2033,"Sleeveless blouse in an airy cotton weave with a frill-trimmed grandad collar and bib front with a button placket and pin-tucks. Gathered yoke at the back, narrow, detachable ties under the bust and a rounded hem.",Blouses,1010,Solid,1010016,A,Ladieswear,1,Ladieswear,9,White,3,Light,Cole S/L blouse,675594,Garment Upper body,Blouse,258,Mama,8
675795007,73,Dark Blue,Kids Girl Jersey Basic,7920,"Set with a top and shorts in soft organic cotton jersey. Sleeveless, patterned top with a rounded, frill-trimmed hem. Shorts with covered elastication and a decorative drawstring at the waist.",Jersey Basic,1002,Dot,1010006,H,Baby/Children,4,Children Sizes 92-140,2,Blue,4,Dark,LOTTA set SG,675795,Garment Upper body,Vest top,253,Girls Underwear & Basics,79
676089002,10,White,Blouse,1522,"Lace blouse with a collar, buttons down the front and long sleeves with buttoned cuffs. Unlined.",Blouses,1010,Lace,1010021,A,Ladieswear,1,Ladieswear,9,White,3,Light,Iggy Pop,676089,Garment Upper body,Blouse,258,Womens Everyday Collection,15
676207021,73,Dark Blue,Young Boy Jersey Basic,8768,"T-shirt in soft, organic cotton jersey.",Jersey Basic,1002,Solid,1010016,I,Baby/Children,4,Children Sizes 134-170,2,Blue,7,Medium,Nate Basic S/S solid BB,676207,Garment Upper body,T-shirt,255,Boys Underwear & Basics,72
676582002,11,Off White,Knitwear,1626,"Off-the-shoulder jumper in a soft cable knit containing some wool with a wide foldover top, long raglan sleeves and ribbing at the cuffs and hem.",Knitwear,1003,Melange,1010010,A,Ladieswear,1,Ladieswear,9,White,1,Dusty Light,Granger,676582,Garment Upper body,Sweater,252,Womens Everyday Collection,15
676979001,42,Red,Basic 1,1643,"Short, fitted, sleeveless dress in soft jersey.",Jersey Basic,1002,Solid,1010016,D,Divided,2,Divided,18,Red,7,Medium,Inez Dress,676979,Garment Full body,Dress,265,Divided Basics,51
677208001,9,Black,Kids Girl Outdoor,7812,"Short biker jacket in imitation leather with quilted sections at the shoulders, cuffs and back of the hem. Small stand-up collar, diagonal zip down the front and side pockets. Pile lining with satin-lined sleeves.",Outdoor,1007,Solid,1010016,H,Baby/Children,4,Children Sizes 92-140,5,Black,4,Dark,WONDER pile PU,677208,Garment Upper body,Jacket,262,Kids Outerwear,45
677459005,22,Yellow,Blouse & Dress,1941,"Blouse in an airy, crinkled cotton weave with short, smock-trimmed puff sleeves, a low-cut neck with an opening and ties at the top and a smocked hem.",Blouses,1010,Solid,1010016,A,Ladieswear,1,Ladieswear,8,Yellow,5,Bright,Meercat crinkle,677459,Garment Upper body,Blouse,258,Womens Trend,18
677679001,9,Black,Jersey Fancy,5882,"Sports jacket with a stand-up collar, zip down the front,and contrasting colour stripes down the sleeves. Zipped side pockets and ribbing at the cuffs and hem.",Jersey Fancy,1005,Solid,1010016,F,Menswear,3,Menswear,5,Black,4,Dark,Piper High Neck,677679,Garment Upper body,Sweater,252,Contemporary Street,55
677843004,19,Greenish Khaki,Kids Boy Jersey Basic,7668,"Leggings in jersey made from a soft, organic cotton blend with an elasticated waist. One patterned pair and one pair in a solid colour.",Jersey Basic,1002,Mixed solid/pattern,1010012,H,Baby/Children,4,Children Sizes 92-140,20,Khaki green,2,Medium Dusty,MATTHEW leggings 2-p SB,677843,Garment Lower body,Trousers,272,Boys Underwear & Basics,72
677917001,17,Yellowish Brown,Belts,7389,Leather belt with a metal buckle. Width 2.9 cm.,Accessories,1019,Solid,1010016,F,Menswear,3,Menswear,13,Brown,2,Medium Dusty,Topher Leather Belt,677917,Accessories,Belt,67,Men Accessories,25
677969003,7,Grey,Accessories,9985,Hat in a soft rib knit.,Accessories,1019,Other structure,1010026,F,Menswear,3,Menswear,12,Grey,2,Medium Dusty,Beanie Reza,677969,Accessories,Hat/beanie,75,Men Accessories,25
678118001,3,Silver,Small Accessories,9986,Metal chain bracelet with a claw clasp. Length 19 cm.,Accessories,1019,Solid,1010016,F,Menswear,3,Menswear,15,Metal,3,Light,Bracelet Hogan chain,678118,Accessories,Bracelet,68,Men Accessories,25
678321012,31,Light Orange,Young Girl Jersey Basic,7930,Vest top in soft jersey made from an organic cotton blend.,Jersey Basic,1002,Solid,1010016,I,Baby/Children,4,Children Sizes 134-170,3,Orange,1,Dusty Light,HEDDA Tank - SPEED,678321,Garment Upper body,Vest top,253,Girls Underwear & Basics,79
678571001,10,White,Other Accessories,3948,Hard smartphone case. Fits iPhone 6/6s/7/8.,Accessories,1019,Solid,1010016,D,Divided,2,Divided,9,White,3,Light,Azelia iphone case fancy,678571,Accessories,Other accessories,78,Divided Accessories,52
678688001,9,Black,Ladies Sport Bras,8316,"Fully lined sports bra in fast-drying functional fabric with moulded, padded cups that lift and shape while providing good support. Adjustable shoulder straps that cross at the back, a fastening at the back with two pairs of hooks and eyes and an elasticated hem. Medium support.",Jersey Fancy,1005,Solid,1010016,S,Sport,26,Sport,5,Black,4,Dark,COLETTE PUSH UP BRA,678688,Underwear,Bra,306,Ladies H&M Sport,5
678756004,42,Red,Kids Boy Jersey Fancy,7648,"Joggers in slub cotton jersey with an elasticated drawstring waist, patch front pockets and ribbed hems.",Jersey Fancy,1005,Solid,1010016,H,Baby/Children,4,Children Sizes 92-140,18,Red,5,Bright,LENNON JOGGER,678756,Garment Lower body,Trousers,272,Kids Boy,46
678942036,31,Light Orange,Loungewear,3708,"Short-sleeved jumper in a soft, fine-knit viscose blend with ribbing around the neckline, sleeves and hem.","Under-, Nightwear",1017,Solid,1010016,A,Ladieswear,1,Ladieswear,3,Orange,1,Dusty Light,Harrison (1),678942,Garment Upper body,Sweater,252,"Womens Nightwear, Socks & Tigh",62
679012008,3,Silver,Kids Girl Shoes,4311,Ballet pumps with an elastic strap over the foot. Satin insoles and thermoplastic rubber (TPR) soles.,Shoes,1020,Glittering/Metallic,1010009,J,Baby/Children,4,"Children Accessories, Swimwear",15,Metal,3,Light,Hannah fancy ballerina SG,679012,Shoes,Ballerinas,86,Kids & Baby Shoes,42
679139005,51,Light Pink,Nightwear,3709,"Short nightdress in soft jersey with a lace-trimmed V-neck and narrow, adjustable shoulder straps.","Under-, Nightwear",1017,Solid,1010016,B,Ladieswear,1,Lingeries/Tights,4,Pink,1,Dusty Light,Bebe Nightslip (J),679139,Nightwear,Night gown,293,"Womens Nightwear, Socks & Tigh",62
679332001,9,Black,Dresses,1344,"Short dress in a patterned crêpe weave with short, wide sleeves and a wrapover front with concealed press-studs and ties at one side. Unlined.",Dresses Ladies,1013,All over pattern,1010001,D,Divided,2,Divided,5,Black,4,Dark,SPEED Barbados W,679332,Garment Full body,Dress,265,Divided Collection,53
679618002,10,White,EQ H&M Man,8030,"Short-sleeved polo shirt in soft cotton jersey with a collar, slits in the sides and no buttons.",Unknown,1001,Solid,1010016,F,Menswear,3,Menswear,9,White,3,Light,RESORT CURRY,679618,Garment Upper body,Polo shirt,257,Men Other 2,30
679687040,51,Light Pink,Kids Girl S&T,7921,Fine-knit trainer socks in a soft cotton blend with elasticated tops.,Socks and Tights,1021,Other pattern,1010013,H,Baby/Children,4,Children Sizes 92-140,4,Pink,3,Light,Eivor 7-p shaftless SG,679687,Socks & Tights,Socks,302,Girls Underwear & Basics,79
679800001,12,Light Beige,Woven Occasion,1926,"Coat in patterned faux fur with a collar, hook-and-eye fastening at the front, pockets in the side seams and a single back vent. Detachable tie belt in imitation suede. Lined.",Dresses Ladies,1013,All over pattern,1010001,A,Ladieswear,1,Ladieswear,11,Beige,1,Dusty Light,Blondie Leo Coat,679800,Garment Upper body,Jacket,262,Womens Premium,14
679881005,10,White,Jersey,1641,"Sleeveless top in sturdier jersey with smocking at the top, wide, smocked, frilled shoulder straps and a flare to the hem.",Jersey Fancy,1005,Solid,1010016,A,Ladieswear,1,Ladieswear,9,White,3,Light,Molly smock top,679881,Garment Upper body,Top,254,Womens Trend,18
680119005,9,Black,Young Girl Jersey Basic,7930,Slim-fit joggers in sweatshirt fabric with an elasticated drawstring waist and stripes down the sides of the legs.,Jersey Basic,1002,Colour blocking,1010005,I,Baby/Children,4,Children Sizes 134-170,5,Black,4,Dark,SAGE slim trouser,680119,Garment Lower body,Trousers,272,Girls Underwear & Basics,79
680301001,42,Red,Young Girl Knitwear,8718,"Fine-knit jumper and a bell-shaped skirt in a fine-knit, patterned cotton blend containing glittery threads. Jumper with ribbing around the neckline, cuffs and hem. Skirt with an elasticated waist. Unlined.",Knitwear,1003,Stripe,1010017,I,Baby/Children,4,Children Sizes 134-170,18,Red,5,Bright,ES Detroit set,680301,Garment Upper body,Top,254,Young Girl,77
680396001,71,Light Blue,Scarves,3409,Scarf in an airy weave with fringes along the sides.,Accessories,1019,All over pattern,1010001,C,Ladieswear,1,Ladies Accessories,2,Blue,3,Light,Zitta Scarf,680396,Accessories,Scarf,80,Womens Big accessories,65
680637002,9,Black,Young Boy Shirt,8757,"Jacket in woven fabric with a chest pocket and welt front pockets with a flap. Imitation suede elbow patches, decorative buttons at the cuffs and a single back vent.",Shirts,1011,Check,1010004,I,Baby/Children,4,Children Sizes 134-170,5,Black,4,Dark,ES Chicago Blazer,680637,Garment Upper body,Blazer,264,Young Boy,47
681076001,42,Red,Kids Girl Knitwear,7618,"Jumper in fine-knit cotton containing glittery threads with a decorative bow at the neck. Long balloon sleeves with wide ribbed cuffs, and ribbing around the neckline and hem.",Knitwear,1003,Glittering/Metallic,1010009,H,Baby/Children,4,Children Sizes 92-140,18,Red,7,Medium,Newton Sweater,681076,Garment Upper body,Sweater,252,Kids Girl,76
681109003,21,Light Yellow,Kids Girl Dresses,7613,"Dress in an airy, patterned weave with elastication at the top, narrow, braided shoulder straps, an elasticated seam at the waist and asymmetric hem. Lined.",Dresses/Skirts girls,1014,All over pattern,1010001,H,Baby/Children,4,Children Sizes 92-140,8,Yellow,3,Light,Maggie Dress,681109,Garment Full body,Dress,265,Kids Girl,76
681175006,9,Black,Dresses,1344,"Fitted dress in a soft knit with a round neckline, long sleeves and ribbing around the neckline.",Dresses Ladies,1013,Application/3D,1010002,D,Divided,2,Divided,5,Black,4,Dark,Selma sporty dress j,681175,Garment Full body,Dress,265,Divided Collection,53
681181017,10,White,Dresses,1344,"Playsuit in an airy viscose weave with a V-neck, narrow adjustable shoulder straps, elasticated seam at the waist and side pockets.",Dresses Ladies,1013,All over pattern,1010001,D,Divided,2,Divided,9,White,3,Light,Ivy jumpsuit w,681181,Garment Full body,Jumpsuit/Playsuit,267,Divided Collection,53
681373005,9,Black,Skirts,1444,Short jersey skirt with concealed elastication at the waist.,Skirts,1012,Check,1010004,D,Divided,2,Divided,5,Black,4,Dark,CHERRY JRSY SKIRT,681373,Garment Lower body,Skirt,275,Divided Collection,53
681657005,14,Dark Beige,Jersey Basic,1676,"Long-sleeved top in soft, ribbed jersey with a V-neck and button placket.",Jersey Basic,1002,Stripe,1010017,A,Ladieswear,1,Ladieswear,13,Brown,2,Medium Dusty,Helsinki (1),681657,Garment Upper body,Top,254,Womens Everyday Basics,16
681913003,93,Dark Green,Bottoms,1752,"Trousers in a viscose weave with a regular, elasticated waist, side pockets and tapered legs.",Trousers,1009,Solid,1010016,D,Divided,2,Divided,19,Green,4,Dark,EQ Victoira trouser,681913,Garment Lower body,Trousers,272,EQ Divided,71
682007001,12,Light Beige,Woven Tops,2033,"Blouse in an airy, patterned weave with an opening at the top and small frilled collar with ties at the front. Long raglan sleeves with smocking and a frill trim at the cuffs.",Blouses,1010,All over pattern,1010001,A,Ladieswear,1,Ladieswear,9,White,1,Dusty Light,Bloom,682007,Garment Upper body,Blouse,258,Mama,8
682138001,10,White,Girls Small Acc/Bags,4313,"Imitation leather bag with a print motif and appliqués on the front, two handles and a zip at the top. Lined. Size 5x14x20 cm.",Accessories,1019,Solid,1010016,J,Baby/Children,4,"Children Accessories, Swimwear",9,White,3,Light,BETSY bag,682138,Accessories,Bag,66,"Kids Accessories, Swimwear & D",43
682250002,7,Grey,Young Girl Jersey Basic,7930,"Dress in soft modal and cotton jersey with a wide, smocked neckline, short sleeves with smocked trims and smocking at the waist.",Jersey Basic,1002,Melange,1010010,I,Baby/Children,4,Children Sizes 134-170,12,Grey,1,Dusty Light,VILOETT dress,682250,Garment Full body,Dress,265,Girls Underwear & Basics,79
682308001,73,Dark Blue,Kids Girl Jersey Fancy,7616,"Flared skirt in jersey with a raised pattern. Elasticated waist, seam at the hips and a wide flounced hem. Unlined.",Jersey Fancy,1005,Dot,1010006,H,Baby/Children,4,Children Sizes 92-140,2,Blue,4,Dark,Hilda Skirt,682308,Garment Lower body,Skirt,275,Kids Girl,76
682566001,72,Blue,Young Boy Denim,8956,"5-pocket slim-fit jeans in washed stretch denim with hard-worn details that are patched inside, an adjustable elasticated waist, zip fly and button, and narrow hems.",Trousers Denim,1016,Denim,1010023,I,Baby/Children,4,Children Sizes 134-170,2,Blue,2,Medium Dusty,SKINNY HEAVY TRASH,682566,Garment Lower body,Trousers,272,Young Boy,47
682771001,9,Black,Bags,3209,"Shopper in grained imitation leather with two handles at the top, a flap with a magnetic fastener and a zipped inner compartment. Imitation suede inside. Size 13x28x32 cm.",Accessories,1019,Solid,1010016,C,Ladieswear,1,Ladies Accessories,5,Black,4,Dark,Yuki shopper,682771,Accessories,Bag,66,Womens Big accessories,65
683001001,1,Other,Shopbasket Socks,3611,Fine-knit socks in a soft cotton blend.,Socks and Tights,1021,All over pattern,1010001,B,Ladieswear,1,Lingeries/Tights,14,undefined,6,Undefined,Pattern 7p Socks,683001,Socks & Tights,Socks,302,"Womens Nightwear, Socks & Tigh",62
683111002,42,Red,Kids Girl Knitwear,7618,"Long-sleeved cardigan in soft, fine-knit cotton with buttons down the front and a scalloped trim around the neckline and cuffs. Ribbed hem and short slits in the sides.",Knitwear,1003,Solid,1010016,H,Baby/Children,4,Children Sizes 92-140,18,Red,5,Bright,Tova Cardigan,683111,Garment Upper body,Cardigan,245,Kids Girl,76
683275005,7,Grey,Other Accessories,3948,"Purse with a zip around three sides. Four card compartments, one note compartment and a small, zipped coin compartment. Size 2x10x11.5 cm.",Accessories,1019,All over pattern,1010001,D,Divided,2,Divided,2,Blue,1,Dusty Light,MICHAELA WALLET small,683275,Accessories,Other accessories,78,Divided Accessories,52
683413001,73,Dark Blue,Shirt,5731,"Shirt in washed linen with a grandad collar, French front and yoke with a pleat at the back. Long sleeves with adjustable buttoning at the cuffs, and a rounded hem. Regular Fit – a classic fit with good room for movement and a gently tapered waist to create a comfortable, tailored silhouette.",Shirts,1011,Melange,1010010,F,Menswear,3,Menswear,2,Blue,4,Dark,Mandrin Larry linen,683413,Garment Upper body,Shirt,259,Men Suits & Tailoring,23
683639003,83,Dark Turquoise,Kids Boy UW/NW,4215,"Pyjamas in soft, cotton jersey. Long-sleeved top with ribbing around the neckline and cuffs. Bottoms with an elasticated waist and ribbed hems.","Under-, Nightwear",1017,Mixed solid/pattern,1010012,H,Baby/Children,4,Children Sizes 92-140,7,Turquoise,7,Medium,Milton 3-p l/l pj SB,683639,Nightwear,Pyjama set,297,Boys Underwear & Basics,72
683830002,5,Gold,Small Accessories,3946,Metal hoop earrings in various designs. Diameter from 1.2 cm to 1.4 cm.,Accessories,1019,Solid,1010016,D,Divided,2,Divided,15,Metal,5,Bright,2p small HOOPS,683830,Accessories,Other accessories,78,Divided Accessories,52
684021021,10,White,Jersey Fancy,5882,T-shirt in soft cotton jersey with a round neckline and a print motif.,Jersey Fancy,1005,Front print,1010008,F,Menswear,3,Menswear,9,White,3,Light,Wow printed tee 6.99,684021,Garment Upper body,T-shirt,255,Contemporary Street,55
684021105,9,Black,Jersey Fancy,5882,T-shirt in soft cotton jersey with a round neckline and a print motif.,Jersey Fancy,1005,Placement print,1010014,F,Menswear,3,Menswear,5,Black,4,Dark,Wow printed tee 6.99,684021,Garment Upper body,T-shirt,255,Contemporary Street,55
684087005,51,Light Pink,Casual Lingerie,1334,"Soft, non-wired lace bralettes with mesh-lined, triangular cups that give the bust a natural shape and provide light support. Wide shoulder straps, a lace trim at the hem and a wide fastening at the back with three pairs of hooks and eyes.","Under-, Nightwear",1017,Solid,1010016,B,Ladieswear,1,Lingeries/Tights,4,Pink,1,Dusty Light,Kelly Softbra 2pk,684087,Underwear,Bra,306,Womens Lingerie,61
684238001,3,Silver,Bags,3944,Spacious shopper in soft imitation leather with two handles and a magnetic fastener at the top. Soft brushed inside. Size 16x31x39 cm.,Accessories,1019,Solid,1010016,D,Divided,2,Divided,15,Metal,3,Light,Savannah shopper (1),684238,Accessories,Bag,66,Divided Accessories,52
684636001,21,Light Yellow,Baby Girl Knitwear,6526,"Jumper in a soft, fine cotton knit with a button on one shoulder, long raglan sleeves and ribbing around the neckline, cuffs and hem.",Knitwear,1003,Stripe,1010017,G,Baby/Children,4,Baby Sizes 50-98,8,Yellow,3,Light,NILS sweater,684636,Garment Upper body,Sweater,252,Baby Girl,40
684886002,9,Black,Woven Occasion,1926,"Long-sleeved top in a crêpe weave with a lace yoke, round neckline, an opening with a concealed button at the back of the neck and a rounded hem.",Dresses Ladies,1013,Solid,1010016,A,Ladieswear,1,Ladieswear,5,Black,4,Dark,Hello Top,684886,Garment Upper body,Blouse,258,Womens Premium,14
685044004,7,Grey,Tops Knitwear,1647,"Cardigan in a soft, fine knit containing some wool with low dropped shoulders, long sleeves, front pockets and ribbing at the cuffs and hem.",Knitwear,1003,Melange,1010010,D,Divided,2,Divided,12,Grey,1,Dusty Light,Calgary Cardigan,685044,Garment Upper body,Cardigan,245,Divided Collection,53
685170002,73,Dark Blue,Conscious Exclusive,7020,"CONSCIOUS EXCLUSIVE. Fitted jumper in fine-knit Tencel™ lyocell and wool with hole-embroidered sections. Small stand-up collar, long sleeves with covered buttons at the cuffs and a roll edge around the neckline, cuffs and hem.",Special Offers,1023,Solid,1010016,A,Ladieswear,1,Ladieswear,2,Blue,2,Medium Dusty,CE Spiritual fine knit top,685170,Garment Upper body,Sweater,252,Special Collections,82
685284002,12,Light Beige,Skirt,1422,Short skirt in stretch twill with a high waist with pleats and a detachable tie belt. Concealed zip in one side and side pockets. Unlined.,Skirts,1012,Check,1010004,A,Ladieswear,1,Ladieswear,11,Beige,1,Dusty Light,Bowy skirt,685284,Garment Lower body,Skirt,275,Womens Everyday Collection,15
685448001,11,Off White,Dress,1322,"Short, fitted dress in soft jersey made from a modal and cotton blend with a V-neck front and back and narrow shoulder straps. Sewn-in wrapover at the front and a seam at the waist with a sewn-in tie belt at the side.",Dresses Ladies,1013,All over pattern,1010001,A,Ladieswear,1,Ladieswear,9,White,1,Dusty Light,J Tzatziki,685448,Garment Full body,Dress,265,Womens Everyday Collection,15
685600001,9,Black,Swimwear,9984,"Swim shorts in woven fabric with an elasticated drawstring waist, fake fly, side pockets and short legs with slits in the sides. Soft mesh inner shorts.",Swimwear,1018,Solid,1010016,F,Menswear,3,Menswear,5,Black,4,Dark,GREG SOLID,685600,Swimwear,Swimwear bottom,59,Men Underwear,26
685604028,93,Dark Green,Swimwear,9984,"Swim shorts in a patterned weave with an elasticated drawstring waist, side pockets and a back pocket with a hook and loop fastening. Mesh inner shorts.",Swimwear,1018,All over pattern,1010001,F,Menswear,3,Menswear,19,Green,7,Medium,TOM FANCY,685604,Swimwear,Swimwear bottom,59,Men Underwear,26
685616007,9,Black,Swimwear,9984,"Swim shorts in a block-coloured stretch weave with lacing and elastication at the waist, a fly with a hook and loop fastening and side pockets. Soft mesh inner shorts.",Swimwear,1018,Colour blocking,1010005,F,Menswear,3,Menswear,5,Black,4,Dark,JAMIE BLOCKING,685616,Swimwear,Swimwear bottom,59,Men Underwear,26
685809001,73,Dark Blue,Young Girl Denim,8917,"Dungaree shorts in washed stretch denim with a two-part chest pocket and adjustable straps with metal fasteners. Press-studs at the sides, a fake fly, front and back pockets, and sewn-in turn-ups at the hems. The dungaree shorts are made partly from recycled cotton.",Trousers Denim,1016,Denim,1010023,I,Baby/Children,4,Children Sizes 134-170,2,Blue,2,Medium Dusty,DUNGAREE SHORTS BASIC 89,685809,Garment Full body,Dungarees,268,Young Girl,77
685814003,10,White,Heavy Basic Jersey,5833,"Hoodie in sweatshirt fabric made from a cotton blend. Relaxed fit with a lined, drawstring hood, long sleeves, kangaroo pocket and ribbing at the cuffs and hem. Soft brushed inside.",Jersey Basic,1002,Solid,1010016,F,Menswear,3,Menswear,9,White,3,Light,RICHIE HOOD,685814,Garment Upper body,Hoodie,308,Men Underwear,26
685816013,81,Light Turquoise,Light Basic Jersey,5832,Round-necked T-shirt in soft cotton jersey.,Jersey Basic,1002,Solid,1010016,F,Menswear,3,Menswear,7,Turquoise,1,Dusty Light,Ronny R-Neck,685816,Garment Upper body,T-shirt,255,Men Underwear,26
685868001,9,Black,Ladies Sport Acc,8396,"Briefs in fast-drying functional fabric with a mid waist, lined gusset, low-cut legs, medium coverage at the back and laser-cut edges.",Accessories,1019,Solid,1010016,S,Sport,26,Sport,5,Black,4,Dark,WILL shortie underwear,685868,Underwear,Underwear bottom,286,Ladies H&M Sport,5
686072001,9,Black,Dress-up Boys,4216,"Fancy dress costume in jersey with a matching mask, a zip and chin guard at the front and a detachable tail with a hook and loop fastener. Mask with elastication at the back and a hook and loop fastener at the front.",Accessories,1019,Placement print,1010014,J,Baby/Children,4,"Children Accessories, Swimwear",5,Black,4,Dark,SB Skeleton Dino,686072,Garment Full body,Costumes,277,"Kids Accessories, Swimwear & D",43
686243002,71,Light Blue,Shirt,5767,"Shirt in washed denim with a turn-down collar, classic front with press-stud fastenings, and a yoke at the back. Flap chest pockets with a press-stud, long sleeves with press-stud cuffs, and a rounded hem.",Shirts,1011,Denim,1010023,F,Menswear,3,Menswear,2,Blue,1,Dusty Light,DENIM Jayden western ls,686243,Garment Upper body,Shirt,259,Contemporary Casual,21
686331005,43,Dark Red,Shirt,5767,"Shirt in a checked cotton weave with a button-down collar, chest pocket and yoke with a hanger loop at the back. Long sleeves with adjustable buttoning at the cuffs, and a rounded hem. Regular fit – a classic fit with good room for movement and a gently shaped waist to create a comfortable, tailored silhouette.",Shirts,1011,Check,1010004,F,Menswear,3,Menswear,18,Red,4,Dark,Pat ls bd simple plaid,686331,Garment Upper body,Shirt,259,Contemporary Casual,21
686482001,10,White,Baby Girl Knitwear,6526,"Cardigan in soft, fine-knit cotton with buttons down the front and a ribbed scalloped edge around the neckline, cuffs and hem.",Knitwear,1003,Solid,1010016,G,Baby/Children,4,Baby Sizes 50-98,9,White,3,Light,ERIKA cardigan,686482,Garment Upper body,Cardigan,245,Baby Girl,40
686587003,51,Light Pink,Tops Woven,1543,"Blouse in an airy weave with a collar and ties at the top, a yoke at the back, buttons down the front and long sleeves with buttoned cuffs.",Blouses,1010,All over pattern,1010001,D,Divided,2,Divided,4,Pink,1,Dusty Light,LUCKY SHIRT,686587,Garment Upper body,Shirt,259,Divided Collection,53
686731002,9,Black,Young Boy Outdoor,8852,"Lightweight nylon bomber jacket with a small, ribbed stand-up collar and zip down the front. Side pockets with a flap and concealed press-stud, a zipped sleeve pocket, an inner pocket with a hook and loop fastener and ribbing at the cuffs and hem. Jersey lining.",Outdoor,1007,Solid,1010016,I,Baby/Children,4,Children Sizes 134-170,5,Black,4,Dark,BB Bobbie bomber,686731,Garment Upper body,Jacket,262,Kids Outerwear,45
686997004,51,Light Pink,Jersey,1660,"Top in soft sweatshirt fabric with a text print motif, jersey-lined drawstring hood, kangaroo pocket and ribbing at the cuffs and hem. Soft brushed inside.",Jersey Fancy,1005,Melange,1010010,A,Ladieswear,1,Ladieswear,4,Pink,3,Light,BASIC HOOD,686997,Garment Upper body,Hoodie,308,Womens Casual,6
687151002,22,Yellow,Bags,3944,Oval waist bag with a zip at the top and an adjustable waist strap with a plastic fastener at the back. Lined. Size 5x13x19 cm.,Accessories,1019,Solid,1010016,D,Divided,2,Divided,8,Yellow,7,Medium,ENZO BUMBAG,687151,Accessories,Bag,66,Divided Accessories,52
687331006,73,Dark Blue,Tops Fancy Jersey,1640,"Oversized top in soft sweatshirt fabric with a jersey-lined hood with a ribbed edge and drawstring at the front. Low dropped shoulders, long, wide sleeves, a kangaroo pocket, and ribbing at the cuffs and hem. Soft brushed inside.",Jersey Fancy,1005,Solid,1010016,D,Divided,2,Divided,2,Blue,4,Dark,Aquarius hood,687331,Garment Upper body,Hoodie,308,Divided Collection,53
687510001,9,Black,Men Sport Bottoms,8394,"Running trousers in fast-drying, breathable functional fabric with elastication and a concealed drawstring at the waist. Concealed, mesh-lined side pockets, a zip at the hems, and reflective details. Regular fit.",Jersey Fancy,1005,Solid,1010016,S,Sport,26,Sport,5,Black,4,Dark,Yolo running pant,687510,Garment Lower body,Trousers,272,Men H&M Sport,22
687635002,7,Grey,Light Basic Jersey,5832,"Shorts in sweatshirt fabric made from a cotton blend with an elasticated, drawstring waist, side pockets, an open back pocket and raw, roll-edge hems.",Jersey Basic,1002,Melange,1010010,F,Menswear,3,Menswear,12,Grey,2,Medium Dusty,Sigge Shorts,687635,Garment Lower body,Shorts,274,Men Underwear,26
687753001,9,Black,Divided+ inactive from s.1,5959,"Long, fitted jersey top with narrow adjustable shoulder straps.",Unknown,1001,Solid,1010016,A,Ladieswear,1,Ladieswear,5,Black,4,Dark,DIV Nicky long tank top,687753,Garment Upper body,Vest top,253,H&M+,2
688055010,51,Light Pink,Casual Lingerie,1334,"Brazilian briefs in jersey made from a cotton blend with lace trims, a low waist, lined gusset and high cut at the back.","Under-, Nightwear",1017,Solid,1010016,B,Ladieswear,1,Lingeries/Tights,4,Pink,1,Dusty Light,Mitsy Brazilian Ctn 3p,688055,Underwear,Underwear bottom,286,Womens Lingerie,61
688300001,52,Pink,Hair Accessories,4343,Satin-covered Alice band with glittery appliqués and tulle at the top.,Accessories,1019,Solid,1010016,C,Ladieswear,1,Ladies Accessories,4,Pink,7,Medium,Flirty Bride Glitter ab,688300,Accessories,Hair/alice band,74,Womens Small accessories,66
688464021,73,Dark Blue,Young Boy Shirt,8757,"Shirt in a cotton weave with a turn-down collar, buttons down the front, a small embroidered detail on the chest and long sleeves with buttoned cuffs. Contrasting colour in the inside of the collar and cuffs.",Shirts,1011,All over pattern,1010001,I,Baby/Children,4,Children Sizes 134-170,2,Blue,4,Dark,Princeton shirt TP(1),688464,Garment Upper body,Shirt,259,Young Boy,47
688558012,53,Dark Pink,Basic 1,1643,"Fitted, long-sleeved top in soft ribbed jersey.",Jersey Basic,1002,Stripe,1010017,D,Divided,2,Divided,18,Red,4,Dark,Brittany LS,688558,Garment Upper body,Top,254,Divided Basics,51
688713001,10,White,Blouse,1515,"One-shoulder top in woven fabric with one short, wide sleeve and a straight-cut hem.",Blouses,1010,Solid,1010016,A,Ladieswear,1,Ladieswear,9,White,3,Light,Angelina,688713,Garment Upper body,Blouse,258,Womens Tailoring,11
688873021,9,Black,Blouse,1515,"Blouse in a soft weave with a narrow collar, concealed buttons down the front, long sleeves with buttoned cuffs and a rounded hem.",Blouses,1010,All over pattern,1010001,A,Ladieswear,1,Ladieswear,5,Black,4,Dark,Gyda!,688873,Garment Upper body,Blouse,258,Womens Tailoring,11
688916058,62,Purple,Kids Girl UW/NW,7922,Cotton jersey boxer briefs in various designs with an elasticated waist and lined gusset.,"Under-, Nightwear",1017,Mixed solid/pattern,1010012,H,Baby/Children,4,Children Sizes 92-140,6,Lilac Purple,7,Medium,ROSIE 5-p fancy boxer,688916,Underwear,Underwear bottom,286,Girls Underwear & Basics,79
689014009,8,Dark Grey,Young Boy Trouser,8756,"Cargo trousers in stretch cotton twill with an elasticated drawstring waist and fake fly. Side pockets, flap leg pockets with a hook and loop fastening and fake back pockets. Tapered legs with shaping seams at the knees and ribbed hems.",Trousers,1009,All over pattern,1010001,I,Baby/Children,4,Children Sizes 134-170,12,Grey,4,Dark,Brooklyn cargo TP(1),689014,Garment Lower body,Trousers,272,Young Boy,47
689102001,9,Black,Jersey Occasion,1686,"Short-sleeved top in a viscose weave with a round neckline with beaded appliques, and an opening and concealed fastening at the back of the neck.",Dresses Ladies,1013,Solid,1010016,A,Ladieswear,1,Ladieswear,5,Black,4,Dark,Santos embellished t-shirt,689102,Garment Upper body,T-shirt,255,Womens Premium,14
689317003,71,Light Blue,Kids Boy Shirt,7657,"Shirt in a cotton weave with a grandad collar, buttons down the front and a fake jetted pocket at the top. Long sleeves with a tab and button and buttoned cuffs.",Shirts,1011,Melange,1010010,H,Baby/Children,4,Children Sizes 92-140,2,Blue,1,Dusty Light,Liverpool collarless shirt,689317,Garment Upper body,Shirt,259,Kids Boy,46
689389031,73,Dark Blue,Tops Woven,1543,"Straight-cut shirt in a soft viscose weave with a collar, buttons down the front, long sleeves with narrow, buttoned cuffs, and a rounded hem.",Blouses,1010,Stripe,1010017,D,Divided,2,Divided,2,Blue,4,Dark,DENISE SHIRT S.0,689389,Garment Upper body,Shirt,259,Divided Collection,53
689816002,13,Beige,Jersey,1660,"Wide, straight-cut T-shirt in cotton jersey with a yoke front and back, short sleeves with print stripes and a rounded hem. Slightly longer at the back.",Jersey Fancy,1005,Solid,1010016,A,Ladieswear,1,Ladieswear,11,Beige,2,Medium Dusty,CALEXICO,689816,Garment Upper body,T-shirt,255,Womens Casual,6
690108001,72,Blue,Denim trousers,5672,"5-pocket jeans in washed denim with a regular waist, button fly and straight legs.",Trousers Denim,1016,Denim,1010023,F,Menswear,3,Menswear,2,Blue,3,Light,Straight 5pkt Lowprice,690108,Garment Lower body,Trousers,272,Denim Men,56
690228001,19,Greenish Khaki,Trouser,5683,"Joggers in slightly stretchy cotton twill with an elasticated drawstring waist, side and back pockets and slim legs with ribbed hems.",Trousers,1009,Solid,1010016,F,Menswear,3,Menswear,20,Khaki green,4,Dark,Chillin,690228,Garment Lower body,Trousers,272,Contemporary Street,55
690478001,9,Black,Campaigns,3090,"Double-breasted jacket in jersey with notch lapels, a tapered waist and buttons at the front. Welt front pockets and a single back vent. Lined.",Special Offers,1023,Stripe,1010017,A,Ladieswear,1,Ladieswear,5,Black,4,Dark,Capone blazer campaign,690478,Garment Upper body,Blazer,264,Womens Everyday Collection,15
690617006,19,Greenish Khaki,Blouse,1510,"Sleeveless blouse in an airy cotton weave with a collar, button placket and rounded hem.",Blouses,1010,Stripe,1010017,A,Ladieswear,1,Ladieswear,20,Khaki green,2,Medium Dusty,Harry sleeveless top,690617,Garment Upper body,Shirt,259,Womens Casual,6
690783004,73,Dark Blue,Blouse & Dress,1941,"Blouse in a cotton weave with embroidered sections. Small frilled collar, pin-tucks and concealed buttons down the front, and long, wide sleeves with buttoned cuffs.",Blouses,1010,Embroidery,1010007,A,Ladieswear,1,Ladieswear,7,Turquoise,4,Dark,Pin Blouse,690783,Garment Upper body,Blouse,258,Womens Trend,18
690936003,9,Black,Trouser,1710,"Linen joggers with a regular, elasticated, drawstring waist, side pockets, a fake back pocket and tapered legs.",Trousers,1009,Solid,1010016,A,Ladieswear,1,Ladieswear,5,Black,4,Dark,Iris Linen Jogger R.W TVP,690936,Garment Lower body,Trousers,272,Womens Casual,6
690953015,6,Light Grey,Kids Girl Jersey Fancy,7616,Long-sleeved top in cotton jersey with a print motif.,Jersey Fancy,1005,All over pattern,1010001,H,Baby/Children,4,Children Sizes 92-140,12,Grey,1,Dusty Light,Mia L/S top,690953,Garment Upper body,Top,254,Kids Girl,76
690966001,6,Light Grey,Kids Girl Jersey Fancy,7616,Joggers in lightweight sweatshirt fabric with elastication and a decorative drawstring at the waist and ribbed hems.,Jersey Fancy,1005,All over pattern,1010001,H,Baby/Children,4,Children Sizes 92-140,12,Grey,1,Dusty Light,Alva sweatpants,690966,Garment Lower body,Trousers,272,Kids Girl,76
691177006,42,Red,Dresses DS,5961,"Short shirt dress in softly draping woven fabric with a sheen. Collar, concealed buttons down the front and a detachable tie belt at the waist. Long sleeves with buttoned cuffs, and a rounded hem. Unlined.",Dresses Ladies,1013,Solid,1010016,D,Divided,2,Divided,18,Red,7,Medium,Cava Dress (1),691177,Garment Full body,Dress,265,Divided Selected,58
691455001,71,Light Blue,Kids Boy Denim,7956,"Joggers in stretch, supersoft denim with an elasticated drawstring waist, fake fly, side pockets, back pockets and stripes down the sides of the legs.",Trousers Denim,1016,Denim,1010023,H,Baby/Children,4,Children Sizes 92-140,2,Blue,1,Dusty Light,SPEED P1 Campaign,691455,Garment Lower body,Trousers,272,Kids Boy,46
691585002,9,Black,UW,3937,"Microfibre thong briefs with a low waist, lined gusset, narrow sides and string back.","Under-, Nightwear",1017,All over pattern,1010001,D,Divided,2,Divided,5,Black,4,Dark,Manny string,691585,Underwear,Underwear bottom,286,Divided Basics,51
691735004,9,Black,EQ H&M Man,8030,"T-shirt in soft, patterned cotton jersey.",Unknown,1001,All over pattern,1010001,F,Menswear,3,Menswear,5,Black,4,Dark,RC FORTUNA TEE,691735,Garment Upper body,T-shirt,255,Men Other 2,30
691855002,71,Light Blue,Skirts,1444,"Short cotton twill skirt with a zip fly and button, front and back pockets and visible seams front and back.",Skirts,1012,Denim,1010023,D,Divided,2,Divided,2,Blue,1,Dusty Light,MAYA SKIRT,691855,Garment Lower body,Skirt,275,Divided Collection,53
692066001,51,Light Pink,Dresses,1344,"Short dress in a crêpe weave with a V-shaped opening at the back and ties at the back of the neck. Long sleeves with ties at the cuffs, a smocked seam at the waist and a flared, tiered, lined skirt.",Dresses Ladies,1013,All over pattern,1010001,D,Divided,2,Divided,4,Pink,1,Dusty Light,Hanele dress,692066,Garment Full body,Dress,265,Divided Collection,53
692269001,9,Black,Expressive Lingerie,1338,"Mesh negligee with an integral push-up bra in lace with underwired, moulded, padded cups for a larger bust and fuller cleavage. Narrow, adjustable shoulder straps and a hook-and-eye fastening at the back.","Under-, Nightwear",1017,Solid,1010016,B,Ladieswear,1,Lingeries/Tights,5,Black,4,Dark,Cardamom N-slip push,692269,Nightwear,Night gown,293,Womens Lingerie,61
692657001,51,Light Pink,Baby Toys/Acc,2950,Padded ski mittens in wind- and water-repellent functional fabric with elastication and a hook and loop fastening at the top. Reflective details and a Thinsulate™ lining. Size 3-6 M without thumbs.,Accessories,1019,All over pattern,1010001,G,Baby/Children,4,Baby Sizes 50-98,4,Pink,1,Dusty Light,Kaa ski glove,692657,Accessories,Gloves,71,Baby Essentials & Complements,44
692836002,73,Dark Blue,Kids Boy Shorts,7655,"5-pocket, knee-length shorts in a cotton weave with an adjustable elasticated waist and zip fly and button.",Shorts,1025,Stripe,1010017,H,Baby/Children,4,Children Sizes 92-140,2,Blue,2,Medium Dusty,Marshall Clamdiggers,692836,Garment Lower body,Shorts,274,Kids Boy,46
692844022,7,Grey,Kids Boy Trouser,7656,Pull-on trousers in a cotton weave with an elasticated drawstring waist and side pockets. Tapered legs with seams at the knees and elasticated hems.,Trousers,1009,All over pattern,1010001,H,Baby/Children,4,Children Sizes 92-140,12,Grey,2,Medium Dusty,TP Niclas low price jogger,692844,Garment Lower body,Trousers,272,Kids Boy,46
693060001,6,Light Grey,Young Girl Knitwear,8718,Bolero in fine-knit cotton with a glittery button at the front and long sleeves.,Knitwear,1003,Melange,1010010,I,Baby/Children,4,Children Sizes 134-170,12,Grey,1,Dusty Light,BRISTOL,693060,Garment Upper body,Cardigan,245,Young Girl,77
693242005,92,Green,Knitwear,1626,"Wide jumper in a soft, fine knit containing some wool with dropped shoulders, long sleeves and ribbing around the neckline, cuffs and hem.",Knitwear,1003,Stripe,1010017,A,Ladieswear,1,Ladieswear,19,Green,2,Medium Dusty,Bama,693242,Garment Upper body,Sweater,252,Womens Everyday Collection,15
693321007,9,Black,Ladies Sport Bottoms,8310,3/4-length sports tights in fast-drying functional fabric. High waist with a wide panel and concealed key pocket.,Jersey Fancy,1005,Solid,1010016,S,Sport,26,Sport,5,Black,4,Dark,GALATEA HW  cropped,693321,Garment Lower body,Leggings/Tights,273,Ladies H&M Sport,5
693479002,9,Black,Tops Knitwear,1647,Cardigan in a soft rib knit with dropped shoulders and long sleeves with ribbed cuffs. No buttons.,Knitwear,1003,Solid,1010016,D,Divided,2,Divided,5,Black,4,Dark,Haag Cardigan,693479,Garment Upper body,Sweater,252,Divided Collection,53
693572003,51,Light Pink,Young Girl Trouser,8717,"Slim-fit trousers in soft, superstretch twill with a zip fly and button, fake front pockets, real back pockets and narrow hems.",Trousers,1009,Solid,1010016,I,Baby/Children,4,Children Sizes 134-170,4,Pink,1,Dusty Light,Mars 4 fpkt  trouser,693572,Garment Lower body,Trousers,272,Young Girl,77
693608002,51,Light Pink,Young Girl Dresses,8713,"Sleeveless blouse in an airy viscose weave with a wide neckline, elastication and a broderie anglaise flounce at the top, and a smocked hem.",Dresses/Skirts girls,1014,Embroidery,1010007,I,Baby/Children,4,Children Sizes 134-170,4,Pink,3,Light,Southport singoalla,693608,Garment Upper body,Blouse,258,Young Girl,77
693717002,31,Light Orange,Woven Tops,2033,"Knee-length dress in an airy weave with a V-neck, gathered yoke and long sleeves with narrow, buttoned cuffs. Elasticated seam and a detachable belt with sparkly stone decorations under the bust. Partly lined.",Blouses,1010,Solid,1010016,A,Ladieswear,1,Ladieswear,3,Orange,1,Dusty Light,Starlight dress,693717,Garment Full body,Dress,265,Mama,8
693986002,73,Dark Blue,Knitwear,5831,"Long-sleeved jumper knitted in a soft wool blend with a V-neck, a jacquard-knit front and ribbing around the neckline, cuffs and hem.",Knitwear,1003,All over pattern,1010001,F,Menswear,3,Menswear,2,Blue,4,Dark,V-neck Argyle,693986,Garment Upper body,Sweater,252,Men Suits & Tailoring,23
694127002,42,Red,Tops Woven,1543,"Blouse in woven fabric with a flounce-trimmed V-neck, long sleeves with elastication and a flounce at the cuffs, and a seam with a flounce at the hem.",Blouses,1010,All over pattern,1010001,D,Divided,2,Divided,18,Red,5,Bright,MARLEY BLOUSE,694127,Garment Upper body,Blouse,258,Divided Collection,53
694161004,91,Light Green,Young Girl Jersey Fancy,8716,Off-the-shoulder top in soft jersey made from a viscose blend with narrow shoulder straps and short sleeves. Flounce at the top and smocking at the hem.,Jersey Fancy,1005,Stripe,1010017,I,Baby/Children,4,Children Sizes 134-170,19,Green,3,Light,Fiffi top,694161,Garment Upper body,Top,254,Young Girl,77
694256001,43,Dark Red,Other items,3419,Headwear designed for a dog with an adjustable elastic strap under the chin.,Accessories,1019,Solid,1010016,C,Ladieswear,1,Ladies Accessories,18,Red,4,Dark,XMAS Dog Headpiece,694256,Accessories,Other accessories,78,Womens Small accessories,66
694326001,73,Dark Blue,Woven bottoms,2031,"5-pocket jeans in washed, stretch denim with a fake fly, front and back pockets and slightly wider, tapered legs. Wide jersey panel at the waist for best fit.",Trousers,1009,Denim,1010023,A,Ladieswear,1,Ladieswear,2,Blue,2,Medium Dusty,Boyfriend,694326,Garment Lower body,Trousers,272,Mama,8
694504001,8,Dark Grey,Tops Girls,6280,Patterned sports top in fast-drying functional fabric with short raglan sleeves.,Unknown,1001,Colour blocking,1010005,S,Sport,26,Sport,12,Grey,4,Dark,Kate Basic Tee,694504,Garment Upper body,T-shirt,255,Kids Sports,49
694659027,73,Dark Blue,Kids Boy Big Acc,4212,Cap in woven fabric with a motif on the front and an adjustable plastic fastener at the back.,Accessories,1019,Solid,1010016,J,Baby/Children,4,"Children Accessories, Swimwear",2,Blue,4,Dark,SBC OWN,694659,Accessories,Cap/peaked,69,Kids Outerwear,45
694692001,5,Gold,Jewellery,4344,"Three-strand necklace of thin metal chains, two of which have pendants. Adjustable length 41.5-50 cm.",Accessories,1019,Solid,1010016,C,Ladieswear,1,Ladies Accessories,15,Metal,5,Bright,Flirty Sagan necklace,694692,Accessories,Necklace,77,Womens Small accessories,66
694739047,73,Dark Blue,Young Boy Big Acc,4222,Twill cap with an appliqué on the front and an adjustable plastic fastener at the back.,Accessories,1019,Placement print,1010014,J,Baby/Children,4,"Children Accessories, Swimwear",2,Blue,4,Dark,SBC OWN,694739,Accessories,Cap/peaked,69,Kids Outerwear,45
694848006,8,Dark Grey,Casual Lingerie,1334,"Non-wired bras in soft cotton jersey with padded cups that shape the bust and provide good support. Narrow, adjustable shoulder straps and a hook-and-eye fastening at the back.","Under-, Nightwear",1017,Melange,1010010,B,Ladieswear,1,Lingeries/Tights,12,Grey,2,Medium Dusty,Ellen 2pk ct rio wireless,694848,Underwear,Bra,306,Womens Lingerie,61
694969003,7,Grey,Young Boy Knitwear,8758,Long-sleeved jumper in rib-knit cotton with a longer jersey layer at the hem.,Knitwear,1003,Melange,1010010,I,Baby/Children,4,Children Sizes 134-170,12,Grey,1,Dusty Light,Lucca crewneck,694969,Garment Upper body,Sweater,252,Young Boy,47
695094001,7,Grey,Jersey,2032,"Joggers in soft, patterned sweatshirt fabric with a drawstring and wide ribbing at the waist for best fit. Ribbed hems. Soft brushed inside.",Jersey Fancy,1005,All over pattern,1010001,A,Ladieswear,1,Ladieswear,12,Grey,1,Dusty Light,Myra jogger,695094,Garment Lower body,Trousers,272,Mama,8
695196002,7,Grey,Kids Boy Jersey Fancy,7648,"Long-sleeved top in sweatshirt fabric with a funnel collar with a decorative drawstring, a kangaroo pocket and ribbing at the cuffs and hem.",Jersey Fancy,1005,Front print,1010008,H,Baby/Children,4,Children Sizes 92-140,12,Grey,1,Dusty Light,FLOYD FUNNELNECK,695196,Garment Upper body,Sweater,252,Kids Boy,46
695323001,73,Dark Blue,Denim trousers,5672,"5-pocket jeans in washed denim made from a soft, stretch Tencel™ lyocell blend with a regular waist and slim, straight legs.",Trousers Denim,1016,Denim,1010023,F,Menswear,3,Menswear,2,Blue,2,Medium Dusty,Slim Straight Supreme Comfort,695323,Garment Lower body,Trousers,272,Denim Men,56
695407009,9,Black,Shirt,5783,"Short-sleeved shirt in a printed viscose weave with a resort collar, French front and straight-cut hem with short slits in the sides.",Shirts,1011,All over pattern,1010001,F,Menswear,3,Menswear,5,Black,4,Dark,SS RESORT,695407,Garment Upper body,Shirt,259,Contemporary Street,55
695539001,10,White,Young Girl Shoes,4321,"Sandals in imitation patent leather decorated with tulle and chiffon flowers. Hook and loop tab at one side, imitation leather linings and insoles and thermoplastic rubber (TPR) soles.",Shoes,1020,Solid,1010016,J,Baby/Children,4,"Children Accessories, Swimwear",9,White,3,Light,Chloe fluff BG,695539,Shoes,Sandals,91,Kids & Baby Shoes,42
695611001,73,Dark Blue,Young Boy Shoes,4221,"Trainers in fabric and imitation suede with a lightly padded edge and tongue, elasticated lacing at the front and loop at the back. Mesh linings and insoles and rubber soles.",Shoes,1020,Solid,1010016,J,Baby/Children,4,"Children Accessories, Swimwear",2,Blue,4,Dark,Kenneth Runner BB,695611,Shoes,Sneakers,94,Kids & Baby Shoes,42
695662002,33,Dark Orange,Baby Exclusive,6557,Baby Exclusive. Rib-knit socks in a soft organic cotton blend.,Woven/Jersey/Knitted mix Baby,1006,Solid,1010016,G,Baby/Children,4,Baby Sizes 50-98,11,Beige,4,Dark,BASIC socks,695662,Socks & Tights,Socks,302,Baby Essentials & Complements,44
695755001,71,Light Blue,Baby Girl Woven,6555,Sleeveless dress in a textured linen and cotton weave with buttons at the back and a flared skirt. The bodice is lined in a cotton weave.,Woven/Jersey/Knitted mix Baby,1006,Other structure,1010026,G,Baby/Children,4,Baby Sizes 50-98,2,Blue,1,Dusty Light,DORIS day dress,695755,Garment Full body,Dress,265,Baby Girl,40
695890001,73,Dark Blue,Take Care External,3080,"Jumper in soft, rib-knit wool with a V-neck, low dropped shoulders, long sleeves and ribbing around the neckline, cuffs and hem.",Unknown,1001,Solid,1010016,A,Ladieswear,1,Ladieswear,2,Blue,4,Dark,PE SELENA KNIT,695890,Garment Upper body,Sweater,252,Collaborations,97
696122002,9,Black,Asia Assortment,7912,"Short skirt in twill made from a viscose blend with a high waist and detachable tie belt. Pleats, a concealed zip in the side seam and a gathered seam at the hem with a flounce.",Unknown,1001,Solid,1010016,A,Ladieswear,1,Ladieswear,5,Black,4,Dark,W BOUNTY SKIRT CNY,696122,Garment Lower body,Skirt,275,Womens Everyday Collection,15
696177002,7,Grey,Baby Boy Jersey Fancy,6545,Long-sleeved top in soft cotton jersey with a round neckline and concealed press-stud on one shoulder (except in sizes 1½-4Y).,Jersey Fancy,1005,Placement print,1010014,G,Baby/Children,4,Baby Sizes 50-98,12,Grey,1,Dusty Light,TOBIAS 1P LS TO PRODUCT,696177,Garment Upper body,T-shirt,255,Baby Boy,41
696356005,73,Dark Blue,Kids Boy Big Acc,4212,Cap with a sweatband in a cotton weave and an adjustable plastic fastener at the back.,Accessories,1019,All over pattern,1010001,J,Baby/Children,4,"Children Accessories, Swimwear",2,Blue,4,Dark,P-CAP OWN,696356,Accessories,Cap/peaked,69,Kids Outerwear,45
696478001,42,Red,Projects Jersey & Knitwear,1644,Long sleeved jersey top with elastication and a frill at the cuffs.,Jersey Fancy,1005,Solid,1010016,D,Divided,2,Divided,18,Red,7,Medium,Elly L/S jumper,696478,Garment Upper body,Sweater,252,Divided Projects,50
696614005,9,Black,Young Girl S&T,7931,Fine-knit trainer socks with an embroidered motif and elasticated tops.,Socks and Tights,1021,Solid,1010016,I,Baby/Children,4,Children Sizes 134-170,5,Black,4,Dark,Viveka 5-p sshaftless BG,696614,Socks & Tights,Socks,302,Girls Underwear & Basics,79
696780009,52,Pink,Small Accessories,3946,"Wide, fabric-covered Alice band with a knot detail on the top.",Accessories,1019,All over pattern,1010001,D,Divided,2,Divided,4,Pink,2,Medium Dusty,ALICE knot headband,696780,Accessories,Hair/alice band,74,Divided Accessories,52
696890001,23,Dark Yellow,Local relevance,5641,"Shirt in organic cotton corduroy with a button-down collar, classic front and open chest pocket. Long sleeves with adjustable buttoning at the cuffs, a yoke with a pleat and hanger at the back, and a rounded hem. Slightly longer at the back. Regular fit – a classic fit with good room for movement and a gently shaped waist to create a comfortable, tailored silhouette.",Unknown,1001,Other structure,1010026,F,Menswear,3,Menswear,13,Brown,2,Medium Dusty,BENJAMIN CORD SHIRT,696890,Garment Upper body,Shirt,259,Men Project,24
696946001,51,Light Pink,Kids Girl Jersey Fancy,7616,"Sleeveless lace dress with an opening with a button at the back of the neck, seam with narrow elastication and a decorative bow at the waist and a lace-trimmed hem. Jersey-lined bodice and sewn-in inner skirt.",Jersey Fancy,1005,Lace,1010021,H,Baby/Children,4,Children Sizes 92-140,4,Pink,1,Dusty Light,Santiago dress,696946,Garment Full body,Dress,265,Kids Girl,76
696980010,21,Light Yellow,Kids Girl Jersey Fancy,7616,Short-sleeved dress in patterned cotton jersey with a seam at the hips and a gathered skirt.,Jersey Fancy,1005,All over pattern,1010001,H,Baby/Children,4,Children Sizes 92-140,8,Yellow,3,Light,Justin dress,696980,Garment Full body,Dress,265,Kids Girl,76
697010001,72,Blue,Kids Boy Denim,7956,"5-pocket slim-fit jeans in supersoft, stretch denim with an adjustable, elasticated waist, zip fly and press-stud, shaping seams at the knees and narrow hems.",Trousers Denim,1016,Denim,1010023,H,Baby/Children,4,Children Sizes 92-140,2,Blue,2,Medium Dusty,Skinny Knit Biker Marky,697010,Garment Lower body,Trousers,272,Kids Boy,46
697054088,12,Light Beige,Blouse,1522,"Blouse in woven fabric with a collar, buttons down the front, gathers at the shoulders, long sleeves with buttoned cuffs, and a rounded hem. Slightly longer at the back.",Blouses,1010,Jacquard,1010022,A,Ladieswear,1,Ladieswear,11,Beige,1,Dusty Light,Despacito,697054,Garment Upper body,Blouse,258,Womens Everyday Collection,15
697097002,10,White,Kids Girl Jersey Fancy,7616,Sleeveless top in cotton jersey with a print motif. Frill trim around the armholes.,Jersey Fancy,1005,Front print,1010008,H,Baby/Children,4,Children Sizes 92-140,9,White,3,Light,Basenji tanktop,697097,Garment Upper body,Vest top,253,Kids Girl,76
697201007,19,Greenish Khaki,Trouser,1710,"Trousers in a patterned viscose weave with a regular, elasticated waist, side pockets and straight, wide legs.",Trousers,1009,All over pattern,1010001,A,Ladieswear,1,Ladieswear,20,Khaki green,2,Medium Dusty,Waif Wide leg trouser RW,697201,Garment Lower body,Trousers,272,Womens Casual,6
697470001,71,Light Blue,Kids Girl Denim,7917,"Set with a top and shorts in cotton. Patterned jersey top. 5-pocket shorts in washed stretch denim with an adjustable, elasticated waist, zip fly and press-stud and sewn-in turn-ups at the hems.",Trousers Denim,1016,Denim,1010023,H,Baby/Children,4,Children Sizes 92-140,2,Blue,1,Dusty Light,SET SHORTS,697470,Garment Lower body,Shorts,274,Kids Girl,76
697564056,12,Light Beige,Tops Woven,1543,"Shirt in airy cotton with a collar, buttons down the front, long sleeves with buttoned cuffs, and a rounded hem.",Blouses,1010,All over pattern,1010001,D,Divided,2,Divided,11,Beige,1,Dusty Light,KELLY SHIRT S.1,697564,Garment Upper body,Shirt,259,Divided Collection,53
697780001,10,White,Woven top,1909,"Straight-cut shirt in an airy cotton weave with a collar, buttons down the front and an open chest pocket. Yoke with a pleat at the back, long sleeves with wide, buttoned cuffs, and a rounded hem. Slightly longer at the back.",Blouses,1010,Solid,1010016,A,Ladieswear,1,Ladieswear,9,White,3,Light,ED Melrose shirt,697780,Garment Upper body,Shirt,259,H&M+,2
697904003,72,Blue,Baby Boy Woven,6565,"Shorts in washed, stretch denim with an adjustable elasticated waist, zip fly and button, fake front pockets and real back pockets.",Woven/Jersey/Knitted mix Baby,1006,Denim,1010023,G,Baby/Children,4,Baby Sizes 50-98,2,Blue,2,Medium Dusty,Basic denim shorts,697904,Garment Lower body,Shorts,274,Baby Boy,41
697992003,61,Light Purple,Knitwear,1626,"Boxy-style jumper in a soft, textured knit with a deep V-neck, dropped shoulders, long sleeves and roll edges at the cuffs and hem.",Knitwear,1003,Solid,1010016,A,Ladieswear,1,Ladieswear,6,Lilac Purple,3,Light,Raven,697992,Garment Upper body,Sweater,252,Womens Everyday Collection,15
698157001,10,White,Young Girl Jersey Fancy,8716,"Cropped top in soft, printed cotton jersey with long sleeves.",Jersey Fancy,1005,Front print,1010008,I,Baby/Children,4,Children Sizes 134-170,9,White,3,Light,Saga LS low price,698157,Garment Upper body,T-shirt,255,Young Girl,77
698276003,9,Black,Swimwear,4242,"Fully lined swimsuit with a deep V-neck with ties at the front, and a square neckline at the back. Padded cups with removable inserts that shape the bust and provide good support. Flounces around the neckline front and back, and a seam at the waist.",Swimwear,1018,Solid,1010016,B,Ladieswear,1,Lingeries/Tights,5,Black,4,Dark,Epic Padded Swimsuit,698276,Swimwear,Swimsuit,57,"Womens Swimwear, beachwear",60
698328007,42,Red,Tops Fancy Jersey,1640,"Top in lightweight sweatshirt fabric with dropped shoulders, and ribbing around the neckline, cuffs and hem.",Jersey Fancy,1005,Embroidery,1010007,D,Divided,2,Divided,18,Red,7,Medium,ZEBRA CF TVP,698328,Garment Upper body,Sweater,252,Divided Collection,53
698432001,10,White,Young Boy Shirt,8757,"Shirt in an Oxford cotton weave with a button-down collar and buttons down the front. Open chest pocket, long sleeves with buttoned cuffs, and a rounded hem.",Shirts,1011,Stripe,1010017,I,Baby/Children,4,Children Sizes 134-170,-1,Unknown,5,Bright,Nate Oxford shirt,698432,Garment Upper body,Shirt,259,Young Boy,47
698578002,6,Light Grey,Baby Boy Jersey Fancy,6545,"Top in soft, printed cotton jersey with a concealed press-stud on one shoulder, long sleeves with a tab and button and a gently rounded hem. Slightly longer at the back.",Jersey Fancy,1005,All over pattern,1010001,G,Baby/Children,4,Baby Sizes 50-98,12,Grey,1,Dusty Light,Larry LS tee VP2,698578,Garment Upper body,T-shirt,255,Baby Boy,41
698742002,14,Dark Beige,Newborn,6564,"Trousers in soft, patterned organic cotton jersey with wide foldover ribbing at the waist.",Jersey Fancy,1005,All over pattern,1010001,G,Baby/Children,4,Baby Sizes 50-98,11,Beige,4,Dark,ALGOT HAPPY 3-p tights,698742,Garment Lower body,Trousers,272,Baby Essentials & Complements,44
698840001,72,Blue,Baby Girl Woven,6555,"Dungaree shorts in a soft cotton weave with press studs at the sides and adjustable straps with a press-stud at the front. Fake front pockets, a real back pocket and sewn-in turn-ups at the hems.",Woven/Jersey/Knitted mix Baby,1006,Denim,1010023,G,Baby/Children,4,Baby Sizes 50-98,2,Blue,2,Medium Dusty,SUSSI bib SHORTS,698840,Garment Full body,Jumpsuit/Playsuit,267,Baby Girl,40
698971002,42,Red,Jersey fancy,1636,"Short lace dress with a V-neck front and back, short cap sleeves, a seam at the waist and a flared skirt. Jersey lining.",Jersey Fancy,1005,Lace,1010021,A,Ladieswear,1,Ladieswear,18,Red,7,Medium,Hannah lace dress,698971,Garment Full body,Dress,265,Womens Everyday Collection,15
699071003,42,Red,Young Girl Jersey Fancy,8716,"Vest top in soft cotton jersey in a narrow cut at the top with a print motif, narrow shoulder straps and a racer back.",Jersey Fancy,1005,Front print,1010008,I,Baby/Children,4,Children Sizes 134-170,18,Red,7,Medium,Hailey strap tank,699071,Garment Upper body,Vest top,253,Young Girl,77
699155001,11,Off White,Trouser,5631,"Shorts in a striped cotton weave with an extended waistband with a button, an adjustable tab and button at the sides and a zip fly. Side pockets, welt back pockets with a button and slim legs with creases. Slim Fit.",Trousers,1009,Stripe,1010017,F,Menswear,3,Menswear,9,White,3,Light,Riviera shorts,699155,Garment Lower body,Shorts,274,Men Suits & Tailoring,23
699266002,9,Black,Take Care External,3080,"Top in softly draping silk with a stand-up collar, concealed zip at the back and long sleeves. Wide cuffs with concealed buttons, and slits in the sides.",Unknown,1001,Solid,1010016,A,Ladieswear,1,Ladieswear,5,Black,4,Dark,PE KIM TOP 3,699266,Garment Upper body,Top,254,Collaborations,97
699358001,9,Black,Knitwear,1610,"Jumper in a soft, fine knit containing some wool with a ribbed funnel collar, long sleeves and ribbing at the cuffs and hem.",Knitwear,1003,Solid,1010016,A,Ladieswear,1,Ladieswear,5,Black,4,Dark,Papillon Funnelneck 1,699358,Garment Upper body,Sweater,252,Womens Casual,6
699488003,91,Light Green,Baby Girl Jersey Fancy,6525,"Set in soft cotton jersey. Top with short, lace butterfly sleeves, a pleat at the front and an opening with a button at the back of the neck. Leggings with an elasticated waist. Elasticated hairband with a decorative knot.",Jersey Fancy,1005,All over pattern,1010001,G,Baby/Children,4,Baby Sizes 50-98,19,Green,3,Light,Toucan Set,699488,Garment Full body,Garment Set,270,Baby Girl,40
699617003,11,Off White,Outdoor/Blazers,1244,"Short, double-breasted coat in a soft weave with notch lapels and front pockets. Lined.",Outdoor,1007,Check,1010004,D,Divided,2,Divided,9,White,1,Dusty Light,Stark wool coat,699617,Garment Upper body,Coat,263,Divided Collection,53
699755030,9,Black,Jersey Fancy,5848,"Top in printed sweatshirt fabric with a jersey-lined, drawstring hood with a wrapover front. Long sleeves, a kangaroo pocket and ribbing at the cuffs and hem. Soft brushed inside.",Jersey Fancy,1005,Placement print,1010014,F,Menswear,3,Menswear,5,Black,4,Dark,Yate,699755,Garment Upper body,Sweater,252,Contemporary Casual,21
699823004,7,Grey,Bottoms Girls,6281,"Jacket in soft thermal fleece with contrasting colour details. Stand-up collar, zip down the front with a chin guard, long raglan sleeves with thumbholes at the cuffs, twisted side seams and a rounded hem. Longer at the back. Unlined.",Unknown,1001,Melange,1010010,S,Sport,26,Sport,12,Grey,2,Medium Dusty,BB Luke Fleece zip,699823,Garment Upper body,Top,254,Kids Sports,49
699923080,13,Beige,Jersey Fancy,5848,"T-shirt in soft, printed cotton jersey.",Jersey Fancy,1005,Front print,1010008,F,Menswear,3,Menswear,11,Beige,2,Medium Dusty,Mike tee,699923,Garment Upper body,T-shirt,255,Contemporary Casual,21
699954001,7,Grey,Bottoms Boys,8563,"Trousers in soft fleece with contrasting colour details, an elasticated drawstring waist, side pockets and elasticated hems.",Unknown,1001,Melange,1010010,S,Sport,26,Sport,12,Grey,2,Medium Dusty,SB Chris fleece trs,699954,Garment Lower body,Trousers,272,Kids Sports,49
700135002,8,Dark Grey,Bottoms Boys,8563,Knee-length sports shorts in fast-drying mesh with an elasticated drawstring waist. Unlined.,Unknown,1001,Solid,1010016,S,Sport,26,Sport,12,Grey,4,Dark,BB Basic Shorts,700135,Garment Lower body,Shorts,274,Kids Sports,49
700329005,71,Light Blue,Expressive Lingerie,1338,"Super push-up bra in lace and mesh with underwired, thickly padded cups to maximise the bust and create a fuller cleavage. Narrow, adjustable shoulder straps, a wide lace trim at the hem and a hook-and-eye fastening at the back.","Under-, Nightwear",1017,Lace,1010021,B,Ladieswear,1,Lingeries/Tights,2,Blue,1,Dusty Light,Buzz SP Bralette,700329,Underwear,Bra,306,Womens Lingerie,61
700696002,9,Black,Men Sport Bottoms,8394,"Running top in fast-drying functional fabric with taped details, a back section in ventilating mesh and long raglan sleeves with thumbholes at the cuffs.",Jersey Fancy,1005,Solid,1010016,S,Sport,26,Sport,5,Black,4,Dark,Collin long sleeve,700696,Garment Upper body,Top,254,Men H&M Sport,22
700761011,73,Dark Blue,Clean Lingerie,1339,"Hipster briefs in microfibre and lace with a low waist, lined gusset, narrow sides and cutaway coverage at the back.","Under-, Nightwear",1017,Solid,1010016,B,Ladieswear,1,Lingeries/Tights,2,Blue,4,Dark,Samantha Hipster Ch. Poppy Low,700761,Underwear,Underwear bottom,286,Womens Lingerie,61
700850003,6,Light Grey,Nightwear,3709,"Pyjamas in soft satin. V-neck top with narrow, adjustable shoulder straps and lace at the top. Straight, wide bottoms with an elasticated waist.","Under-, Nightwear",1017,All over pattern,1010001,B,Ladieswear,1,Lingeries/Tights,12,Grey,1,Dusty Light,Kim LL PJ (W),700850,Nightwear,Pyjama set,297,"Womens Nightwear, Socks & Tigh",62
700931002,52,Pink,Tops Fancy Jersey,1640,"Short, fitted top in viscose jersey with long sleeves and a visible seam down the front. Slightly shorter front with a knot detail at the hem.",Jersey Fancy,1005,Solid,1010016,D,Divided,2,Divided,4,Pink,2,Medium Dusty,TANGA LS,700931,Garment Upper body,Sweater,252,Divided Collection,53
701014002,73,Dark Blue,Casual Lingerie,1334,"Thong briefs in cotton jersey with a wide lace trim at the top. Low waist, lined gusset, narrow sides and a string back.","Under-, Nightwear",1017,Solid,1010016,B,Ladieswear,1,Lingeries/Tights,2,Blue,4,Dark,Bella Thong Ctn Low 3p,701014,Underwear,Underwear bottom,286,Womens Lingerie,61
701085021,73,Dark Blue,Kids Girl Jersey Basic,7920,Long-sleeved dress in patterned organic cotton jersey with a gathered seam at the waist and flared skirt.,Jersey Basic,1002,All over pattern,1010001,H,Baby/Children,4,Children Sizes 92-140,2,Blue,4,Dark,MONICA DRESS,701085,Garment Full body,Dress,265,Girls Underwear & Basics,79
701150002,50,Other Pink,Young Girl Swimwear,4320,Patterned bikini. Fully lined top in a high cut at the front with narrow shoulder straps that cross at the back and a plastic fastener at the back. Fully lined bottoms.,Swimwear,1018,Front print,1010008,J,Baby/Children,4,"Children Accessories, Swimwear",4,Pink,5,Bright,Miriam Bikini,701150,Swimwear,Swimwear set,299,"Kids Accessories, Swimwear & D",43
701256003,9,Black,Blouse & Dress,1941,"Blouse in a crêpe weave with a V-neck opening at the top with a short frilled collar with ties at the front. Dropped shoulders, long sleeves with a flounce and ties at the cuffs, and a straight-cut hem.",Blouses,1010,Solid,1010016,A,Ladieswear,1,Ladieswear,5,Black,4,Dark,Zingo blouse,701256,Garment Upper body,Blouse,258,Womens Trend,18
701385001,93,Dark Green,Take Care External,3080,"Skirt in a lightly crêped viscose weave with pleats on one side at the top, a concealed zip at the back and an asymmetric hem. Jersey inner skirt.",Unknown,1001,Solid,1010016,A,Ladieswear,1,Ladieswear,19,Green,2,Medium Dusty,PE FLORENTIN SKIRT,701385,Garment Lower body,Skirt,275,Collaborations,97
701599002,7,Grey,Kids Boy Big Acc,4212,"Double-layered hat in a soft, fine-knit cotton blend.",Accessories,1019,All over pattern,1010001,J,Baby/Children,4,"Children Accessories, Swimwear",12,Grey,2,Medium Dusty,BEANIE KNIT FINE,701599,Accessories,Hat/beanie,75,Kids Outerwear,45
701738008,51,Light Pink,Bags,3944,Small bag in imitation leather with a zip at the top and an adjustable waist strap with a plastic fastener. Size 5x12.5x19 cm.,Accessories,1019,Solid,1010016,D,Divided,2,Divided,4,Pink,1,Dusty Light,ENZO BELT BAG,701738,Accessories,Bag,66,Divided Accessories,52
701917002,72,Blue,Baby Girl Knitwear,6526,"Cardigans in soft, fine-knit cotton with buttons down the front and ribbing at the cuffs and hem.",Knitwear,1003,Melange,1010010,G,Baby/Children,4,Baby Sizes 50-98,2,Blue,2,Medium Dusty,Erika 2pack cardigan,701917,Garment Upper body,Cardigan,245,Baby Girl,40
702033001,5,Gold,Other items,3419,"Metal watch with an adjustable fastening. Diameter of face 3 cm, width of links approx. 1.5 cm, length of bracelet approx. 23 cm.",Accessories,1019,Solid,1010016,C,Ladieswear,1,Ladies Accessories,15,Metal,5,Bright,Mini Metal Isabelle watch,702033,Accessories,Watch,85,Womens Small accessories,66
702249001,73,Dark Blue,Outwear,1201,"Jacket in soft pile with a lined hood, zip down the front and front pockets. Lined.",Outdoor,1007,Solid,1010016,A,Ladieswear,1,Ladieswear,2,Blue,4,Dark,Lane hooded pile,702249,Garment Upper body,Coat,263,Womens Jackets,19
702445002,9,Black,Trouser,1722,"Trousers in a viscose weave with jacquard-weave stripes. Regular waist and an extended waistband with a hook-and-eye fastening, zip fly and straight, wide legs.",Trousers,1009,Jacquard,1010022,A,Ladieswear,1,Ladieswear,5,Black,4,Dark,Heartless trousers,702445,Garment Lower body,Trousers,272,Womens Everyday Collection,15
702657001,9,Black,Gloves/Hats,3519,Fine-knit gloves in a soft wool blend with a decorative bow in imitation leather on the top.,Accessories,1019,Solid,1010016,C,Ladieswear,1,Ladies Accessories,5,Black,4,Dark,new carrie glove1,702657,Accessories,Gloves,71,Womens Big accessories,65
702774001,9,Black,Expressive Lingerie,1338,"Waist-high hipster briefs in lace and mesh with a lined gusset, wide sides and cutaway coverage at the back.","Under-, Nightwear",1017,Lace,1010021,B,Ladieswear,1,Lingeries/Tights,5,Black,4,Dark,Charlotte highwaist hipster,702774,Underwear,Underwear bottom,286,Womens Lingerie,61
702890002,52,Pink,Casual Lingerie,1334,"Microfibre thong briefs with a low waist, lined gusset, narrow sides and string back.","Under-, Nightwear",1017,Solid,1010016,B,Ladieswear,1,Lingeries/Tights,4,Pink,2,Medium Dusty,Didi Thong Mic 3p,702890,Underwear,Underwear bottom,286,Womens Lingerie,61
702991003,91,Light Green,Baby Girl Jersey Fancy,6525,"Polo shirt in cotton piqué with a collar, button placket, short puff sleeves with ribbed trims, and short slits in the sides.",Jersey Fancy,1005,All over pattern,1010001,G,Baby/Children,4,Baby Sizes 50-98,19,Green,3,Light,Tindra Pique,702991,Garment Upper body,T-shirt,255,Baby Girl,40
703181005,71,Light Blue,Baby Girl Jersey Fancy,6525,"Sleeveless tops in soft cotton jersey with a gathered, elasticated frill around the neckline and armholes.",Jersey Fancy,1005,Other pattern,1010013,G,Baby/Children,4,Baby Sizes 50-98,2,Blue,3,Light,Miley 3-Pack Tank Top,703181,Garment Upper body,Vest top,253,Baby Girl,40
703296005,73,Dark Blue,Jacket Casual,5252,"Padded jacket in woven fabric with a fleece-lined stand-up collar and zip down the front. Zipped side pockets, one inner pocket with a hook and loop fastener and elastication on the inside of the cuffs and hem. Polyester filling. Lined.",Outdoor,1007,Solid,1010016,F,Menswear,3,Menswear,2,Blue,4,Dark,Nick Puffer,703296,Garment Upper body,Jacket,262,Mens Outerwear,31
703401005,9,Black,Kids Boy Jersey Fancy,7648,"Joggers in washed sweatshirt fabric with an elasticated drawstring waist, zipped side pockets and a back pocket. Tapered legs with decorative stitching at the knees and ribbed hems.",Jersey Fancy,1005,Treatment,1010018,H,Baby/Children,4,Children Sizes 92-140,5,Black,4,Dark,EAGLE JOGGER,703401,Garment Lower body,Trousers,272,Kids Boy,46
703559001,9,Black,Ladies Sport Bras,8316,"Loose-fitting sports vest top in fast-drying functional fabric with an integral sports bra and racer back. Sports bra with a double layer of fabric at the front, elasticated hem and opening at the back with crossover straps.",Jersey Fancy,1005,Melange,1010010,S,Sport,26,Sport,5,Black,4,Dark,Hail top,703559,Garment Upper body,Top,254,Ladies H&M Sport,5
703737003,93,Dark Green,Take Care External,3080,Scarf knitted in soft cashmere with ribbing on the short sides. Size 50x175 cm.,Unknown,1001,Solid,1010016,A,Ladieswear,1,Ladieswear,19,Green,4,Dark,PE - CLARA SCARF,703737,Accessories,Scarf,80,Collaborations,97
703973001,42,Red,Kids Girl Jersey Fancy,7616,"Long-sleeved dress in soft, printed cotton jersey with a seam at the waist and a flared skirt.",Jersey Fancy,1005,All over pattern,1010001,H,Baby/Children,4,Children Sizes 92-140,18,Red,7,Medium,Candy dress,703973,Garment Full body,Dress,265,Kids Girl,76
704150005,73,Dark Blue,Kids Boy Jersey Fancy,7648,"Long-sleeved top in sweatshirt fabric with a motif on the front and ribbing around the neckline, cuffs and hem.",Jersey Fancy,1005,Sequin,1010015,H,Baby/Children,4,Children Sizes 92-140,2,Blue,7,Medium,FUN FANCY CREW,704150,Garment Upper body,Sweater,252,Kids Boy,46
704630005,32,Orange,Sneakers,3828,Trainers with lacing at the front and a loop at the back. Mesh linings and insoles and chunky thermoplastic rubber (TPR) soles.,Shoes,1020,Colour blocking,1010005,C,Ladieswear,1,Ladies Accessories,11,Beige,2,Medium Dusty,Malva sneaker(1),704630,Shoes,Sneakers,94,Womens Shoes,64
704758016,22,Yellow,Kids Dress-up/Football,4314,Football shirt in fast-drying functional fabric with a print motif front and back. Short raglan sleeves ending in a double layer in a contrasting colour.,Accessories,1019,Placement print,1010014,J,Baby/Children,4,"Children Accessories, Swimwear",8,Yellow,5,Bright,Country t-shirt,704758,Garment Upper body,T-shirt,255,"Kids Accessories, Swimwear & D",43
704962001,73,Dark Blue,Swimwear,4242,"Fully lined swimsuit with a V-neck and knot detail at the top. Ties at the back of the neck, and concealed elastication under the bust for extra support. Gathers in the sides for best fit. The swimsuit is made partly from recycled polyamide and polyester.",Swimwear,1018,Solid,1010016,B,Ladieswear,1,Lingeries/Tights,2,Blue,4,Dark,MAMA Ipanema Swimsuite,704962,Swimwear,Swimsuit,57,"Womens Swimwear, beachwear",60
705242015,73,Dark Blue,Kids Boy Jersey Fancy,7648,"Shorts in lightweight sweatshirt fabric with an elasticated, drawstring waist, open back pocket and sewn-in turn-ups with roll edges at the hems.",Jersey Fancy,1005,Treatment,1010018,H,Baby/Children,4,Children Sizes 92-140,12,Grey,2,Medium Dusty,BERNARD SHORTS,705242,Garment Lower body,Shorts,274,Kids Boy,46
705384001,10,White,Baby Girl Woven,6555,Sleeveless dress in cotton seersucker with elastication at the top and rope-look shoulder straps with a sewn-on bow.,Woven/Jersey/Knitted mix Baby,1006,Stripe,1010017,G,Baby/Children,4,Baby Sizes 50-98,9,White,3,Light,ELLA dress,705384,Garment Full body,Dress,265,Baby Girl,40
705540002,11,Off White,Young Girl Jersey Fancy,8716,"Top in soft jersey with a round neckline, short cap sleeves and a lace trim at the hem.",Jersey Fancy,1005,Stripe,1010017,I,Baby/Children,4,Children Sizes 134-170,9,White,1,Dusty Light,Dianna top,705540,Garment Upper body,Top,254,Young Girl,77
705732001,9,Black,Trouser,1722,"Ankle-length trousers in woven fabric with a high waist, sewn-on tie belt, elastication at the back and pleats at the top. Side pockets, fake welt back pockets and tapered legs with creases.",Trousers,1009,Solid,1010016,A,Ladieswear,1,Ladieswear,5,Black,4,Dark,East HW tapered,705732,Garment Lower body,Trousers,272,Womens Everyday Collection,15
705875001,9,Black,Young Girl Shoes,4321,Ankle boots in imitation suede with a zip in one side. Fabric linings and insoles and thermoplastic rubber (TPR) soles.,Shoes,1020,Solid,1010016,J,Baby/Children,4,"Children Accessories, Swimwear",5,Black,4,Dark,Olivia boot BG,705875,Shoes,Boots,87,Kids & Baby Shoes,42
705982001,73,Dark Blue,Baby Shoes,6561,Trainers in mesh and imitation leather with a padded edge and tongue and hook and loop fastening at the front. Mesh linings and insoles and ethylene-vinyl acetate (EVA) and thermoplastic rubber (TPR) soles.,Shoes,1020,Solid,1010016,G,Baby/Children,4,Baby Sizes 50-98,2,Blue,4,Dark,Steve,705982,Shoes,Sneakers,94,Kids & Baby Shoes,42
706020015,9,Black,Kids Dress-up/Football,4314,Knee-length football shorts in fast-drying functional fabric with an elasticated drawstring waist and a print motif on one leg. Unlined.,Accessories,1019,Placement print,1010014,J,Baby/Children,4,"Children Accessories, Swimwear",5,Black,4,Dark,Country shorts,706020,Garment Lower body,Shorts,274,"Kids Accessories, Swimwear & D",43
706205001,10,White,Shirt,5767,"Shirt in patterned Oxford cotton with a button-down collar and open chest pocket. Short sleeves and a yoke with a pleat at the back. Regular fit – a classic fit with good room for movement and a gently tapered waist to create a comfortable, tailored silhouette.",Shirts,1011,All over pattern,1010001,F,Menswear,3,Menswear,9,White,3,Light,Pat ss bd oxford pattern,706205,Garment Upper body,Shirt,259,Contemporary Casual,21
706274007,93,Dark Green,Shirt,5767,"Shirt in a cotton herringbone weave with a button-down collar, classic front, open chest pocket and yoke with a pleat at the back. Long sleeves with adjustable buttoning at the cuffs, and a rounded hem. Regular fit – a classic fit with good room for movement and a gently shaped waist to create a comfortable, tailored silhouette.",Shirts,1011,Stripe,1010017,F,Menswear,3,Menswear,19,Green,2,Medium Dusty,Sam ls herringbone stripe,706274,Garment Upper body,Shirt,259,Contemporary Casual,21
706484001,17,Yellowish Brown,Bags & Items,7388,"Laptop case in soft, grained leather with a flap and press-stud at the front and a cotton canvas lining. Size 25.5x36 cm. Suitable for laptops up to 13"".",Accessories,1019,Solid,1010016,F,Menswear,3,Menswear,13,Brown,2,Medium Dusty,Sigge Leather Flap Case,706484,Accessories,Other accessories,78,Men Accessories,25
706650002,51,Light Pink,Baby Girl Jersey Fancy,6525,"Set with a long-sleeved jersey top, a pair of corduroy shorts and a pair of jersey leggings. Top with a round neckline that has a small opening and button at the back. Shorts with a fake fly, decorative button at the waist and sewn-in turn-ups at the hems. Leggings with an elasticated waist.",Jersey Fancy,1005,All over pattern,1010001,G,Baby/Children,4,Baby Sizes 50-98,4,Pink,1,Dusty Light,Tilly set,706650,Garment Full body,Garment Set,270,Baby Girl,40
706773001,72,Blue,Young Girl Dresses,8713,"Seersucker dress in a narrow cut at the top with a gentle flare to the hem. Elasticated top, narrow shoulder straps and a rounded hem.",Dresses/Skirts girls,1014,All over pattern,1010001,I,Baby/Children,4,Children Sizes 134-170,2,Blue,7,Medium,ES ELVA DRESS,706773,Garment Full body,Dress,265,Young Girl,77
707020001,9,Black,Divided+,1652,T-shirt in soft cotton jersey with a print motif on the front and short sleeves with sewn-in turn-ups.,Unknown,1001,Placement print,1010014,D,Divided,2,Divided,5,Black,4,Dark,DIV Linne Tee,707020,Garment Upper body,T-shirt,255,Divided Projects,50
707147004,52,Pink,Jersey,1919,Loose-fitting sports vest top in fast-drying jersey made from a viscose blend with a racer back and rounded hem. The polyester content of the vest top is partly recycled.,Jersey Fancy,1005,Solid,1010016,A,Ladieswear,1,Ladieswear,4,Pink,7,Medium,PINKY+,707147,Garment Upper body,Vest top,253,H&M+,2
707269005,53,Dark Pink,Clean Lingerie,1339,"Super push-up bra in microfibre with underwired, thickly padded cups to maximise the bust and create a fuller cleavage, Adjustable shoulder straps, a wide hook-and-eye fastening at the back and elasticated ribbing at the hem. Designed with the minimum number of seams for a seamless, comfortable feel against the skin.","Under-, Nightwear",1017,Solid,1010016,B,Ladieswear,1,Lingeries/Tights,13,Brown,2,Medium Dusty,Khloe SP Seamless Andes,707269,Underwear,Bra,306,Womens Lingerie,61
707378002,73,Dark Blue,Woven Tops,2033,"Dress in a patterned crêpe weave with wide, frill-trimmed wrapover sleeves and a seam at the waist with concealed elastication, a drawstring and decorative frill. The design includes a double layer at the top to help retain warmth while allowing easier nursing access.",Blouses,1010,All over pattern,1010001,A,Ladieswear,1,Ladieswear,2,Blue,4,Dark,P Rory dress,707378,Garment Full body,Dress,265,Mama,8
707613002,7,Grey,Jersey,1919,Sports tights in fast-drying functional fabric with a wide waistband to hold in and shape the waist.,Jersey Fancy,1005,Colour blocking,1010005,A,Ladieswear,1,Ladieswear,12,Grey,4,Dark,SUPREME TIGHTS+,707613,Garment Lower body,Leggings/Tights,273,H&M+,2
707777006,72,Blue,Denim Other Garments,1773,"Short, boxy-style jacket in washed denim with a collar, buttons down the front, dropped shoulders and long sleeves with buttoned cuffs. Flap chest pockets with a button and side pockets.",Trousers Denim,1016,Denim,1010023,D,Divided,2,Divided,2,Blue,2,Medium Dusty,Jacket Boxy,707777,Garment Upper body,Jacket,262,Ladies Denim,57
708067005,73,Dark Blue,Suit,1212,"Gently tailored jacket in woven fabric with a metal fastener at the front, welt front pockets and 3/4-length sleeves with gathered seems. Lined.",Dressed,1008,Solid,1010016,A,Ladieswear,1,Ladieswear,2,Blue,2,Medium Dusty,Colibri,708067,Garment Upper body,Blazer,264,Womens Tailoring,11
708217001,17,Yellowish Brown,Skirt,1422,Short suede skirt with decorative seams. Visible zip at the back. Lined.,Skirts,1012,Solid,1010016,A,Ladieswear,1,Ladieswear,13,Brown,4,Dark,Norma PQ,708217,Garment Lower body,Skirt,275,Womens Everyday Collection,15
708300001,7,Grey,Young Boy Jersey Fancy,8748,"Top in soft sweatshirt fabric with a wrapover, jersey-lined hood, long sleeves and ribbing at the cuffs and hem. Soft brushed inside.",Jersey Fancy,1005,Front print,1010008,I,Baby/Children,4,Children Sizes 134-170,12,Grey,1,Dusty Light,Noah casual hood TP,708300,Garment Upper body,Hoodie,308,Young Boy,47
708334002,51,Light Pink,Jersey,2032,"Yoga top in fast-drying jersey with a wide neckline, dropped shoulders and long sleeves. Cut out section and a mesh panel at the back, and gathers in the sides for best fit over the tummy.",Jersey Fancy,1005,Solid,1010016,A,Ladieswear,1,Ladieswear,4,Pink,1,Dusty Light,MAMA  IVY LOOSE LS,708334,Garment Upper body,Sweater,252,Mama,8
708378002,71,Light Blue,Kids Girl Dresses,7613,"Blouse in an airy cotton weave with short, flounced sleeves and an opening with a button at the back of the neck. Pin-tucks at the top, and a flounce around the neckline.",Dresses/Skirts girls,1014,All over pattern,1010001,H,Baby/Children,4,Children Sizes 92-140,2,Blue,1,Dusty Light,Ollie Blouse,708378,Garment Upper body,Blouse,258,Kids Girl,76
708432006,13,Beige,Jersey fancy,1636,Top in airy linen jersey with short flounced sleeves and a deep V-neck with buttons at the top.,Jersey Fancy,1005,Solid,1010016,A,Ladieswear,1,Ladieswear,11,Beige,2,Medium Dusty,Chaka linnen,708432,Garment Upper body,Top,254,Womens Everyday Collection,15
708488001,21,Light Yellow,Jersey,2032,"Short, sleeveless dress in textured jersey with a V-neck and wrapover front and back. Frill trims around the armholes, at the neckline and at the back. Ties at the back of the neck and a seam at the waist with smocking at the back. Unlined.",Jersey Fancy,1005,All over pattern,1010001,A,Ladieswear,1,Ladieswear,8,Yellow,3,Light,Frankie dress,708488,Garment Full body,Dress,265,Mama,8
708609003,10,White,Baby Girl Woven,6555,Puff pants in a cotton weave with elastication and a frill trim at the waist and elasticated hems.,Woven/Jersey/Knitted mix Baby,1006,All over pattern,1010001,G,Baby/Children,4,Baby Sizes 50-98,9,White,3,Light,MALOU shorts,708609,Garment Lower body,Shorts,274,Baby Girl,40
708726001,73,Dark Blue,Bottoms,1752,"Short shorts in stretch cotton twill with a high waist, back pockets and sewn-in turn-ups at the hems.",Trousers,1009,Solid,1010016,D,Divided,2,Divided,2,Blue,4,Dark,EQ OZZY SHORTS,708726,Garment Lower body,Shorts,274,EQ Divided,71
708819001,51,Light Pink,UW,3937,Socks in a soft fine-knit with a print motif and elasticated tops.,"Under-, Nightwear",1017,Placement print,1010014,D,Divided,2,Divided,4,Pink,3,Light,Phoebe sock,708819,Socks & Tights,Socks,302,Divided Basics,51
709034010,82,Turquoise,Projects Jersey & Knitwear,1644,Fine-knit jumper in a soft viscose blend with long sleeves and a lace trim at the cuffs and hem.,Jersey Fancy,1005,Solid,1010016,D,Divided,2,Divided,7,Turquoise,1,Dusty Light,Mandy knitted jumper,709034,Garment Upper body,Sweater,252,Divided Projects,50
709248029,71,Light Blue,Kids Girl Jersey Basic,7920,"Top in soft, organic cotton jersey with short puff sleeves.",Jersey Basic,1002,Solid,1010016,H,Baby/Children,4,Children Sizes 92-140,2,Blue,3,Light,NALA ss tee,709248,Garment Upper body,T-shirt,255,Girls Underwear & Basics,79
709517001,51,Light Pink,Newborn,6564,"Short-sleeved dress with a sewn-in bodysuit in soft organic cotton jersey and a tulle skirt. Bodysuit with a scalloped neckline, short sleeves and press-studs at the shoulders and crotch. Skirt with shimmering spots and a sewn-on bow.",Jersey Fancy,1005,Solid,1010016,G,Baby/Children,4,Baby Sizes 50-98,4,Pink,1,Dusty Light,CARRIE s/s dress 5,709517,Garment Full body,Dress,265,Baby Essentials & Complements,44
709839006,11,Off White,Baby Toys/Acc,2950,Tube scarf and double-layered hat in soft jersey.,Accessories,1019,Stripe,1010017,G,Baby/Children,4,Baby Sizes 50-98,9,White,1,Dusty Light,Charlie jersey set,709839,Accessories,Hat/beanie,75,Baby Essentials & Complements,44
710056004,32,Orange,Flats,3527,Slides in imitation suede with crossover straps. Imitation suede insoles and fluted soles.,Shoes,1020,Solid,1010016,C,Ladieswear,1,Ladies Accessories,3,Orange,5,Bright,Kriss kross sandal,710056,Shoes,Sandals,91,Womens Shoes,64
710214002,51,Light Pink,Girls Small Acc/Bags,4313,Set with an Alice band and tail in faux fur. Alice band with appliqués in the shape of ears on top. Padded tail with ribbons and a hook and loop fastening. Length of tail approx. 35 cm.,Accessories,1019,Solid,1010016,J,Baby/Children,4,"Children Accessories, Swimwear",4,Pink,1,Dusty Light,Cat set,710214,Accessories,Other accessories,78,"Kids Accessories, Swimwear & D",43
710426004,9,Black,Young Girl Jersey Basic,7930,T-shirt in organic cotton jersey with a rounded hem.,Jersey Basic,1002,Solid,1010016,I,Baby/Children,4,Children Sizes 134-170,5,Black,4,Dark,PEACH solid single tee,710426,Garment Upper body,T-shirt,255,Girls Underwear & Basics,79
710652001,7,Grey,Knit & Woven,3945,Scarf in a soft rib knit with fringes on the short sides. Size approx. 30x198 cm.,Accessories,1019,Solid,1010016,D,Divided,2,Divided,12,Grey,2,Medium Dusty,TORA KNITTED SCARF,710652,Accessories,Scarf,80,Divided Accessories,52
710830001,42,Red,Woven top,1909,"Pyjamas in a soft cotton flannel. Long-sleeved shirt with notch lapels, buttons down the front and buttoned cuffs. Bottoms with an elasticated waist.",Blouses,1010,Check,1010004,A,Ladieswear,1,Ladieswear,18,Red,7,Medium,NW Nina LL PJ GIFT,710830,Garment Upper body,Top,254,H&M+,2
710894002,41,Light Red,Baby Girl Knitwear,6526,"Top in soft slub jersey made from a linen and cotton blend with an opening and button at the back of the neck, short sleeves with sewn-in turn-ups and a seam and flounce at the hem.",Knitwear,1003,Slub,1010025,G,Baby/Children,4,Baby Sizes 50-98,18,Red,7,Medium,FLEUR frill tee,710894,Garment Upper body,Top,254,Baby Girl,40
711053003,9,Black,Basic 1,1643,Long T-shirt in soft jersey made from a cotton blend with short sleeves with sewn-in turn-ups.,Jersey Basic,1002,Solid,1010016,D,Divided,2,Divided,5,Black,4,Dark,Tess Tee.,711053,Garment Upper body,T-shirt,255,Divided Basics,51
711174001,13,Beige,Outwear,1201,"Lightly padded, quilted jacket with press-studs down the front and diagonal side pockets. Lined.",Outdoor,1007,Solid,1010016,A,Ladieswear,1,Ladieswear,11,Beige,2,Medium Dusty,Clover Padded Jacket,711174,Garment Upper body,Coat,263,Womens Jackets,19
711260001,9,Black,Jersey inactive from s1,5957,"Long T-shirt in soft, printed jersey with a wide neckline and dropped shoulders. Slightly longer at the back.",Jersey Fancy,1005,Front print,1010008,F,Menswear,3,Menswear,5,Black,4,Dark,Printed negative tee,711260,Garment Upper body,T-shirt,255,Contemporary Street,55
711463001,10,White,Ladies Sport Bras,8316,Wide sports top in fast-drying slub jersey made from a viscose and cotton blend with low dropped shoulders and short sleeves.,Jersey Fancy,1005,Solid,1010016,S,Sport,26,Sport,9,White,3,Light,Nissi tee,711463,Garment Upper body,T-shirt,255,Ladies H&M Sport,5
711648004,93,Dark Green,Kids Boy Outdoor,7852,"Padded jacket in woven fabric with reflective details, a padded, detachable hood and stand-up collar. Zip down the front with a chin guard, side pockets, two inner pockets and narrow elastication at the cuffs. Slightly longer at the back. Lined.",Outdoor,1007,Solid,1010016,H,Baby/Children,4,Children Sizes 92-140,19,Green,4,Dark,SB Mason Insulation,711648,Garment Upper body,Jacket,262,Kids Outerwear,45
711871001,9,Black,Skirts,1444,Skirt in an airy weave with pleated frills and an elasticated waist. Short jersey underskirt.,Skirts,1012,Solid,1010016,D,Divided,2,Divided,5,Black,4,Dark,Harmony skirt.,711871,Garment Lower body,Skirt,275,Divided Collection,53
712167002,43,Dark Red,Blouse & Dress,1941,"Blouse in airy chiffon with a small stand-up collar and an opening with ties at the top. Dropped shoulders and long balloon sleeves with a drawstring at the cuffs. V-neck inner top in a viscose weave with narrow, adjustable shoulder straps.",Blouses,1010,Jacquard,1010022,A,Ladieswear,1,Ladieswear,18,Red,4,Dark,Zola blouse,712167,Garment Upper body,Blouse,258,Womens Trend,18
712392002,9,Black,Divided+,1652,"Parka woven in a modal blend with a soft, brushed finish. Hood, diagonal zip down the front, a drawstring at the waist, side pockets and long sleeves with a tab and button. Unlined.",Unknown,1001,Solid,1010016,D,Divided,2,Divided,5,Black,4,Dark,DIV Peach parka FU,712392,Garment Upper body,Jacket,262,Divided Projects,50
712594001,32,Orange,Bags,3209,Small shoulder bag in sturdy imitation leather with a flap and magnetic fastener. Narrow metal chain and imitation leather shoulder strap and one inner compartment. Lined. Size approx. 7.5x15.5x17.5 cm.,Accessories,1019,Solid,1010016,C,Ladieswear,1,Ladies Accessories,3,Orange,2,Medium Dusty,Beauty Small Cross Bag,712594,Accessories,Bag,66,Womens Big accessories,65
712811001,73,Dark Blue,Baby Boy Jersey Fancy,6545,"Set with a long-sleeved top and pair of trousers in soft cotton jersey. Top with a sewn-on bow tie and printed waistcoat at the front, a round neck and a concealed press-stud on one shoulder. Trousers with an elasticated waist, fake fly with a button, side pockets and a fake welt back pocket with a button.",Jersey Fancy,1005,Placement print,1010014,G,Baby/Children,4,Baby Sizes 50-98,2,Blue,4,Dark,Ludwig welldressed set,712811,Garment Full body,Garment Set,270,Baby Boy,41
713019008,10,White,Jersey,1660,T-shirt in soft jersey with a print motif on the front.,Jersey Fancy,1005,Front print,1010008,A,Ladieswear,1,Ladieswear,9,White,3,Light,PRINTED TEE OWN PRINT,713019,Garment Upper body,T-shirt,255,Womens Casual,6
713284001,73,Dark Blue,Baby Exclusive,6557,"Baby Exclusive. Dungaree dress in an organic cotton chambray weave with a small opening and sewn-on bow at the front, straps with fasteners, and patch front pockets. Lined.",Woven/Jersey/Knitted mix Baby,1006,Chambray,1010024,G,Baby/Children,4,Baby Sizes 50-98,2,Blue,2,Medium Dusty,DOLORES chambray dress,713284,Garment Full body,Dress,265,Baby Essentials & Complements,44
713443002,19,Greenish Khaki,Outdoor/Blazers,1244,"Long parka in woven fabric with a jersey-lined drawstring hood and a zip and wind flap with press-studs down the front. Side pockets with a press-stud, long raglan sleeves with elastication at the cuffs, and a drawstring at the waist and hem. Lined.",Outdoor,1007,Solid,1010016,D,Divided,2,Divided,20,Khaki green,2,Medium Dusty,Trixie Parka,713443,Garment Upper body,Jacket,262,Divided Collection,53
713717003,10,White,Woven top,1909,"Tunic in a crinkled cotton weave with embroidery. V-neck with ties at the neckline, 3/4-length sleeves and a rounded hem. Slightly longer at the back.",Blouses,1010,Solid,1010016,A,Ladieswear,1,Ladieswear,9,White,3,Light,LOGG Edgar tunic,713717,Garment Upper body,Top,254,H&M+,2
713802001,10,White,Woven top,1909,"Blouse in a cotton weave with broderie anglaise details. Smocking with a small frill trim around the neckline, a V-shaped opening at the front with scalloped edges, and short, wide raglan sleeves.",Blouses,1010,Solid,1010016,A,Ladieswear,1,Ladieswear,9,White,3,Light,LOGG Hans SS blouse,713802,Garment Upper body,Top,254,H&M+,2
713929001,73,Dark Blue,Baby Exclusive,6557,"Baby Exclusive. Set with a jacket and pair of trousers in narrow-wale organic cotton corduroy. Jacket with notch lapels, buttons at the front, a chest pocket, flap welt front pockets and decorative buttons at the cuffs. Unlined. Trousers with an adjustable elasticated waist, pleats at the top, fly with a button, side pockets, fake welt back pockets and sewn-in turn-ups at the hems.",Woven/Jersey/Knitted mix Baby,1006,Solid,1010016,G,Baby/Children,4,Baby Sizes 50-98,2,Blue,4,Dark,SNACKS LL set,713929,Garment Full body,Garment Set,270,Baby Essentials & Complements,44
713993041,9,Black,Hair Accessories,4343,Fabric-covered Alice band with a decorative knot detail.,Accessories,1019,Solid,1010016,C,Ladieswear,1,Ladies Accessories,5,Black,4,Dark,Knot aliceband,713993,Accessories,Hair/alice band,74,Womens Small accessories,66
713997083,13,Beige,Hair Accessories,4343,Elasticated scrunchie in woven fabric with a scarf detail.,Accessories,1019,All over pattern,1010001,C,Ladieswear,1,Ladies Accessories,11,Beige,2,Medium Dusty,Scarf Scrunchie,713997,Accessories,Other accessories,78,Womens Small accessories,66
714232002,9,Black,Jersey Basic,1676,Leggings in soft cotton jersey.,Jersey Basic,1002,Solid,1010016,A,Ladieswear,1,Ladieswear,5,Black,4,Dark,Long leggings Petite,714232,Garment Lower body,Leggings/Tights,273,Womens Everyday Basics,16
714419001,10,White,Read & React,4092,Short-sleeved blouse in a crinkled viscose weave with a V-neck and buttons down the front.,Unknown,1001,Solid,1010016,D,Divided,2,Divided,9,White,3,Light,RR 27.6 Blouse Buttons,714419,Garment Upper body,Blouse,258,Divided Projects,50
714582001,9,Black,Knitwear,1626,"Long-sleeved jumper in a soft knit containing some wool. Zip at the back, dropped shoulders, ribbing around the neckline, cuffs and hem, and slits in the sides. The polyester content of the jumper is recycled.",Knitwear,1003,Solid,1010016,A,Ladieswear,1,Ladieswear,5,Black,4,Dark,Totem (1),714582,Garment Upper body,Sweater,252,Womens Everyday Collection,15
714726001,8,Dark Grey,Projects Jersey & Knitwear,1644,"Turtle-neck jumper in a soft fine knit with low dropped shoulders, wide sleeves with beaded embroidery, and ribbing at the cuffs and hem. Slightly longer at the back.",Jersey Fancy,1005,Embroidery,1010007,D,Divided,2,Divided,12,Grey,4,Dark,Primrose jumper,714726,Garment Upper body,Sweater,252,Divided Projects,50
714840002,9,Black,Jersey inactive from s1,5957,"Shorts in sweatshirt fabric with side stripes, an elasticated drawstring waist, low crotch and side pockets. Soft brushed inside.",Jersey Fancy,1005,Solid,1010016,F,Menswear,3,Menswear,5,Black,4,Dark,Squad shorts,714840,Garment Lower body,Shorts,274,Contemporary Street,55
715005002,72,Blue,Baby Boy Knitwear,6546,Cardigans in fine-knit cotton with a V-neck and buttons down the front.,Knitwear,1003,Melange,1010010,G,Baby/Children,4,Baby Sizes 50-98,2,Blue,2,Medium Dusty,Bertil cardigan 2-p,715005,Garment Upper body,Cardigan,245,Baby Boy,41
715127005,9,Black,Projects Jersey & Knitwear,1644,"Jumper in a soft, fine knit with an opening and ties at the back of the neck, long puff sleeves and ribbing around the neckline, cuffs and hem.",Jersey Fancy,1005,Solid,1010016,D,Divided,2,Divided,5,Black,4,Dark,Lucille,715127,Garment Upper body,Sweater,252,Divided Projects,50
715226004,73,Dark Blue,Kids Boy Jersey Fancy,7648,"Long-sleeved top in soft, printed cotton jersey.",Jersey Fancy,1005,Placement print,1010014,H,Baby/Children,4,Children Sizes 92-140,2,Blue,4,Dark,ANDYS L/S,715226,Garment Upper body,T-shirt,255,Kids Boy,46
715274006,7,Grey,Jersey Fancy,5828,"Top in printed, slub-textured sweatshirt fabric with long sleeves and ribbing around the neckline, cuffs and hem.",Jersey Fancy,1005,Melange,1010010,F,Menswear,3,Menswear,12,Grey,1,Dusty Light,PARROT SLUB CREWNECK,715274,Garment Upper body,Sweater,252,Contemporary Smart,20
715424002,7,Grey,Shopbasket Socks,3611,"Fine-knit knee socks in a soft, thermal wool blend with elasticated tops.",Socks and Tights,1021,Solid,1010016,B,Ladieswear,1,Lingeries/Tights,12,Grey,2,Medium Dusty,Wool 2p Kneehigh,715424,Socks & Tights,Socks,302,"Womens Nightwear, Socks & Tigh",62
715590006,10,White,Skirt,1422,"Fitted, knee-length skirt woven in a cotton blend with a high waist, concealed zip in one side and a sewn-in wrapover at the front with decorative buttons at the top. Unlined.",Skirts,1012,Solid,1010016,A,Ladieswear,1,Ladieswear,9,White,3,Light,Zaza skirt,715590,Garment Lower body,Skirt,275,Womens Everyday Collection,15
715679006,8,Dark Grey,Kids Girl UW/NW,7922,"Short-sleeved nightdresses in soft, printed cotton jersey with a rounded hem. Slightly longer at the back.","Under-, Nightwear",1017,All over pattern,1010001,H,Baby/Children,4,Children Sizes 92-140,12,Grey,4,Dark,SALINA 2-p NG,715679,Nightwear,Night gown,293,Girls Underwear & Basics,79
715876002,9,Black,Tops Knitwear,1647,"Slightly shorter top in soft pointelle made from a viscose blend with short, rib-trimmed sleeves and a ribbed hem.",Knitwear,1003,Solid,1010016,D,Divided,2,Divided,5,Black,4,Dark,Tetra Pointelle Tee,715876,Garment Upper body,Sweater,252,Divided Collection,53
716099002,42,Red,Jersey fancy,1636,Long-sleeved top in stretch viscose jersey with a lace yoke.,Jersey Fancy,1005,Lace,1010021,A,Ladieswear,1,Ladieswear,18,Red,7,Medium,Flora lace top,716099,Garment Upper body,Top,254,Womens Everyday Collection,15
716226001,42,Red,Kids Girl Jersey Basic,7920,Long-sleeved tops in organic cotton jersey. Slightly longer at the back.,Jersey Basic,1002,Stripe,1010017,H,Baby/Children,4,Children Sizes 92-140,18,Red,5,Bright,FRIDA 2-p,716226,Garment Upper body,T-shirt,255,Girls Underwear & Basics,79
716382001,17,Yellowish Brown,Outwear,1201,"Short, straight-cut coat in woven fabric with a zip down the front and zipped pockets with a decorative flap. Lined.",Outdoor,1007,All over pattern,1010001,A,Ladieswear,1,Ladieswear,13,Brown,4,Dark,Bluebell Coat,716382,Garment Upper body,Jacket,262,Womens Jackets,19
716581001,72,Blue,Blouse,1522,"Top in an airy viscose crêpe weave with a small frill around the neckline, short, frilled sleeves that slope downwards at the sides and a small opening and button at the back of the neck.",Blouses,1010,Solid,1010016,A,Ladieswear,1,Ladieswear,2,Blue,2,Medium Dusty,Mercery,716581,Garment Upper body,Blouse,258,Womens Everyday Collection,15
716672019,52,Pink,Blouse,1515,Top in a softly draping weave with a V-neck front and back and spaghetti shoulder straps. Lined. The polyester content of the top is partly recycled.,Blouses,1010,Solid,1010016,A,Ladieswear,1,Ladieswear,4,Pink,7,Medium,Jennifer Top,716672,Garment Upper body,Vest top,253,Womens Tailoring,11
716947001,19,Greenish Khaki,Trousers,1747,"Ankle-length trousers in sturdy cotton canvas with a high waist, zip fly, patch front pockets, fake flap back pockets and gently tapered legs.",Trousers,1009,All over pattern,1010001,D,Divided,2,Divided,20,Khaki green,1,Dusty Light,Desert TRS,716947,Garment Lower body,Trousers,272,Divided Collection,53
717067002,82,Turquoise,Jersey Basic,1676,"Wide trousers in lightweight sweatshirt fabric with an elasticated, ribbed waistband.",Jersey Basic,1002,Solid,1010016,A,Ladieswear,1,Ladieswear,12,Grey,2,Medium Dusty,Karlos,717067,Garment Lower body,Trousers,272,Womens Everyday Basics,16
717224002,9,Black,UW,3937,"Hipster briefs in microfibre with a low waist, wide sides, medium coverage at the back and folded, glued, scalloped edges.","Under-, Nightwear",1017,Solid,1010016,D,Divided,2,Divided,5,Black,4,Dark,Ariel Hipster,717224,Underwear,Underwear bottom,286,Divided Basics,51
717467003,43,Dark Red,Jersey fancy,1636,"V-neck body in airy jersey with a slight sheen. Gathers at the shoulders, long sleeves and draping at the front. Seam at the waist and a lined gusset with press-studs.",Jersey Fancy,1005,Solid,1010016,A,Ladieswear,1,Ladieswear,18,Red,4,Dark,Dance body,717467,Garment Upper body,Top,254,Womens Everyday Collection,15
717496001,19,Greenish Khaki,Kids Boy Trouser,7656,"Cargo trousers in a cotton weave with an elasticated drawstring waist, fake fly, side pockets, flap leg pockets and a fake back pocket.",Trousers,1009,Solid,1010016,H,Baby/Children,4,Children Sizes 92-140,20,Khaki green,2,Medium Dusty,Jesper low price cargo,717496,Garment Lower body,Trousers,272,Kids Boy,46
717664003,14,Dark Beige,Knitwear,1616,"Jumper in a soft, fine-knit viscose blend with a ribbed collar, button placket and ribbing at the cuffs and hem.",Knitwear,1003,Solid,1010016,A,Ladieswear,1,Ladieswear,13,Brown,2,Medium Dusty,Ford,717664,Garment Upper body,Sweater,252,Womens Tailoring,11
717755004,41,Light Red,Equatorial,1352,"Playsuit in airy chiffon crêpe with a wrapover top and concealed press-stud at the front. Short sleeves, an elasticated seam at the waist and short, wide legs. Jersey lining.",Unknown,1001,Solid,1010016,D,Divided,2,Divided,18,Red,7,Medium,EQ ZIDANE jumpsuit,717755,Garment Full body,Jumpsuit/Playsuit,267,Divided Projects,50
717849003,61,Light Purple,Dress,1313,"Long wrap dress in airy chiffon with a V-neck front and back and short flounced sleeves. Flounced trim around the V-neck at the back, a seam and narrow tie belt at the waist and a softly draping skirt. Lined.",Dresses Ladies,1013,Solid,1010016,A,Ladieswear,1,Ladieswear,6,Lilac Purple,1,Dusty Light,River Wrap Dress,717849,Garment Full body,Dress,265,Womens Tailoring,11
717995010,51,Light Pink,Heavy Basic Jersey,5833,"Top in lightweight sweatshirt fabric with long sleeves, a kangaroo pocket and a jersey-lined, drawstring hood with a wrapover front. Ribbing at the cuffs and hem.",Jersey Basic,1002,Solid,1010016,F,Menswear,3,Menswear,4,Pink,3,Light,ROLAND SET IN,717995,Garment Upper body,Hoodie,308,Men Underwear,26
718086004,52,Pink,Jersey,1666,"Maxi dress in soft jersey with a V-neck at the front and low-cut neckline at the back. Wide shoulder straps that cross at the back, an elasticated seam at the waist and a long, pleated, heavily draping skirt. Lined.",Jersey Fancy,1005,Solid,1010016,A,Ladieswear,1,Ladieswear,1,Mole,1,Dusty Light,Vivi Pleated Dress,718086,Garment Full body,Dress,265,Womens Tailoring,11
718278004,52,Pink,Basic 1,1643,"Loose-fitting, V-neck T-shirt in soft jersey made from a cotton blend.",Jersey Basic,1002,Solid,1010016,D,Divided,2,Divided,4,Pink,2,Medium Dusty,Bird tee,718278,Garment Upper body,T-shirt,255,Divided Basics,51
718448002,53,Dark Pink,Knitwear,1626,"Fitted maxi dress in a rib-knit cotton blend with a round neckline, long sleeves and gentle flare to the hem. Overlocked edges at the cuffs and hem.",Knitwear,1003,Stripe,1010017,A,Ladieswear,1,Ladieswear,18,Red,4,Dark,Ice Lolly,718448,Garment Full body,Dress,265,Womens Everyday Collection,15
718743001,8,Dark Grey,Ladies Sport Bottoms,8310,Sports tights in fast-drying functional fabric with a wide waistband to hold in and shape the waist. Concealed key pocket in the waistband.,Jersey Fancy,1005,Colour blocking,1010005,S,Sport,26,Sport,-1,Unknown,4,Dark,DISCOVERY tights,718743,Garment Lower body,Leggings/Tights,273,Ladies H&M Sport,5
719062008,71,Light Blue,Kids Boy Jersey Fancy,7648,"Long-sleeved Henley shirt in soft, textured cotton jersey with a small collar, button placket and chest pocket.",Jersey Fancy,1005,Stripe,1010017,H,Baby/Children,4,Children Sizes 92-140,2,Blue,3,Light,VIGGO HENLEY L/S/NEWTON,719062,Garment Upper body,Sweater,252,Kids Boy,46
719220002,9,Black,Equatorial Assortment,3030,"Trousers in a patterned weave made from a viscose blend with a detachable tie belt. Side pockets, open back pockets and tapered legs with elastication and a tie at the hems.",Unknown,1001,All over pattern,1010001,A,Ladieswear,1,Ladieswear,5,Black,4,Dark,W JOE HW TRS,719220,Garment Lower body,Trousers,272,Womens Everyday Collection,15
719308003,21,Light Yellow,Projects Dresses,1343,"Calf-length dress in a patterned weave with an opening at the front and ties at the top. Short, elasticated sleeves, flounces at the front, a concealed zip in one side, a seam at the waist and a flared skirt.",Dresses Ladies,1013,All over pattern,1010001,D,Divided,2,Divided,8,Yellow,3,Light,Saffron Dress,719308,Garment Full body,Dress,265,Divided Projects,50
719523013,9,Black,Projects Woven Bottoms,1743,"Pleated, calf-length skirt in woven fabric with covered elastication at the waist. Lined.",Trousers,1009,All over pattern,1010001,D,Divided,2,Divided,5,Black,4,Dark,Barton midi skirt,719523,Garment Lower body,Skirt,275,Divided Projects,50
719601001,7,Grey,Jersey,1919,"Top in a fine-knit viscose blend with a supersoft, brushed finish. Round neck, low dropped shoulders, and decorative bead appliqués down the sleeves. Slightly longer at the back.",Jersey Fancy,1005,Melange,1010010,A,Ladieswear,1,Ladieswear,12,Grey,1,Dusty Light,ED Riley sweater,719601,Garment Upper body,Top,254,H&M+,2
719685005,12,Light Beige,Kids Girl Dresses,7613,"Sleeveless playsuit in a viscose weave with elastication and a flounce at the top, an elasticated seam at the waist and discreet pockets in the side seams.",Dresses/Skirts girls,1014,All over pattern,1010001,H,Baby/Children,4,Children Sizes 92-140,11,Beige,1,Dusty Light,Mini Romper,719685,Nightwear,Pyjama jumpsuit/playsuit,295,Kids Girl,76
719946002,72,Blue,Dress,1322,"Knee-length dress in a viscose crêpe weave with a small stand-up collar and buttons down the front. Long sleeves with buttoned cuffs and a narrow, detachable tie belt at the waist. Unlined.",Dresses Ladies,1013,Stripe,1010017,A,Ladieswear,1,Ladieswear,2,Blue,7,Medium,Pannacotta,719946,Garment Full body,Dress,265,Womens Everyday Collection,15
720125017,9,Black,Ladies Sport Bottoms,8310,Sports tights in fast-drying functional fabric with a wide waistband to hold in and shape the waist. Regular waist with a concealed key pocket in the waistband.,Jersey Fancy,1005,Placement print,1010014,S,Sport,26,Sport,5,Black,4,Dark,SUPREME RW tights,720125,Garment Lower body,Leggings/Tights,273,Ladies H&M Sport,5
720386005,8,Dark Grey,Young Boy Shorts,8755,"Shorts in lightweight cotton twill with a drawstring and belt loops at the waist, a zip fly and button, diagonal side pockets and a fake welt pocket with a button at the back.",Shorts,1025,All over pattern,1010001,I,Baby/Children,4,Children Sizes 134-170,12,Grey,2,Medium Dusty,Roy shorts,720386,Garment Lower body,Shorts,274,Young Boy,47
720572002,10,White,Dresses,1344,"Short dress in jersey made from a viscose blend with narrow shoulder straps, a seam at the waist and a gently flared skirt. Unlined.",Dresses Ladies,1013,Stripe,1010017,D,Divided,2,Divided,9,White,3,Light,Bahama dress,720572,Garment Full body,Dress,265,Divided Collection,53
720750002,10,White,Promotion/ Other /Offer,4090,"Fitted, off-the-shoulder body in soft, ribbed jersey with decorative buttons at the top, short raglan sleeves and concealed press-studs at the crotch.",Special Offers,1023,Solid,1010016,D,Divided,2,Divided,9,White,3,Light,SB Ohio body,720750,Garment Upper body,Bodysuit,256,Divided Projects,50
720935002,42,Red,Trousers & Skirt,1948,"Calf-length skirt in woven fabric with a high waist, pleats and buttons down the front. Unlined.",Trousers,1009,Solid,1010016,A,Ladieswear,1,Ladieswear,18,Red,5,Bright,Hazel skirt,720935,Garment Lower body,Skirt,275,Womens Trend,18
721107001,31,Light Orange,Baby Exclusive,6557,"Baby Exclusive. Dungarees in soft, pattern-knit organic cotton with straps that cross and fasten at the back with adjustable buttoning, and ribbed hems.",Woven/Jersey/Knitted mix Baby,1006,Solid,1010016,G,Baby/Children,4,Baby Sizes 50-98,3,Orange,1,Dusty Light,RICA knitted dungeree,721107,Garment Full body,Dungarees,268,Baby Essentials & Complements,44
721269001,9,Black,Outdoor/Blazers,1244,"Short jacket in woven fabric with a stand-up collar, jersey-lined drawstring hood and a zip down the front. Long sleeves with elasticated cuffs, welt side pockets and a drawstring hem. Lined.",Outdoor,1007,Solid,1010016,D,Divided,2,Divided,5,Black,4,Dark,Disa jacket,721269,Garment Upper body,Jacket,262,Divided Collection,53
721386001,73,Dark Blue,Dresses,1344,Gently fitted dress in washed denim with a V-neck front and back and a zip that runs all the way down the front.,Dresses Ladies,1013,Denim,1010023,D,Divided,2,Divided,2,Blue,2,Medium Dusty,PRICE ITEM Lucia denim dress,721386,Garment Full body,Dress,265,Divided Collection,53
721485001,73,Dark Blue,Young Boy Jersey Fancy,8748,"T-shirt in slub jersey with a round neckline, short sleeves with sewn-in turn-ups, a chest pocket and short slits in the sides. Slightly longer at the back.",Jersey Fancy,1005,Treatment,1010018,I,Baby/Children,4,Children Sizes 134-170,2,Blue,4,Dark,Gabbe s/s tee,721485,Garment Upper body,T-shirt,255,Young Boy,47
721632002,73,Dark Blue,Trouser,5683,"Joggers in a rustle weave with an elasticated drawstring waist, side pockets with a taped zip, and elasticated hems. Mesh lining.",Trousers,1009,Solid,1010016,F,Menswear,3,Menswear,2,Blue,4,Dark,Nuke,721632,Garment Lower body,Trousers,272,Contemporary Street,55
721915001,19,Greenish Khaki,Young Boy Shorts,8755,"Knee-length shorts in a soft cotton weave with a zip fly and button, side pockets and a fake welt back pocket with a button.",Shorts,1025,All over pattern,1010001,I,Baby/Children,4,Children Sizes 134-170,20,Khaki green,4,Dark,Keefe 2-pack shorts,721915,Garment Lower body,Shorts,274,Young Boy,47
721997001,9,Black,Skirts,1444,"High-waisted, calf-length skirt in a crêpe weave with a wrapover front, concealed press-stud at the sides and ties at one side. Wide flounced trim around the front and hem.",Skirts,1012,All over pattern,1010001,D,Divided,2,Divided,5,Black,4,Dark,CLEMENTINE SKIRT,721997,Garment Lower body,Skirt,275,Divided Collection,53
722343002,51,Light Pink,Loungewear,3708,"Fine-knit jumper in a soft viscose blend with a V-neck, short sleeves with ribbed trims and a ribbed hem.","Under-, Nightwear",1017,Solid,1010016,A,Ladieswear,1,Ladieswear,4,Pink,1,Dusty Light,Joe,722343,Garment Upper body,Cardigan,245,"Womens Nightwear, Socks & Tigh",62
722483001,6,Light Grey,Kids Girl Jersey Fancy,7616,"Top in soft sweatshirt fabric with a motif and appliqués. Long raglan sleeves and ribbing around the neckline, cuffs and hem.",Jersey Fancy,1005,Front print,1010008,H,Baby/Children,4,Children Sizes 92-140,12,Grey,1,Dusty Light,Maxime sweater,722483,Garment Upper body,Sweater,252,Kids Girl,76
722681005,9,Black,Ladies Sport Bottoms,8310,Sports tights in fast-drying functional fabric with a waistband containing a concealed key pocket and contrasting colour panels down the sides of the legs.,Jersey Fancy,1005,Other pattern,1010013,S,Sport,26,Sport,5,Black,4,Dark,REEF RW tights,722681,Garment Lower body,Leggings/Tights,273,Ladies H&M Sport,5
722914001,52,Pink,Baby Girl Woven,6555,"Sleeveless playsuit in a crinkled weave with frill trims and a lined, double-layered top section. Wrapover back and press-studs on one shoulder.",Woven/Jersey/Knitted mix Baby,1006,Solid,1010016,G,Baby/Children,4,Baby Sizes 50-98,4,Pink,7,Medium,Samantha romper,722914,Garment Full body,Jumpsuit/Playsuit,267,Baby Girl,40
723147001,7,Grey,Kids Boy Jersey Fancy,7648,"Long-sleeved top in soft sweatshirt fabric with a print motif, lined hood and ribbing at the cuffs and hem. Soft brushed inside.",Jersey Fancy,1005,Placement print,1010014,H,Baby/Children,4,Children Sizes 92-140,12,Grey,1,Dusty Light,MAX HOOD,723147,Garment Upper body,Hoodie,308,Kids Boy,46
723353001,22,Yellow,Swimwear,4242,"Fully lined swimsuit with narrow, adjustable shoulder straps.",Swimwear,1018,Solid,1010016,B,Ladieswear,1,Lingeries/Tights,8,Yellow,5,Bright,Bondi Babe Price Swimsuit,723353,Swimwear,Swimsuit,57,"Womens Swimwear, beachwear",60
723469009,8,Dark Grey,Casual Lingerie,1334,"Push-up bras in soft cotton jersey with lace. Underwired, moulded, padded cups for a larger bust and fuller cleavage, adjustable shoulder straps and a narrow fastening at the back.","Under-, Nightwear",1017,Solid,1010016,B,Ladieswear,1,Lingeries/Tights,12,Grey,4,Dark,Kelly Push (Melbourne) ctn 2p,723469,Underwear,Bra,306,Womens Lingerie,61
723667002,9,Black,Jersey,1641,T-shirt in slub cotton jersey with a round neck and short sleeves.,Jersey Fancy,1005,Solid,1010016,A,Ladieswear,1,Ladieswear,5,Black,4,Dark,Fresh top,723667,Garment Upper body,Top,254,Womens Trend,18
723890002,32,Orange,Heels,3528,"Sandals in imitation suede with covered heels. Wide elastic straps at the top, a foot strap at the front and a zip in the heels. Imitation leather insoles and rubber soles. Platform front 2 cm, heel 11 cm.",Shoes,1020,Solid,1010016,C,Ladieswear,1,Ladies Accessories,3,Orange,1,Dusty Light,Summer Pam,723890,Shoes,Heeled sandals,92,Womens Shoes,64
724154009,11,Off White,Accessories,9985,"Cap in woven fabric with a contrasting colour peak, appliqué on the front and adjustable plastic fastener at the back.",Accessories,1019,Application/3D,1010002,F,Menswear,3,Menswear,9,White,1,Dusty Light,Cap Eazy Suede Mix,724154,Accessories,Cap/peaked,69,Men Accessories,25
724372002,51,Light Pink,Newborn,6564,Set with a short-sleeved bodysuit and a pair of shorts in organic cotton. Jersey bodysuit with press-studs at the crotch. Shorts with an elasticated waist.,Jersey Fancy,1005,All over pattern,1010001,G,Baby/Children,4,Baby Sizes 50-98,4,Pink,1,Dusty Light,TOBBE short leg set,724372,Garment Full body,Garment Set,270,Baby Essentials & Complements,44
724610001,81,Light Turquoise,Young Girl Swimwear,4320,Fully-lined bikini. Top with embroidery and tassels at the front and narrow shoulder straps that cross at the back. Bottoms with decorative bows at the sides.,Swimwear,1018,Application/3D,1010002,J,Baby/Children,4,"Children Accessories, Swimwear",7,Turquoise,3,Light,Lina tassel bikini,724610,Swimwear,Swimwear set,299,"Kids Accessories, Swimwear & D",43
724822001,73,Dark Blue,Trousers,1747,"Skinny-fit dungarees in washed, stretch denim with adjustable straps, a high waist, zip in one side, chest pocket, fake front pockets and real back pockets.",Trousers,1009,Solid,1010016,D,Divided,2,Divided,2,Blue,4,Dark,Petite Mabel dungaree,724822,Garment Lower body,Trousers,272,Divided Collection,53
724984006,23,Dark Yellow,Baby Exclusive,6557,"Baby Exclusive. Long-sleeved top in soft, organic cotton slub jersey with a button placket and open chest pocket.",Woven/Jersey/Knitted mix Baby,1006,Stripe,1010017,G,Baby/Children,4,Baby Sizes 50-98,13,Brown,2,Medium Dusty,BREEZE LS top,724984,Garment Upper body,T-shirt,255,Baby Essentials & Complements,44
725293005,12,Light Beige,Dresses,1344,"Long-sleeved playsuit in stretch, patterned jersey with a V-neck and wrapover with a concealed press-stud at the front. Elasticated seam at the waist and short, wide legs.",Dresses Ladies,1013,All over pattern,1010001,D,Divided,2,Divided,11,Beige,1,Dusty Light,Marley jumpsuit,725293,Garment Full body,Jumpsuit/Playsuit,267,Divided Collection,53
725631004,32,Orange,Swimwear,4242,"Strapless, fully lined bandeau bikini top with lightly padded cups with removable inserts and side support. No fasteners.",Swimwear,1018,Solid,1010016,B,Ladieswear,1,Lingeries/Tights,3,Orange,5,Bright,Lyon Price Bandeau,725631,Swimwear,Bikini top,298,"Womens Swimwear, beachwear",60
725929001,9,Black,Skirts,1444,Short fitted skirt in ribbed jersey with an asymmetric front and concealed elastication at the waist. Unlined.,Skirts,1012,Solid,1010016,D,Divided,2,Divided,5,Black,4,Dark,Kardashian,725929,Garment Lower body,Skirt,275,Divided Collection,53
726183003,51,Light Pink,Equatorial Assortment,3030,"Straight-cut top in jersey made from a modal and cotton blend with a V-neck and short, frill-trimmed sleeves.",Unknown,1001,All over pattern,1010001,A,Ladieswear,1,Ladieswear,4,Pink,1,Dusty Light,J DUNHAM TOP EQ,726183,Garment Upper body,Top,254,Womens Everyday Collection,15
726446001,22,Yellow,Baby Toys/Acc,2950,Fully lined swimsuit with narrow shoulder straps that cross at the back and frills at the top and hips. The polyamide and polyester content of the swimsuit is recycled.,Accessories,1019,Solid,1010016,G,Baby/Children,4,Baby Sizes 50-98,8,Yellow,5,Bright,SW Mini Heidi swimsuit,726446,Swimwear,Swimsuit,57,Baby Essentials & Complements,44
726726018,71,Light Blue,Kids Boy Shirt,7657,"Long-sleeved shirt in soft cotton twill with a collar, buttons down the front and small embroidered detail on the chest. Contrasting colour on the inside of the collar stand and cuffs, and a rounded hem.",Shirts,1011,All over pattern,1010001,H,Baby/Children,4,Children Sizes 92-140,2,Blue,3,Light,TP Princeton shirt,726726,Garment Upper body,Shirt,259,Kids Boy,46
727158001,9,Black,Jersey,1641,"Trousers in jersey crêpe with a slight sheen, with a high waist and straight legs.",Jersey Fancy,1005,Solid,1010016,A,Ladieswear,1,Ladieswear,5,Black,4,Dark,Swirly jersey trs STRAIGHT HW,727158,Garment Lower body,Trousers,272,Womens Trend,18
727642001,72,Blue,Trouser,1710,Off-the-shoulder playsuit in woven fabric with elastication around the top and short sleeves with ties. Elasticated seam at the waist and side pockets.,Trousers,1009,Stripe,1010017,A,Ladieswear,1,Ladieswear,2,Blue,2,Medium Dusty,Almost famous romper,727642,Garment Lower body,Trousers,272,Womens Casual,6
727808019,17,Yellowish Brown,Knitwear,5831,"Jumper in soft, fine-knit merino wool with a round neck, long sleeves and ribbing at the cuffs and hem.",Knitwear,1003,Solid,1010016,F,Menswear,3,Menswear,13,Brown,2,Medium Dusty,R-Neck Pisa TVP,727808,Garment Upper body,Sweater,252,Men Suits & Tailoring,23
728112001,9,Black,Trouser,1722,"High-waisted velvet trousers with a concealed hook-and-eye fastener, zip fly and straight, wide legs.",Trousers,1009,Solid,1010016,A,Ladieswear,1,Ladieswear,5,Black,4,Dark,Sandy HW velvet,728112,Garment Lower body,Trousers,272,Womens Everyday Collection,15
728473001,10,White,Swimwear,4242,"Triangle bikini top with laser-cut scalloped edges and lightly padded cups with removable inserts. Narrow, adjustable shoulder straps that can be fastened in different ways and an adjustable metal hook fastening at the back.",Swimwear,1018,Solid,1010016,B,Ladieswear,1,Lingeries/Tights,9,White,3,Light,Lazer Razer Triangle Top,728473,Swimwear,Bikini top,298,"Womens Swimwear, beachwear",60
728844001,73,Dark Blue,Kids Dress-up/Football,4314,Fancy dress costume in soft velour with a zip down the front with a chin guard and hood with embroidered and padded appliqués and a hook and loop fastening at the front. Appliqués and elastication at the cuffs and elasticated hems. Removable tail fin that is attached with a hook and loop fastener.,Accessories,1019,Solid,1010016,J,Baby/Children,4,"Children Accessories, Swimwear",2,Blue,2,Medium Dusty,BB Onsie own fancy,728844,Garment Full body,Costumes,277,"Kids Accessories, Swimwear & D",43
729318004,9,Black,Expressive Lingerie,1338,"Push-up bra in lace and mesh with underwired, moulded, padded cups for a larger bust and fuller cleavage. Narrow, adjustable shoulder straps and a narrow hook-and-eye fastening at the back.","Under-, Nightwear",1017,Lace,1010021,B,Ladieswear,1,Lingeries/Tights,5,Black,4,Dark,Bagira Push Melbourne,729318,Underwear,Bra,306,Womens Lingerie,61
729860002,9,Black,Denim Other Garments,1773,"Short, 5-pocket skirt in washed, stretch denim with a zip fly and button. The skirt is made partly from recycled cotton.",Trousers Denim,1016,Denim,1010023,D,Divided,2,Divided,5,Black,4,Dark,Skirt Shine,729860,Garment Lower body,Skirt,275,Ladies Denim,57
730013007,73,Dark Blue,Denim shorts,5673,"5-pocket shorts in washed denim with a regular waist, zip fly and button, and slim legs with sewn-in turn-ups at the hems.",Shorts,1025,Denim,1010023,F,Menswear,3,Menswear,2,Blue,2,Medium Dusty,Shorts Slim Midas Zip Fly,730013,Garment Lower body,Shorts,274,Denim Men,56
730312002,7,Grey,Kids Girl Jersey Basic,7920,"Long-sleeved top in printed, lightweight organic cotton sweatshirt fabric with a glittery print on the front and ribbing around the neckline, cuffs and hem.",Jersey Basic,1002,Melange,1010010,H,Baby/Children,4,Children Sizes 92-140,12,Grey,1,Dusty Light,SPEED - SOFIA,730312,Garment Upper body,Sweater,252,Girls Underwear & Basics,79
730454051,10,White,Kids Boy UW/NW,4215,Pyjamas in soft cotton jersey. Long-sleeved top. Bottoms with an elasticated waist.,"Under-, Nightwear",1017,All over pattern,1010001,H,Baby/Children,4,Children Sizes 92-140,9,White,3,Light,Valter l/l pj SB TP,730454,Nightwear,Pyjama set,297,Boys Underwear & Basics,72
730645002,10,White,Swimwear,9984,"Swim shorts in woven fabric with an elasticated, drawstring waist, side pockets and a welt back pocket with a hook and loop fastening. Mesh inner shorts.",Swimwear,1018,Stripe,1010017,F,Menswear,3,Menswear,9,White,3,Light,TOM SUPER FANCY,730645,Swimwear,Swimwear bottom,59,Men Underwear,26
730857016,73,Dark Blue,Knitwear,7520,"Long-sleeved jumper in soft, fine-knit cashmere with ribbing around the neckline, cuffs and hem.",Knitwear,1003,Solid,1010016,F,Menswear,3,Menswear,2,Blue,4,Dark,PEBBLE knitted crewneck 1,730857,Garment Upper body,Sweater,252,Men Edition,28
731028002,19,Greenish Khaki,Dress,1322,"Dress in a crêpe weave with a V-neck, sewn-in wrapover at the top with a concealed hook-and-eye fastening, and a seam at the waist.",Dresses Ladies,1013,Solid,1010016,A,Ladieswear,1,Ladieswear,20,Khaki green,4,Dark,Chica,731028,Garment Full body,Dress,265,Womens Everyday Collection,15
731324001,43,Dark Red,Bags,3209,"Bucket bag in imitation leather with a decorative seam front and back, a handle and a detachable, adjustable shoulder strap with carabiner hooks. Extra section at the top in imitation suede with a drawstring closure. One inner compartment. Lined. Size 13x23x23 cm.",Accessories,1019,Colour blocking,1010005,C,Ladieswear,1,Ladies Accessories,18,Red,4,Dark,Embark bucket,731324,Accessories,Bag,66,Womens Big accessories,65
731520002,71,Light Blue,Young Girl Denim,8917,"Slim-fit jeans in washed, stretch denim with an adjustable elasticated waist (in sizes 8-12Y), zip fly and button, fake front pockets, real back pockets and narrow hems.",Trousers Denim,1016,Denim,1010023,I,Baby/Children,4,Children Sizes 134-170,2,Blue,1,Dusty Light,SKINNY PRICE 89,731520,Garment Lower body,Trousers,272,Young Girl,77
731716001,71,Light Blue,Young Girl Denim,8917,"Slim-fit jeans in washed, stretch denim with an adjustable, elasticated waist (in sizes 8-12Y), zip fly, fake front pockets and real back pockets. Legs with stripes and a text motif down the sides and narrow hems.",Trousers Denim,1016,Denim,1010023,I,Baby/Children,4,Children Sizes 134-170,2,Blue,1,Dusty Light,SKINNY VICKY TAPE,731716,Garment Lower body,Trousers,272,Young Girl,77
732017003,73,Dark Blue,Knitwear,1616,"Long-sleeved cardigan in a soft fine knit with a V-neck, buttons down the front and ribbing around the neckline, cuffs and hem.",Knitwear,1003,Melange,1010010,A,Ladieswear,1,Ladieswear,2,Blue,7,Medium,Camille,732017,Garment Upper body,Cardigan,245,Womens Tailoring,11
732260001,73,Dark Blue,Kids Boy Outdoor,7852,"Padded bomber jacket with a detachable hood in sweatshirt fabric and a ribbed stand-up collar. Zip down the front, side pockets with a press-stud and a zipped pocket on one sleeve. Ribbing at the cuffs and hem. Lined.",Outdoor,1007,Solid,1010016,H,Baby/Children,4,Children Sizes 92-140,2,Blue,4,Dark,SB Todd bomber TP,732260,Garment Upper body,Jacket,262,Kids Outerwear,45
732409005,22,Yellow,Knit & Woven,3945,Double-layered hat in a soft rib knit with a sewn-in turn-up at the hem with a small fabric appliqué on the front.,Accessories,1019,Solid,1010016,D,Divided,2,Divided,8,Yellow,7,Medium,Beetle beanie new,732409,Accessories,Hat/beanie,75,Divided Accessories,52
732513001,9,Black,Ladies Sport Bras,8316,"Yoga top in fast-drying jersey with a wide neckline, dropped shoulders and long sleeves. Cut out section and a mesh panel at the back.",Jersey Fancy,1005,Solid,1010016,S,Sport,26,Sport,5,Black,4,Dark,IVY ls,732513,Garment Upper body,Top,254,Ladies H&M Sport,5
732690002,14,Dark Beige,Asia Assortment,7912,"Wide coat in a felted weave with notch lapels and buttons at the front. Dropped shoulders, long sleeves with narrow, buttoned cuffs, welt side pockets and a single back vent. Lined.",Unknown,1001,Solid,1010016,A,Ladieswear,1,Ladieswear,11,Beige,4,Dark,W Twix Coat S CNY,732690,Garment Upper body,Coat,263,Womens Everyday Collection,15
732844004,51,Light Pink,Kids Girl Jersey Fancy,7616,"Dress with a bodice in sturdy jersey and skirt in a sturdy weave. Short cap sleeves, a visible zip at the back, a gathered seam and large, a decorative bow at the waist, and a flared, printed skirt. Lined at the bottom.",Jersey Fancy,1005,Placement print,1010014,H,Baby/Children,4,Children Sizes 92-140,4,Pink,1,Dusty Light,Bella dress,732844,Garment Full body,Dress,265,Kids Girl,76
733043001,9,Black,Expressive Lingerie,1338,Waist-high Brazilian briefs in lace with a lined gusset and half-string back.,"Under-, Nightwear",1017,Solid,1010016,B,Ladieswear,1,Lingeries/Tights,5,Black,4,Dark,Charlotte highwaist (1),733043,Underwear,Underwear bottom,286,Womens Lingerie,61
733098022,9,Black,Jersey fancy,1636,Fitted polo-neck top in soft modal jersey with long sleeves.,Jersey Fancy,1005,All over pattern,1010001,A,Ladieswear,1,Ladieswear,5,Black,4,Dark,Minja top,733098,Garment Upper body,Top,254,Womens Everyday Collection,15
733268001,12,Light Beige,Shorts,1723,"Shorts in a Tencel™ lyocell and linen weave with a high waist, pleats at the front and a wide belt with a round buckle. Fly with a concealed zip, side pockets and short, wide legs.",Shorts,1025,Stripe,1010017,A,Ladieswear,1,Ladieswear,11,Beige,1,Dusty Light,Tate HW shorts,733268,Garment Lower body,Shorts,274,Womens Everyday Collection,15
733438001,10,White,Blouse,1515,"Sleeveless blouse in woven fabric with a small stand-up collar with a button and a V-shaped opening at the top. Draped, decorative flounce trim down the front and a rounded hem. Lined front.",Blouses,1010,Solid,1010016,A,Ladieswear,1,Ladieswear,9,White,3,Light,Joplin,733438,Garment Upper body,Blouse,258,Womens Tailoring,11
733553002,92,Green,Baby Boy Jersey Fancy,6545,"Sleeveless romper suit in slub cotton jersey with press-studs down the front, raw-edge patch pockets and sewn-in turn-ups at the hems.",Jersey Fancy,1005,Slub,1010025,G,Baby/Children,4,Baby Sizes 50-98,20,Khaki green,2,Medium Dusty,Cross playsuit (1),733553,Garment Full body,Jumpsuit/Playsuit,267,Baby Boy,41
733768002,17,Yellowish Brown,Premium Quality,3040,Low ankle boots in suede with pointed toes and block heels. Leather insoles and rubber soles. Heel 5.5 cm.,Shoes,1020,Solid,1010016,C,Ladieswear,1,Ladies Accessories,13,Brown,2,Medium Dusty,OL STANLEY PQ boot,733768,Shoes,Boots,87,Womens Shoes,64
733919001,72,Blue,Divided+,1652,"5-pocket, ankle-length jeans in washed denim with hard-worn details, a high waist, button fly and gently tapered legs with raw-edge hems.",Unknown,1001,Denim,1010023,D,Divided,2,Divided,2,Blue,2,Medium Dusty,DIV Perrie trash denim,733919,Garment Lower body,Trousers,272,Divided Projects,50
734050001,72,Blue,Skirt,1422,"Short skirt in a checked weave with a wrapover front, fastener at the top, and concealed zip at the back. Lined.",Skirts,1012,Check,1010004,A,Ladieswear,1,Ladieswear,2,Blue,2,Medium Dusty,Ronja,734050,Garment Lower body,Skirt,275,Womens Everyday Collection,15
734194001,9,Black,Blazer,5131,"Single-breasted jacket in a stretch weave with narrow notch lapels and a decorative buttonhole. Chest pocket, flap front pockets and three inner pockets, one with a button. One button at the front, decorative buttons at the cuffs and a single back vent. Lined. Skinny fit – a slightly shorter style that shapes in at the chest and tapers sharply at the waist. This combined with narrow shoulders and sleeves creates a completely fitted silhouette.",Dressed,1008,Check,1010004,F,Menswear,3,Menswear,5,Black,4,Dark,Andy check skinny blz3,734194,Garment Upper body,Blazer,264,Men Suits & Tailoring,23
734346001,72,Blue,Shorts,1723,"Short shorts in cotton denim with a high, elasticated paper bag waist, detachable tie belt and zip fly. Side pockets, back pockets and sewn-in turn-ups at the hems.",Shorts,1025,Denim,1010023,A,Ladieswear,1,Ladieswear,2,Blue,2,Medium Dusty,Birdy HW,734346,Garment Lower body,Shorts,274,Womens Everyday Collection,15
734501001,10,White,Young Girl S&T,7931,3/4-length microfibre leggings with an elasticated waist and narrow elastication at the hems.,Socks and Tights,1021,Solid,1010016,I,Baby/Children,4,Children Sizes 134-170,9,White,3,Light,2-p micro leggings 3/4-length,734501,Garment Lower body,Leggings/Tights,273,Girls Underwear & Basics,79
734657001,17,Yellowish Brown,Young Girl Shoes,4321,Sandals with a zip and loop at the back of the heels. Imitation leather insoles.,Shoes,1020,Solid,1010016,J,Baby/Children,4,"Children Accessories, Swimwear",13,Brown,2,Medium Dusty,Gwen Sandal BG,734657,Shoes,Sandals,91,Kids & Baby Shoes,42
734914005,9,Black,Baby Boy Outdoor,6512,"Padded all-in-one suit in water-repellent functional fabric with a detachable, faux fur-trimmed, padded hood. Zip down the front with a chin guard, elastication at the back and reinforced sections at the back and knees. Small zipped pocket at the top, and covered elastication at the cuffs and hems. Reflective details. Fleece lining. The suit has a water-repellent coating without fluorocarbons.",Outdoor,1007,Solid,1010016,G,Baby/Children,4,Baby Sizes 50-98,5,Black,4,Dark,Halmstad overall,734914,Garment Full body,Outdoor overall,271,Baby Boy,41
734940011,9,Black,Shirt,5783,"Straight-cut, short-sleeved shirt in a patterned cotton weave. Relaxed fit with a turn-down collar, classic front and rounded hem with slits in the sides.",Shirts,1011,All over pattern,1010001,F,Menswear,3,Menswear,5,Black,4,Dark,JACK AOP,734940,Garment Upper body,Shirt,259,Contemporary Street,55
735122001,91,Light Green,Dress,1322,"Wide dress in an airy weave with a small collar and opening at the front with ties at the top. Long balloon sleeves with pleats and a button at the cuffs, a seam at the hips and a gathered, flared skirt. Unlined.",Dresses Ladies,1013,All over pattern,1010001,A,Ladieswear,1,Ladieswear,12,Grey,1,Dusty Light,Bermuda,735122,Garment Full body,Dress,265,Womens Everyday Collection,15
735404005,12,Light Beige,Dress,1322,"Calf-length, V-neck dress in woven fabric with narrow, adjustable shoulder straps, buttons down the front, smocking at the back and a seam at the waist with a flared skirt. Lined.",Dresses Ladies,1013,All over pattern,1010001,A,Ladieswear,1,Ladieswear,11,Beige,1,Dusty Light,Melrose,735404,Garment Full body,Dress,265,Womens Everyday Collection,15
735600001,71,Light Blue,Outwear,1201,"Jacket in washed denim with a collar, buttons down the front and long sleeves with buttoned cuffs. Flap chest pockets with a button, welt side pockets, and an adjustable tab at the sides.",Outdoor,1007,Denim,1010023,A,Ladieswear,1,Ladieswear,2,Blue,1,Dusty Light,Jacket Original,735600,Garment Upper body,Jacket,262,Womens Jackets,19
735749001,10,White,Knitwear,5831,"Straight-cut, relaxed-fit T-shirt in soft pima cotton jersey containing some silk.",Knitwear,1003,Solid,1010016,F,Menswear,3,Menswear,9,White,3,Light,SALT regular tee,735749,Garment Upper body,T-shirt,255,Men Suits & Tailoring,23
735927001,12,Light Beige,Blouse & Dress,1941,"Shirt dress in softly draping twill with a collar and buttons down the front. Chest pockets, flap front pockets, slightly wider sleeves with wide, buttoned cuffs, and a detachable belt at the waist. Unlined.",Blouses,1010,Solid,1010016,A,Ladieswear,1,Ladieswear,11,Beige,1,Dusty Light,Chocolatechip dress,735927,Garment Full body,Dress,265,Womens Trend,18
736066005,71,Light Blue,Expressive Lingerie,1338,"Soft, non-wired bra in lace with mesh-lined cups that give the bust a natural shape and provide light support. Adjustable shoulder straps and no fasteners.","Under-, Nightwear",1017,Lace,1010021,B,Ladieswear,1,Lingeries/Tights,2,Blue,1,Dusty Light,Cornelia softbra,736066,Underwear,Bra,306,Womens Lingerie,61
736185002,17,Yellowish Brown,Small Accessories,9986,Bracelet in braided imitation leather and fabric with a magnetic metal fastener. Width approx. 1 cm.,Accessories,1019,Other pattern,1010013,F,Menswear,3,Menswear,13,Brown,2,Medium Dusty,Bracelet Braided,736185,Accessories,Bracelet,68,Men Accessories,25
736408001,10,White,Woven top,1909,"Long shirt woven in a linen blend with a collar, chest pocket, long sleeves with buttoned cuffs and a rounded hem.",Blouses,1010,Solid,1010016,A,Ladieswear,1,Ladieswear,9,White,3,Light,LOGG Dexter long linen shirt,736408,Garment Upper body,Shirt,259,H&M+,2
736569002,9,Black,Divided+,1652,Short dress in a crêpe weave with a V-neck and wrapover front with concealed press-studs. Short sleeves and a seam at the waist with a sewn-in tie belt.,Unknown,1001,Stripe,1010017,D,Divided,2,Divided,5,Black,4,Dark,DIV Veronica dress,736569,Garment Full body,Dress,265,Divided Projects,50
736678008,43,Dark Red,Jersey fancy,1636,Sleeveless lace top in a narrow cut at the top with narrow shoulder straps that are lace-covered at the back. Low-cut back and ties at the back of the neck. Jersey-lined front.,Jersey Fancy,1005,Lace,1010021,A,Ladieswear,1,Ladieswear,18,Red,4,Dark,Cavalier lace top,736678,Garment Upper body,Top,254,Womens Everyday Collection,15
736769042,31,Light Orange,Jersey Fancy,5848,Vest top in cotton jersey with a print motif.,Jersey Fancy,1005,Front print,1010008,F,Menswear,3,Menswear,3,Orange,1,Dusty Light,Parker tanktop,736769,Garment Upper body,Vest top,253,Contemporary Casual,21
736923010,63,Dark Purple,Expressive Lingerie,1338,Microfibre bra with a scalloped trim at the top and underwired padded cups that shape the bust and provide good support. Adjustable shoulder straps and a hook-and-eye fastening at the back.,"Under-, Nightwear",1017,Solid,1010016,B,Ladieswear,1,Lingeries/Tights,12,Grey,4,Dark,Dusk Padded T-shirt,736923,Underwear,Bra,306,Womens Lingerie,61
737053003,19,Greenish Khaki,Jersey Basic,5883,T-shirt in lightweight cotton jersey with a deep V-neck.,Jersey Basic,1002,Solid,1010016,F,Menswear,3,Menswear,20,Khaki green,4,Dark,Vernon V-neck,737053,Garment Upper body,T-shirt,255,Men Underwear,26
737260002,51,Light Pink,Blouse,1515,"Straight-cut top in a crêpe weave with narrow, adjustable shoulder straps and a frill trim at the top.",Blouses,1010,Solid,1010016,A,Ladieswear,1,Ladieswear,4,Pink,1,Dusty Light,Pinsher,737260,Garment Upper body,Vest top,253,Womens Tailoring,11
737543004,42,Red,Expressive Lingerie,1338,"Soft, non-wired bra in lace with padded cups that shape the bust and provide good support. Adjustable shoulder straps, a wide lace trim at the hem and a hook-and-eye fastening at the back.","Under-, Nightwear",1017,Solid,1010016,B,Ladieswear,1,Lingeries/Tights,18,Red,2,Medium Dusty,Lumiere padded abeline,737543,Underwear,Bra,306,Womens Lingerie,61
737710005,9,Black,Tops Knitwear,1647,"V-neck cardigan in a soft rib knit with hole-knit sections. Buttons down the front, dropped shoulders, long sleeves and a ribbed hem.",Knitwear,1003,Solid,1010016,D,Divided,2,Divided,5,Black,4,Dark,La Paz Cardigan,737710,Garment Upper body,Cardigan,245,Divided Collection,53
738010006,9,Black,Projects Jersey & Knitwear,1644,"Fitted jersey T-shirt in a soft viscose and cotton blend with embroidery and short, frill-trimmed sleeves.",Jersey Fancy,1005,Embroidery,1010007,D,Divided,2,Divided,5,Black,4,Dark,Elly fancy,738010,Garment Upper body,T-shirt,255,Divided Projects,50
738184001,73,Dark Blue,Kids Girl Denim,7917,"Fully-lined, 5-pocket, slim-fit jeans in washed, stretch denim with an adjustable, elasticated waist, zip fly and button, and narrow hems.",Trousers Denim,1016,Denim,1010023,H,Baby/Children,4,Children Sizes 92-140,2,Blue,2,Medium Dusty,SKINNY LINED,738184,Garment Lower body,Trousers,272,Kids Girl,76
738309006,19,Greenish Khaki,Young Girl Jersey Basic,7930,Top in ribbed organic cotton jersey in a narrow cut at the top with narrow shoulder straps and a racer back.,Jersey Basic,1002,Solid,1010016,I,Baby/Children,4,Children Sizes 134-170,20,Khaki green,1,Dusty Light,CAMY tank,738309,Garment Upper body,Vest top,253,Girls Underwear & Basics,79
738473002,23,Dark Yellow,Take Care External,3080,Calf-length skirt in an airy weave with a concealed zip at the back and a softly draping front with an asymmetric hem. Slightly longer at the back. Lined.,Unknown,1001,All over pattern,1010001,A,Ladieswear,1,Ladieswear,11,Beige,4,Dark,PE STASSY SKIRT,738473,Garment Lower body,Skirt,275,Collaborations,97
738590002,12,Light Beige,Skirt,1422,"Calf-length skirt in softly draping, pleated satin with a visible, elasticated, ribbed waistband. Lined.",Skirts,1012,Solid,1010016,A,Ladieswear,1,Ladieswear,11,Beige,1,Dusty Light,Selma Plisse solid,738590,Garment Lower body,Skirt,275,Womens Everyday Collection,15
738706002,91,Light Green,Tops Girls,6280,Sports tights in fast-drying functional fabric with a waist panel.,Unknown,1001,Colour blocking,1010005,S,Sport,26,Sport,19,Green,3,Light,SUPREME fancy tights,738706,Garment Lower body,Trousers,272,Kids Sports,49
738736001,9,Black,Young Girl Shoes,4321,"Sandals with wide, crossover straps at the front and an elasticated heel strap. Imitation leather insoles.",Shoes,1020,Solid,1010016,J,Baby/Children,4,"Children Accessories, Swimwear",5,Black,4,Dark,Anna Price Sandal BG,738736,Shoes,Sandals,91,Kids & Baby Shoes,42
738859010,43,Dark Red,Kids Girl S&T,7921,"Tights in a soft, fine-knit cotton blend with an elasticated waist.",Socks and Tights,1021,Solid,1010016,H,Baby/Children,4,Children Sizes 92-140,18,Red,4,Dark,Basic 3pk tights SG,738859,Socks & Tights,Underwear Tights,304,Girls Underwear & Basics,79
738969001,22,Yellow,Jersey,1641,Calf-length skirt in patterned stretch jersey with wide elastication at the waist and a high slit at the hem.,Jersey Fancy,1005,All over pattern,1010001,A,Ladieswear,1,Ladieswear,8,Yellow,2,Medium Dusty,Beetroot skirt,738969,Garment Lower body,Skirt,275,Womens Trend,18
739144006,19,Greenish Khaki,Shorts,1723,"Shorts in an airy viscose weave. High waist with wide, covered elastication at the back, pleats at the top, diagonal side pockets and wide legs.",Shorts,1025,Solid,1010016,A,Ladieswear,1,Ladieswear,20,Khaki green,4,Dark,Kelso HW fancy,739144,Garment Lower body,Shorts,274,Womens Everyday Collection,15
739267004,72,Blue,Blouse,1522,"Long-sleeved blouse in woven fabric with a collar, buttons down the front and a tie-front hem. Open chest pocket, buttoned cuffs and a yoke at the back.",Blouses,1010,Stripe,1010017,A,Ladieswear,1,Ladieswear,2,Blue,7,Medium,Seahorse,739267,Garment Upper body,Shirt,259,Womens Everyday Collection,15
739363003,43,Dark Red,Casual Lingerie,1334,"Lace bras with underwired, padded cups for a larger bust and fuller cleavage. Narrow, adjustable shoulder straps and a narrow hook-and-eye fastening at the back.","Under-, Nightwear",1017,Solid,1010016,B,Ladieswear,1,Lingeries/Tights,18,Red,7,Medium,Evie push 2p,739363,Underwear,Bra,306,Womens Lingerie,61
739509001,73,Dark Blue,Kids Girl Outdoor,7812,"Rain jacket in wind- and waterproof functional fabric with closed seams. Detachable hood with an elasticated front edge, press-studs down the front and flap front pockets with a press-stud. Elastication at the cuffs and hem. Unlined. The jacket has a water-repellent coating without fluorocarbons.",Outdoor,1007,All over pattern,1010001,H,Baby/Children,4,Children Sizes 92-140,2,Blue,4,Dark,Func. SWEET rain jacket,739509,Garment Upper body,Jacket,262,Kids Outerwear,45
739590032,71,Light Blue,Swimwear,4242,Fully lined bikini bottoms with a low waist and cutaway coverage at the back.,Swimwear,1018,Other structure,1010026,B,Ladieswear,1,Lingeries/Tights,2,Blue,3,Light,Timeless Cheeky Brief,739590,Swimwear,Swimwear bottom,59,"Womens Swimwear, beachwear",60
739659047,51,Light Pink,Kids Girl Jersey Fancy,7616,Sleeveless dress in printed cotton jersey with a gathered seam at the waist and flared skirt.,Jersey Fancy,1005,All over pattern,1010001,H,Baby/Children,4,Children Sizes 92-140,4,Pink,1,Dusty Light,Dragonfly dress,739659,Garment Full body,Dress,265,Kids Girl,76
739677004,73,Dark Blue,Kids Girl Jersey Fancy,7616,Vest top in soft jersey with a crocheted lace racer back and gently rounded hem. Slightly longer at the back.,Jersey Fancy,1005,All over pattern,1010001,H,Baby/Children,4,Children Sizes 92-140,2,Blue,4,Dark,Lisa tank,739677,Garment Upper body,Vest top,253,Kids Girl,76
739705003,83,Dark Turquoise,Young Boy Jersey Fancy,8748,T-shirt in soft cotton jersey with a reversible sequin motif on the front and ribbing around the neckline.,Jersey Fancy,1005,Sequin,1010015,I,Baby/Children,4,Children Sizes 134-170,19,Green,7,Medium,Enigma s/s tee,739705,Garment Upper body,T-shirt,255,Young Boy,47
739822006,10,White,Kids Boy Jersey Fancy,7648,T-shirt in cotton jersey with reversible sequins on the front (sizes 1½-3Y with normal sequins) and narrow ribbing around the neckline.,Jersey Fancy,1005,Sequin,1010015,H,Baby/Children,4,Children Sizes 92-140,9,White,3,Light,SEQUINS TEE TP,739822,Garment Upper body,T-shirt,255,Kids Boy,46
739833009,73,Dark Blue,Kids Boy Jersey Fancy,7648,"Top in soft sweatshirt fabric with a wrapover hood, print motif on the front and ribbing at the cuffs and hem. Soft brushed inside.",Jersey Fancy,1005,Placement print,1010014,H,Baby/Children,4,Children Sizes 92-140,2,Blue,2,Medium Dusty,SIMPSONS HOOD TP,739833,Garment Upper body,Hoodie,308,Kids Boy,46
739896002,22,Yellow,Kids Girl Knitwear,7618,"Cardigan in a soft, textured cotton knit with a round neckline, buttons down the front and ribbing around the neckline, cuffs and hem.",Knitwear,1003,Other structure,1010026,H,Baby/Children,4,Children Sizes 92-140,8,Yellow,7,Medium,BARCELONA,739896,Garment Upper body,Cardigan,245,Kids Girl,76
739939002,73,Dark Blue,Young Boy Outdoor,8852,"Padded parka with a lined, faux fur-trimmed hood and a zip with a wind flap and press-studs down the front. Handwarmer pockets, flap front pockets and a small zipped pocket on one sleeve. Inner ribbing at the cuffs. Quilted lining.",Outdoor,1007,Solid,1010016,I,Baby/Children,4,Children Sizes 134-170,2,Blue,4,Dark,BB Timm parka TP,739939,Garment Upper body,Jacket,262,Kids Outerwear,45
740121001,12,Light Beige,Accessories,9985,Hat in braided paper straw with a patterned band. Width of brim approx. 4 cm.,Accessories,1019,Solid,1010016,F,Menswear,3,Menswear,11,Beige,1,Dusty Light,Hat Peppe Paper Straw,740121,Accessories,Hat/brim,76,Men Accessories,25
740361002,14,Dark Beige,Flats,3527,Sandals with toe and foot straps in grained imitation leather. Moulded imitation leather insoles and thermoplastic rubber (TPR) soles.,Shoes,1020,Other structure,1010026,C,Ladieswear,1,Ladies Accessories,20,Khaki green,4,Dark,Camilo thong sandal,740361,Shoes,Sandals,91,Womens Shoes,64
740450007,51,Light Pink,Jewellery,4344,Two-strand thin metal chain necklace with round pendants. Adjustable length 43-50 cm.,Accessories,1019,Solid,1010016,C,Ladieswear,1,Ladies Accessories,4,Pink,1,Dusty Light,Class Monica necklace,740450,Accessories,Necklace,77,Womens Small accessories,66
740564001,73,Dark Blue,Dress,1322,"Short dress in a viscose weave with a V-neck opening at the front and a yoke with gathers at the back and on the shoulders. Long sleeves with buttoned cuffs, and a gently rounded hem. Unlined.",Dresses Ladies,1013,All over pattern,1010001,A,Ladieswear,1,Ladieswear,2,Blue,4,Dark,Bowie,740564,Garment Full body,Dress,265,Womens Everyday Collection,15
740791001,6,Light Grey,Suit,1212,"Fitted jacket in woven fabric with notch lapels and a single button fastening at the front. Jetted front pockets, decorative buttons at the cuffs and a single back vent. Lined.",Dressed,1008,Check,1010004,A,Ladieswear,1,Ladieswear,12,Grey,1,Dusty Light,Raven blazer,740791,Garment Upper body,Blazer,264,Womens Tailoring,11
740958001,9,Black,Jersey fancy,1636,"Fitted top in airy, ribbed jersey with a V-neck, decorative buttons at the top and long sleeves.",Jersey Fancy,1005,Solid,1010016,A,Ladieswear,1,Ladieswear,5,Black,4,Dark,Sandy,740958,Garment Upper body,Top,254,Womens Everyday Collection,15
741226001,91,Light Green,Kids Girl Knitwear,7618,"Cardigan in soft, textured fine-knit cotton with a round neck, buttons down the front and ribbing around the neckline, cuffs and hem.",Knitwear,1003,Other structure,1010026,H,Baby/Children,4,Children Sizes 92-140,19,Green,1,Dusty Light,Barcelona,741226,Garment Upper body,Cardigan,245,Kids Girl,76
741387001,14,Dark Beige,Small Accessories,9986,"Sunglasses with plastic frames and UV-protective, tinted lenses.",Accessories,1019,All over pattern,1010001,F,Menswear,3,Menswear,13,Brown,2,Medium Dusty,Sunglasses Rory,741387,Accessories,Sunglasses,81,Men Accessories,25
741541005,6,Light Grey,Young Boy Jersey Fancy,8748,Vest top in soft cotton jersey with a print motif on the front.,Jersey Fancy,1005,Front print,1010008,I,Baby/Children,4,Children Sizes 134-170,12,Grey,1,Dusty Light,Beach price tanktop,741541,Garment Upper body,Vest top,253,Young Boy,47
741834003,9,Black,Jersey fancy,1636,"Short, fitted, sleeveless top in ribbed jersey with a stand-up collar.",Jersey Fancy,1005,Solid,1010016,A,Ladieswear,1,Ladieswear,5,Black,4,Dark,CSP Alexis top,741834,Garment Upper body,Top,254,Womens Everyday Collection,15
742084001,10,White,Dresses,1344,"Sleeveless playsuit in an airy, textured weave with narrow shoulder straps, a V-neck, buttons down the front and a concealed zip in one side. Cut-out section at the back with a twisted detail at the top and elastication at the back of the waist. Jersey-lined bottom section.",Dresses Ladies,1013,Solid,1010016,D,Divided,2,Divided,9,White,3,Light,Acerola jumpsuit,742084,Garment Full body,Jumpsuit/Playsuit,267,Divided Collection,53
742172016,81,Light Turquoise,Kids Boy Shorts,7655,Shorts in a cotton weave with an elasticated drawstring waist and side pockets.,Shorts,1025,All over pattern,1010001,H,Baby/Children,4,Children Sizes 92-140,7,Turquoise,3,Light,Malibu shorts (TVP),742172,Garment Lower body,Shorts,274,Kids Boy,46
742258023,22,Yellow,Jersey Fancy,5828,"Top in sweatshirt fabric with a jersey-lined, drawstring hood with a wrapover front. Dropped shoulders, long sleeves, pockets in the side seams and ribbing at the cuffs and hem. Soft brushed inside.",Jersey Fancy,1005,Solid,1010016,F,Menswear,3,Menswear,8,Yellow,7,Medium,TRUXTON HOOD,742258,Garment Upper body,Sweater,252,Contemporary Smart,20
742429003,6,Light Grey,Sneakers,3828,"Mesh trainers with imitation leather and imitation suede sections, a padded top edge and lacing at the front. Mesh linings and insoles and fluted thermoplastic rubber (TPR) and rubber soles.",Shoes,1020,Solid,1010016,C,Ladieswear,1,Ladies Accessories,12,Grey,1,Dusty Light,Maja sneaker,742429,Shoes,Sneakers,94,Womens Shoes,64
742735002,8,Dark Grey,Accessories,9985,"Double-layered hat in a soft, fine knit. Turn-up at the hem with a small appliqué on the front.",Accessories,1019,Melange,1010010,F,Menswear,3,Menswear,12,Grey,2,Medium Dusty,Beanie Bob Sporty,742735,Accessories,Beanie,496,Men Accessories,25
742906001,51,Light Pink,Kids Girl Dresses,7613,"NATHALIE LÉTÉ x H&M. Skirt in lightweight, patterned stretch cotton twill with an adjustable elasticated waist, decorative buttons down the front, and fake front pockets.",Dresses/Skirts girls,1014,All over pattern,1010001,H,Baby/Children,4,Children Sizes 92-140,4,Pink,3,Light,Collab Birkin Skirt,742906,Garment Lower body,Skirt,275,Kids Girl,76
743079001,51,Light Pink,Girls Small Acc/Bags,4313,A set of three fabric-covered Alice bands including one with glitter and one with a bow.,Accessories,1019,Solid,1010016,J,Baby/Children,4,"Children Accessories, Swimwear",4,Pink,3,Light,A-band 3pk Viola,743079,Accessories,Hair/alice band,74,"Kids Accessories, Swimwear & D",43
743214003,52,Pink,Tops Woven,1543,"Short, off-the-shoulder blouse in a cotton weave with broderie anglaise. Short sleeves with smocked trims and smocking at the top and hem.",Blouses,1010,Embroidery,1010007,D,Divided,2,Divided,4,Pink,1,Dusty Light,CHLOE S.0,743214,Garment Upper body,Blouse,258,Divided Collection,53
743471001,81,Light Turquoise,Young Girl Dresses,8713,"Sleeveless, knee-length dress in airy chiffon with an opening and button at the back of the neck, an elasticated seam at the waist and a flared skirt with an asymmetric hem. Jersey lining. The dress is made partly from recycled polyester.",Dresses/Skirts girls,1014,All over pattern,1010001,I,Baby/Children,4,Children Sizes 134-170,7,Turquoise,3,Light,Polly dress,743471,Garment Full body,Dress,265,Young Girl,77
743626002,73,Dark Blue,Denim Trousers,1772,"High-waisted jeans in stretch denim with a zip fly and button, fake front pockets, real back pockets and flared legs.",Trousers Denim,1016,Denim,1010023,D,Divided,2,Divided,2,Blue,2,Medium Dusty,Flare H.W Harlem,743626,Garment Lower body,Trousers,272,Ladies Denim,57
743759002,73,Dark Blue,Dress,1310,"Short dress in woven fabric with a V-neck, frilled collar and decorative drawstring with tassels. Flounces at the front that continue back over the shoulders, short butterfly sleeves and a smocked seam at the waist.",Dresses Ladies,1013,All over pattern,1010001,A,Ladieswear,1,Ladieswear,2,Blue,4,Dark,Autun frill dress,743759,Garment Full body,Dress,265,Womens Casual,6
743840027,71,Light Blue,Shirt,5783,"Shirt in soft, checked cotton flannel with a turn-down collar, classic front, two open chest pockets and a yoke at the back. Long sleeves with adjustable buttoning at the cuffs, and a rounded hem.",Shirts,1011,Check,1010004,F,Menswear,3,Menswear,2,Blue,1,Dusty Light,NILS LS CHECK,743840,Garment Upper body,Shirt,259,Contemporary Street,55
743908016,10,White,Baby Boy Jersey Fancy,6545,Long-sleeved top in soft cotton jersey with a concealed press-stud on one shoulder (except in sizes 1½-4Y).,Jersey Fancy,1005,All over pattern,1010001,G,Baby/Children,4,Baby Sizes 50-98,9,White,3,Light,TVP TOBIAS LS TEE,743908,Garment Upper body,T-shirt,255,Baby Boy,41
744021005,51,Light Pink,Kids Girl UW/NW,7922,"Pyjamas with a top and shorts in patterned cotton jersey. Sleeveless top with a straight-cut neckline, frill-trimmed shoulder straps and a rounded hem. Shorts with covered elastication at the waist and frill-trimmed hems.","Under-, Nightwear",1017,Mixed solid/pattern,1010012,H,Baby/Children,4,Children Sizes 92-140,4,Pink,1,Dusty Light,CABANA PJ,744021,Nightwear,Pyjama set,297,Girls Underwear & Basics,79
744112004,19,Greenish Khaki,Young Girl Jersey Fancy,8716,"Long-sleeved top in soft sweatshirt fabric with a motif. Lined hood, kangaroo pocket and ribbing at the cuffs and hem. Soft brushed inside.",Jersey Fancy,1005,Front print,1010008,I,Baby/Children,4,Children Sizes 134-170,20,Khaki green,2,Medium Dusty,PERFECT HOOD,744112,Garment Upper body,Sweater,252,Young Girl,77
744126008,7,Grey,Young Girl Jersey Fancy,8716,"Top in soft fabric with long sleeves and ribbing around the neckline, cuffs and hem.",Jersey Fancy,1005,Front print,1010008,I,Baby/Children,4,Children Sizes 134-170,12,Grey,1,Dusty Light,WEEKEND SWETTIS,744126,Garment Upper body,Sweater,252,Young Girl,77
744241001,12,Light Beige,Baby Exclusive,6557,"Baby Exclusive. T-shirt and a pair of leggings in soft, patterned organic cotton jersey with overlocked edges. T-shirt with short raglan sleeves and press-studs on one shoulder. Leggings with an elasticated waist.",Woven/Jersey/Knitted mix Baby,1006,All over pattern,1010001,G,Baby/Children,4,Baby Sizes 50-98,9,White,1,Dusty Light,DREW s/s set,744241,Garment Full body,Garment Set,270,Baby Essentials & Complements,44
744306009,14,Dark Beige,Trouser,5686,"Chinos in washed, stretch cotton twill with a zip fly, side pockets and welt back pockets. Slim fit which is relaxed over the thighs and tapers from the knees down for a relaxed, well-tailored look.",Trousers,1009,Solid,1010016,F,Menswear,3,Menswear,11,Beige,4,Dark,Rawley Slim Fit Chinos,744306,Garment Lower body,Trousers,272,Contemporary Smart,20
744478003,73,Dark Blue,Baby Exclusive,6557,"Baby Exclusive. Short-sleeved shirt in a soft, organic cotton double weave with a round neckline and button placket.",Woven/Jersey/Knitted mix Baby,1006,Stripe,1010017,G,Baby/Children,4,Baby Sizes 50-98,2,Blue,7,Medium,LASSE woven shirt,744478,Garment Upper body,Shirt,259,Baby Essentials & Complements,44
744703001,73,Dark Blue,Jersey,1666,Sleeveless top in jersey crêpe with a small stand-up collar and V-neck opening with ties at the front. Pleats at the top and a straight-cut hem.,Jersey Fancy,1005,Solid,1010016,A,Ladieswear,1,Ladieswear,2,Blue,4,Dark,SPEED Elvis Top,744703,Garment Upper body,Top,254,Womens Tailoring,11
744847002,93,Dark Green,UW,3937,"Thong briefs in cotton jersey with a low waist, lined gusset, narrow sides and string back.","Under-, Nightwear",1017,All over pattern,1010001,D,Divided,2,Divided,19,Green,7,Medium,Destiny thong,744847,Underwear,Underwear bottom,286,Divided Basics,51
745054001,73,Dark Blue,Woven Tops,2033,"Short dress in a viscose crêpe weave with a V-neck, sewn-in wrapover at the top and short cap sleeves. Elasticated seam and a tie belt at the waist. Unlined.",Blouses,1010,Solid,1010016,A,Ladieswear,1,Ladieswear,2,Blue,4,Dark,Faye Dress,745054,Garment Full body,Dress,265,Mama,8
745250001,9,Black,Dress,1322,"Long, straight-cut tunic in a crêpe weave with wide pin-tucks at the front, a V-neck and long sleeves with buttoned cuffs.",Dresses Ladies,1013,Solid,1010016,A,Ladieswear,1,Ladieswear,5,Black,4,Dark,Britney,745250,Garment Full body,Dress,265,Womens Everyday Collection,15
745363001,73,Dark Blue,Baby Girl Jersey Fancy,6525,"Long-sleeved dress in cotton jersey with frills at the top, an opening and button at the back of the neck and an elasticated seam at the waist.",Jersey Fancy,1005,All over pattern,1010001,G,Baby/Children,4,Baby Sizes 50-98,2,Blue,4,Dark,Evelina l/s dress,745363,Garment Full body,Dress,265,Baby Girl,40
745517002,71,Light Blue,Young Girl Trouser,8717,Shorts in stretch cotton twill with a zip fly and front and back pockets.,Trousers,1009,All over pattern,1010001,I,Baby/Children,4,Children Sizes 134-170,2,Blue,3,Light,Ellen AOP shorts,745517,Garment Lower body,Shorts,274,Young Girl,77
745829002,73,Dark Blue,Read & React,4092,,Unknown,1001,Stripe,1010017,D,Divided,2,Divided,2,Blue,4,Dark,RR 39  1/2 Striped shirt,745829,Garment Upper body,Blouse,258,Divided Projects,50
746069005,7,Grey,Denim Trousers,1772,"5-pocket ankle-length jeans in washed, stretch denim with hard-worn details in a slightly looser fit with an extra high waist, button fly and straight legs.",Trousers Denim,1016,Denim,1010023,D,Divided,2,Divided,12,Grey,4,Dark,Mom Fit Trash,746069,Garment Lower body,Trousers,272,Ladies Denim,57
746260015,17,Yellowish Brown,Baby Boy Woven,6565,Fully lined trousers in narrow-wale cotton corduroy with adjustable elastication and a drawstring at the waist and a fake fly with decorative buttons.,Woven/Jersey/Knitted mix Baby,1006,Solid,1010016,G,Baby/Children,4,Baby Sizes 50-98,13,Brown,2,Medium Dusty,TVP Felix trouser,746260,Garment Lower body,Trousers,272,Baby Boy,41
746307004,42,Red,Kids Boy Jersey Fancy,7648,Long-sleeved top in soft cotton jersey with a print motif.,Jersey Fancy,1005,Front print,1010008,H,Baby/Children,4,Children Sizes 92-140,18,Red,7,Medium,BOAZ FANCY,746307,Garment Upper body,T-shirt,255,Kids Boy,46
746344002,9,Black,Sunglasses,8888,"Round sunglasses with plastic frames, sidepieces and lenses. The lenses are UV-protective, tinted and polarised. Polarised lenses convey colours more clearly and provide stronger contrasts while preventing glare.",Accessories,1019,Solid,1010016,C,Ladieswear,1,Ladies Accessories,5,Black,4,Dark,PQ Mendez sunglasses,746344,Accessories,Sunglasses,81,Womens Small accessories,66
746627003,22,Yellow,Dresses,1344,"Short dress in a patterned crêpe weave with buttons down the front, a seam at the waist and 3/4-length sleeves. Unlined.",Dresses Ladies,1013,All over pattern,1010001,D,Divided,2,Divided,8,Yellow,7,Medium,Tobago tunic w,746627,Garment Full body,Dress,265,Divided Collection,53
746869004,11,Off White,Young Girl Knitwear,8718,"Jumper in a soft fine knit containing some wool with ribbing around the neckline, cuffs and hem. Soft brushed finish.",Knitwear,1003,Stripe,1010017,I,Baby/Children,4,Children Sizes 134-170,9,White,1,Dusty Light,Carla block stripe sweater,746869,Garment Upper body,Sweater,252,Young Girl,77
747057010,7,Grey,Baby Boy Jersey Fancy,6545,T-shirt in soft cotton jersey with a press-stud on one shoulder (except in sizes 1½-4Y).,Jersey Fancy,1005,All over pattern,1010001,G,Baby/Children,4,Baby Sizes 50-98,12,Grey,1,Dusty Light,Elis tee,747057,Garment Upper body,T-shirt,255,Baby Boy,41
747240001,10,White,Casual Lingerie,1334,"Bikini briefs in cotton jersey and lace with a mid waist, lined gusset and medium coverage at the back.","Under-, Nightwear",1017,Solid,1010016,B,Ladieswear,1,Lingeries/Tights,9,White,3,Light,Valeria bikini 3p,747240,Underwear,Underwear bottom,286,Womens Lingerie,61
747404003,7,Grey,Young Girl Jersey Fancy,8716,"Top in soft, sequined sweatshirt fabric with long raglan sleeves and ribbing around the neckline, cuffs and hem. Soft brushed inside.",Jersey Fancy,1005,Sequin,1010015,I,Baby/Children,4,Children Sizes 134-170,12,Grey,1,Dusty Light,GLORIA fancy swettis,747404,Garment Upper body,Sweater,252,Young Girl,77
747545002,8,Dark Grey,Young Girl Knitwear,8718,"Top in a soft, fine-knit viscose blend with a text print. Hood with a wrapover front, long sleeves with ribbed cuffs, and slits in the sides. Gently rounded and slightly longer at the back.",Knitwear,1003,All over pattern,1010001,I,Baby/Children,4,Children Sizes 134-170,12,Grey,4,Dark,CAIRO hoodie,747545,Garment Upper body,Sweater,252,Young Girl,77
747737003,22,Yellow,Swimwear,4242,Sarong in an airy weave. Size 130x150 cm.,Swimwear,1018,Solid,1010016,B,Ladieswear,1,Lingeries/Tights,8,Yellow,5,Bright,B Leila Sarong,747737,Swimwear,Sarong,300,"Womens Swimwear, beachwear",60
747986001,9,Black,Casual Lingerie,1334,"Bandeau bras in microfibre with elastication at the top, lined cups with removable inserts that shape the bust, and a wide lace trim at the hem. No fasteners.","Under-, Nightwear",1017,Solid,1010016,B,Ladieswear,1,Lingeries/Tights,5,Black,4,Dark,Denia bandeau 2p,747986,Underwear,Bra,306,Womens Lingerie,61
748330001,92,Green,Kids Girl Trouser,7617,"KATE MORGAN x H&M. Calf-length trousers in an airy, patterned viscose weave. Waist with covered elastication, a small frill trim at the top, and a decorative bow with contrasting colour tassels. Diagonal side pockets and straight, wide legs.",Trousers,1009,All over pattern,1010001,H,Baby/Children,4,Children Sizes 92-140,19,Green,5,Bright,COLAB KM Hanoki,748330,Garment Lower body,Trousers,272,Kids Girl,76
748440002,73,Dark Blue,Blouse,1510,"V-neck blouse in an airy weave with a pleated yoke front and back, long sleeves with an opening and ties at the cuffs, and a straight-cut hem.",Blouses,1010,All over pattern,1010001,A,Ladieswear,1,Ladieswear,2,Blue,7,Medium,Joar CS blouse,748440,Garment Upper body,Blouse,258,Womens Casual,6
748651009,42,Red,Baby Shoes,6561,Warm-lined ankle boots with a zip at one side and loop at the back. Soft pile linings and insoles and patterned soles.,Shoes,1020,Solid,1010016,G,Baby/Children,4,Baby Sizes 50-98,18,Red,7,Medium,Charlie,748651,Shoes,Boots,87,Kids & Baby Shoes,42
748856001,10,White,Campaigns,3090,"V-neck blouse in jacquard-weave viscose with a wrapover front that fastens with concealed ties, a hook-and-eye fastener and narrow ties at one side. Long sleeves with an opening and button at the cuffs, a seam at the waist and a gently flared peplum.",Special Offers,1023,Solid,1010016,A,Ladieswear,1,Ladieswear,9,White,3,Light,BAMBI OL OFFER,748856,Garment Upper body,Blouse,258,Womens Everyday Collection,15
749044015,73,Dark Blue,Kids Boy Jersey Fancy,7648,T-shirt in printed cotton jersey.,Jersey Fancy,1005,Front print,1010008,H,Baby/Children,4,Children Sizes 92-140,2,Blue,4,Dark,YUBBA TEE,749044,Garment Upper body,T-shirt,255,Kids Boy,46
749101001,9,Black,Kids Girl Jersey Fancy,7616,"Long-sleeved top in soft pile with a sequin motif on the front and ribbing around the neckline, cuffs and hem.",Jersey Fancy,1005,Sequin,1010015,H,Baby/Children,4,Children Sizes 92-140,5,Black,4,Dark,Aurora Fancy Sweater,749101,Garment Upper body,Sweater,252,Kids Girl,76
749175008,73,Dark Blue,Kids Boy Jersey Basic,7668,Long-sleeved tops in soft jersey. The cotton content of the tops is organic.,Jersey Basic,1002,Solid,1010016,H,Baby/Children,4,Children Sizes 92-140,2,Blue,4,Dark,TOBIE 5-p l/s SB,749175,Garment Upper body,T-shirt,255,Boys Underwear & Basics,72
749297007,12,Light Beige,Bags,3944,Waist bag with a zip at the top and an adjustable strap with a plastic fastener. Lined. Size 5x12x24 cm.,Accessories,1019,All over pattern,1010001,D,Divided,2,Divided,11,Beige,1,Dusty Light,Ben bumbag,749297,Accessories,Bag,66,Divided Accessories,52
749421001,10,White,Swimwear,4242,"Fully lined bikini bottoms with a low waist, ties at the sides and cutaway coverage at the back.",Swimwear,1018,Solid,1010016,B,Ladieswear,1,Lingeries/Tights,9,White,3,Light,So woke tie tanga,749421,Swimwear,Swimwear bottom,59,"Womens Swimwear, beachwear",60
749554001,9,Black,Kids Boy Shoes,4211,"Hi-tops in imitation leather with a padded shaft, an adjustable hook and loop tab and elasticated lacing at the front and a loop at the back. Pile linings and insoles.",Shoes,1020,Solid,1010016,J,Baby/Children,4,"Children Accessories, Swimwear",5,Black,4,Dark,Jake Pile HT SB,749554,Shoes,Sneakers,94,Kids & Baby Shoes,42
749654004,8,Dark Grey,Young Boy Shoes,4221,"Waterproof hi-top trainers in imitation leather with canvas details. Adjustable hook and loop tab at the top, elasticated lacing at the front and a loop front and back. Pile linings and insoles. The hi-tops have a water-repellent coating without fluorocarbons.",Shoes,1020,Solid,1010016,J,Baby/Children,4,"Children Accessories, Swimwear",12,Grey,4,Dark,Julius WP pile BB,749654,Shoes,Sneakers,94,Kids & Baby Shoes,42
749738002,12,Light Beige,Skirt,1414,"Short skirt in woven fabric with a concealed zip and button at the back, a high waist with pleats all round, and pockets in the side seams. Unlined.",Skirts,1012,All over pattern,1010001,A,Ladieswear,1,Ladieswear,11,Beige,1,Dusty Light,Joen,749738,Garment Lower body,Skirt,275,Womens Tailoring,11
749878003,43,Dark Red,Kids Girl Outdoor,7812,"Padded jacket in windproof, water-repellent, breathable functional fabric with folded seams and reflective details. Detachable, lined hood, a stand-up collar and a zip down the front with a chin guard. Zipped front pockets, and soft fleece inner ribbing and a tab with an adjustable hook and loop fastening at the cuffs. Rounded and slightly longer at the back. Fleece lining. The jacket has a water-repellent coating without fluorocarbons.",Outdoor,1007,All over pattern,1010001,H,Baby/Children,4,Children Sizes 92-140,18,Red,4,Dark,Func. Ingela snow jacket,749878,Garment Upper body,Jacket,262,Kids Outerwear,45
750067001,23,Dark Yellow,Campaigns,3090,"Maxi dress in a jacquard-weave Tencel™ lyocell and viscose blend. Narrow cut at the top with short, narrow shoulder straps, a V-neck opening front and back, and ties at the back of the neck. Seam at the waist with a decorative tie detail at the front, and a softly draping skirt with a high slit at the front. Unlined.",Special Offers,1023,Stripe,1010017,A,Ladieswear,1,Ladieswear,8,Yellow,4,Dark,EDC Barbie dress,750067,Garment Full body,Dress,265,Womens Everyday Collection,15
750398004,13,Beige,Knitwear,1610,"Wide, V-neck jumper in a soft knit containing some wool with dropped shoulders, long sleeves and ribbing around the neckline, cuffs and hem.",Knitwear,1003,Solid,1010016,A,Ladieswear,1,Ladieswear,1,Mole,2,Medium Dusty,Chandler long V-neck TVP,750398,Garment Upper body,Sweater,252,Womens Casual,6
750444005,9,Black,Trouser,1710,"Slim-fit trousers in stretch twill made from a Tencel™ lyocell blend with a regular waist, side pockets, flap leg pockets and fake flap pockets at the back.",Trousers,1009,Solid,1010016,A,Ladieswear,1,Ladieswear,5,Black,4,Dark,Slim cargo TVP RW,750444,Garment Lower body,Trousers,272,Womens Casual,6
750553003,10,White,Socks Bin,7188,Socks in a fine-knit cotton blend designed to be hidden inside your shoes. The socks have elastication around the openings and a concealed silicone trim around the heel for best fit.,Socks and Tights,1021,Placement print,1010014,F,Menswear,3,Menswear,9,White,3,Light,5pk invisible fancy,750553,Socks & Tights,Socks,302,Men Underwear,26
750763004,73,Dark Blue,Kids Boy Shoes,4211,"Boots in waterproof functional fabric with imitation leather details, a padded edge and a hook and loop fastening at the front. Lightly padded tongue that can easily be pulled forward to make it easier to put the boots on. Reflective details. Pile linings and insoles and chunky, patterned soles.",Shoes,1020,All over pattern,1010001,J,Baby/Children,4,"Children Accessories, Swimwear",2,Blue,4,Dark,Jocke WP boot SB,750763,Shoes,Sneakers,94,Kids & Baby Shoes,42
751214003,73,Dark Blue,Dresses,1344,"Short, fitted dress in jersey containing glittery threads with a foil print. Round neckline, an open section with wrapover sides at the back, and long sleeves. Unlined.",Dresses Ladies,1013,Glittering/Metallic,1010009,D,Divided,2,Divided,2,Blue,4,Dark,Buffalo party dress,751214,Garment Full body,Dress,265,Divided Collection,53
751355001,73,Dark Blue,Kids Boy Trouser,7656,"Trousers in cotton twill with a zip fly, side pockets, fake back pockets and a fabric belt with imitation leather details and metal D-rings.",Trousers,1009,Solid,1010016,H,Baby/Children,4,Children Sizes 92-140,2,Blue,4,Dark,ROBIN belted trouser,751355,Garment Lower body,Trousers,272,Kids Boy,46
751480001,12,Light Beige,Jersey,1641,"Top in soft sweatshirt fabric with a ribbed stand-up collar, long, cuffed sleeves, pleats at the waist and a flared peplum. Brushed inside.",Jersey Fancy,1005,Solid,1010016,A,Ladieswear,1,Ladieswear,9,White,1,Dusty Light,CNY peplum sweater,751480,Garment Upper body,Sweater,252,Womens Trend,18
751591002,10,White,Blouse,1510,Blouse in an airy weave with a V-neck and a rounded hem with short slits in the sides. Longer at the back.,Blouses,1010,Solid,1010016,A,Ladieswear,1,Ladieswear,9,White,3,Light,Taylor blouse,751591,Garment Upper body,Blouse,258,Womens Casual,6
751780001,9,Black,Trouser,1717,"Ankle-length jumpsuit in woven fabric with a V-neck, an opening with ties at the back of the neck and short, flounced sleeves. Elasticated seam at the waist, side pockets and straight, wide legs.",Trousers,1009,All over pattern,1010001,A,Ladieswear,1,Ladieswear,5,Black,4,Dark,Dobberman jumpsuit,751780,Garment Lower body,Trousers,272,Womens Tailoring,11
751910001,11,Off White,Dress,1313,"Flared, calf-length satin dress with a V-neck and a small stand-up collar with long ties at the front. Short, wide raglan sleeves and wide tiers to the hem. Lined.",Dresses Ladies,1013,Solid,1010016,A,Ladieswear,1,Ladieswear,9,White,1,Dusty Light,Imani Dress,751910,Garment Full body,Dress,265,Womens Tailoring,11
752020001,12,Light Beige,Loungewear,3708,"Vest top in a soft, ribbed viscose blend.","Under-, Nightwear",1017,Melange,1010010,A,Ladieswear,1,Ladieswear,11,Beige,2,Medium Dusty,Lilly tank,752020,Garment Upper body,Top,254,"Womens Nightwear, Socks & Tigh",62
752316003,73,Dark Blue,Baby Girl Jersey Fancy,6525,"Sleeveless dress in soft, patterned cotton jersey with a frill trim over the shoulders and a small opening with a button at the back of the neck. Seam at the top and a flared skirt.",Jersey Fancy,1005,All over pattern,1010001,G,Baby/Children,4,Baby Sizes 50-98,2,Blue,4,Dark,Evelina dress,752316,Garment Full body,Dress,265,Baby Girl,40
752512007,22,Yellow,Trouser,1722,"Trousers in soft, gently draping viscose twill with a high, elasticated waist and detachable tie belt. Side pockets and straight, wide legs.",Trousers,1009,All over pattern,1010001,A,Ladieswear,1,Ladieswear,8,Yellow,2,Medium Dusty,Waleo HW wide full,752512,Garment Lower body,Trousers,272,Womens Everyday Collection,15
752689009,51,Light Pink,UW,3937,"Shortie briefs in soft jersey made from a cotton blend with a mid waist, lined gusset and medium coverage at the back.","Under-, Nightwear",1017,All over pattern,1010001,D,Divided,2,Divided,4,Pink,1,Dusty Light,Fred shorties 5 pack,752689,Underwear,Underwear bottom,286,Divided Basics,51
752857003,10,White,Divided Shoes,3929,"Platform boots in imitation leather with a zip in one side, lacing at the front and a loop at the back. Decorative welt seams and chunky soles. Platform front 4 cm, heel 5 cm.",Shoes,1020,Solid,1010016,D,Divided,2,Divided,9,White,3,Light,Patsy Platform,752857,Shoes,Boots,87,Divided Accessories,52
753031001,7,Grey,Young Boy Jersey Fancy,8748,"Top in sweatshirt fabric with a print motif on the front, a lined hood, long sleeves and ribbing at the cuffs and hem. Soft brushed inside.",Jersey Fancy,1005,Colour blocking,1010005,I,Baby/Children,4,Children Sizes 134-170,12,Grey,1,Dusty Light,NOAH fancy hood TP,753031,Garment Upper body,Hoodie,308,Young Boy,47
753206002,9,Black,Young Boy Jersey Fancy,8748,"Joggers in sturdy sweatshirt fabric made from a cotton blend with an elasticated drawstring waist, zipped side pockets and a fake back pocket. Tapered legs with ribbed hems. Soft brushed inside.",Jersey Fancy,1005,All over pattern,1010001,I,Baby/Children,4,Children Sizes 134-170,5,Black,4,Dark,DRAKE sweatpants TP,753206,Garment Lower body,Trousers,272,Young Boy,47
753255001,9,Black,Tops Fancy Jersey,1640,"Short, wide T-shirt in soft cotton jersey with a ribbed neckline and dropped shoulders.",Jersey Fancy,1005,Front print,1010008,D,Divided,2,Divided,5,Black,4,Dark,Terrier- TVP- TM,753255,Garment Upper body,T-shirt,255,Divided Collection,53
753342013,32,Orange,Young Boy Jersey Fancy,8748,T-shirt in cotton jersey with an interactive motif on the front and narrow ribbing around the neckline.,Jersey Fancy,1005,Sequin,1010015,I,Baby/Children,4,Children Sizes 134-170,3,Orange,5,Bright,HOPPER interactive s/s tee TP,753342,Garment Upper body,T-shirt,255,Young Boy,47
753581001,13,Beige,Gloves/Hats,3519,Hat in braided straw with a wide grosgrain band and a frayed edge around the brim. Width of brim 12 cm.,Accessories,1019,Solid,1010016,C,Ladieswear,1,Ladies Accessories,11,Beige,2,Medium Dusty,Modi Straw Hat,753581,Accessories,Hat/brim,76,Womens Big accessories,65
753746001,9,Black,Young Girl Jersey Basic,7930,"Joggers in soft sweatshirt fabric with covered elastication and a drawstring at the waist, diagonal side pockets and gently tapered legs with elasticated hems. Brushed inside.",Jersey Basic,1002,Solid,1010016,I,Baby/Children,4,Children Sizes 134-170,5,Black,4,Dark,ALINA jogger,753746,Garment Lower body,Trousers,272,Girls Underwear & Basics,79
753919001,5,Gold,Accessories,3941,"Set with earrings and a bracelet in hammered metal. Round earrings, diameter 9 cm. Spiral-shaped bracelet, width approx. 8 cm.",Accessories,1019,Metallic,1010011,A,Ladieswear,1,Ladieswear,15,Metal,5,Bright,Scarabé earrings + bracelet,753919,Accessories,Earring,70,Womens Trend,18
754135001,71,Light Blue,Shirt,5767,"Long-sleeved shirt in soft, washed cotton denim with a grandad collar, classic front, adjustable buttoning at the cuffs, and a rounded hem.",Shirts,1011,Denim,1010023,F,Menswear,3,Menswear,2,Blue,3,Light,Denim Pauls LS Bandcollar,754135,Garment Upper body,Shirt,259,Contemporary Casual,21
754251001,41,Light Red,Baby Girl Woven,6555,"Set with a dungaree dress and top in organic cotton. Pattern-weave dress with an elasticated waist, patch pockets and straps with knots at the front that cross and fasten at the back with concealed, adjustable fasteners. Jersey top with a small opening and button at the back of the neck and short, frill-trimmed sleeves.",Woven/Jersey/Knitted mix Baby,1006,Stripe,1010017,G,Baby/Children,4,Baby Sizes 50-98,18,Red,7,Medium,PIPPA bib SET,754251,Garment Full body,Dress,265,Baby Girl,40
754348001,9,Black,Gloves/Hats,3519,"Captain’s cap in a felted wool blend with buttons at the sides, braiding at the front and covered elastication at the back. Patterned satin lining.",Accessories,1019,Solid,1010016,C,Ladieswear,1,Ladies Accessories,5,Black,4,Dark,Angelica Sailor Cap,754348,Accessories,Hat/brim,76,Womens Big accessories,65
754425001,52,Pink,Woven top,1909,"Tunic in a soft viscose weave with a collar, buttons down the front, long sleeves with two buttons at the cuffs, and a rounded hem with slits in the sides.",Blouses,1010,Solid,1010016,A,Ladieswear,1,Ladieswear,4,Pink,1,Dusty Light,HM+ Missy Elliott tunic,754425,Garment Upper body,Blouse,258,H&M+,2
754713012,10,White,Tops Fancy Jersey,1640,"Short, wide top in sweatshirt fabric with a stand-up collar, zip at the top, dropped shoulders, long sleeves and ribbing at the cuffs and hem. Soft brushed inside.",Jersey Fancy,1005,Placement print,1010014,D,Divided,2,Divided,9,White,3,Light,Kamikaze TVP- TM,754713,Garment Upper body,Sweater,252,Divided Collection,53
754932001,9,Black,Blazer,5131,"Single-breasted jacket in a stretch wool weave with narrow notch lapels, a chest pocket, flap front pockets and an inner pocket. Two buttons at the front, decorative buttons at the cuffs and a single back vent. Lined. Skinny Fit – a slightly shorter style that shapes in at the chest and tapers sharply at the waist. This combined with narrow shoulders and sleeves creates a completely fitted silhouette.",Dressed,1008,Solid,1010016,F,Menswear,3,Menswear,5,Black,4,Dark,Clark skinny fit blz,754932,Garment Upper body,Blazer,264,Men Suits & Tailoring,23
755185006,73,Dark Blue,Kids Boy Big Acc,4212,Double-layered hat in soft cotton jersey.,Accessories,1019,Solid,1010016,J,Baby/Children,4,"Children Accessories, Swimwear",2,Blue,4,Dark,BEANIE JERSEY BASIC,755185,Accessories,Hat/beanie,75,Kids Outerwear,45
755467003,10,White,Clean Lingerie,1339,"Soft, non-wired bra in mesh and satin with padded cups for a larger bust and fuller cleavage. Adjustable shoulder straps and a hook-and-eye fastening at the back.","Under-, Nightwear",1017,Solid,1010016,B,Ladieswear,1,Lingeries/Tights,9,White,3,Light,Henric fargo wireless push,755467,Underwear,Bra,306,Womens Lingerie,61
755599003,31,Light Orange,Baby Shoes,6561,"Trainers with imitation leather details, a padded edge and tongue, elasticated lacing at the front and a loop at the back. Mesh linings and insoles and fluted soles.",Shoes,1020,Glittering/Metallic,1010009,G,Baby/Children,4,Baby Sizes 50-98,3,Orange,1,Dusty Light,Steve sneaker,755599,Shoes,Sneakers,94,Kids & Baby Shoes,42
755641001,73,Dark Blue,Kids Boy Trouser,7656,"Trousers in cotton corduroy with an adjustable, elasticated waist, zip fly and button and front and back pockets.",Trousers,1009,Solid,1010016,H,Baby/Children,4,Children Sizes 92-140,2,Blue,4,Dark,Grant 2pk,755641,Garment Lower body,Trousers,272,Kids Boy,46
755717002,8,Dark Grey,Kids Boy Shirt,7657,Long-sleeved shirt with a bow tie and waistcoat in a cotton weave. Shirt with a collar and buttons down the front and at the cuffs. Bow tie with an adjustable elastic strap and plastic fastener at the back. Waistcoat with buttons down the front and fake front pockets. Lined.,Shirts,1011,Other structure,1010026,H,Baby/Children,4,Children Sizes 92-140,12,Grey,4,Dark,Rockford set,755717,Garment Upper body,Shirt,259,Kids Boy,46
755786001,73,Dark Blue,Knitwear,5831,T-shirt in soft slub jersey made from a linen and cotton blend with pearly buttons at the top and short slits in the sides.,Knitwear,1003,Solid,1010016,F,Menswear,3,Menswear,2,Blue,4,Dark,SAGE ss henley,755786,Garment Upper body,T-shirt,255,Men Suits & Tailoring,23
756052004,10,White,Kids Girl Jersey Basic,7920,"Sleeveless dress in patterned, organic cotton slub jersey. Shoulder straps with a sewn-on bow, a seam at the hips and a flared skirt.",Jersey Basic,1002,Stripe,1010017,H,Baby/Children,4,Children Sizes 92-140,9,White,3,Light,DAISY,756052,Garment Full body,Dress,265,Girls Underwear & Basics,79
756185001,32,Orange,Tops Knitwear,1647,Short-sleeved top in a loose rib knit with a deep neckline and twisted detail at the back.,Knitwear,1003,Solid,1010016,D,Divided,2,Divided,3,Orange,5,Bright,Carrie Twisted Back Tee,756185,Garment Upper body,Sweater,252,Divided Collection,53
756320019,9,Black,Nightwear,3709,Pyjama top and shorts in soft satin. V-neck cami top with adjustable spaghetti shoulder straps and lace at the top. Short shorts with narrow elastication at the waist and lace-trimmed hems.,"Under-, Nightwear",1017,All over pattern,1010001,B,Ladieswear,1,Lingeries/Tights,5,Black,4,Dark,Lindsay Sl-set (W),756320,Nightwear,Pyjama set,297,"Womens Nightwear, Socks & Tigh",62
756433001,9,Black,Projects,5741,"Sunglasses with plastic frames and UV-protective, tinted lenses.",Unknown,1001,Solid,1010016,F,Menswear,3,Menswear,5,Black,4,Dark,SL Quick sunglasses,756433,Accessories,Sunglasses,81,Men Project,24
756687001,6,Light Grey,Gloves/Hats,3519,"Hat in a soft, fluffy, rib-knit wool blend with a turned-up hem.",Accessories,1019,Solid,1010016,C,Ladieswear,1,Ladies Accessories,-1,Unknown,1,Dusty Light,PQ Chuck Beanie,756687,Accessories,Hat/beanie,75,Womens Big accessories,65
756904014,19,Greenish Khaki,Jersey,1919,"Jumper in a soft, fine knit with a round neckline and long dolman sleeves.",Jersey Fancy,1005,Solid,1010016,A,Ladieswear,1,Ladieswear,20,Khaki green,2,Medium Dusty,ED Pingu,756904,Garment Upper body,Top,254,H&M+,2
757023002,10,White,Kids Boy Jersey Fancy,7648,"KATE MORGAN x H&M. T-shirt in soft cotton jersey with a print motif, narrow ribbing around the neckline and a small appliqué at the hem.",Jersey Fancy,1005,Application/3D,1010002,H,Baby/Children,4,Children Sizes 92-140,9,White,3,Light,ESA TEE Co-lab KM,757023,Garment Upper body,T-shirt,255,Kids Boy,46
757164001,7,Grey,Baby Exclusive,6557,"Baby Exclusive. T-shirt in soft organic cotton jersey with a print motif on the front, press-stud on one shoulder and short sleeves with sewn-in turn-ups.",Woven/Jersey/Knitted mix Baby,1006,Melange,1010010,G,Baby/Children,4,Baby Sizes 50-98,12,Grey,1,Dusty Light,BALOON t-shirt,757164,Garment Upper body,T-shirt,255,Baby Essentials & Complements,44
757270002,81,Light Turquoise,Projects Woven Tops,1545,"Short, cold shoulder top in a patterned, crinkled weave with narrow shoulder straps, short sleeves and a frill trim at the top.",Blouses,1010,All over pattern,1010001,D,Divided,2,Divided,7,Turquoise,1,Dusty Light,Pisces top,757270,Garment Upper body,Vest top,253,Divided Projects,50
757395003,19,Greenish Khaki,Jersey,1919,Short-sleeved tunic in soft jersey with a rounded hem. Slightly longer at the back.,Jersey Fancy,1005,Solid,1010016,A,Ladieswear,1,Ladieswear,20,Khaki green,2,Medium Dusty,HM+ Glans SS tunic,757395,Garment Upper body,Blouse,258,H&M+,2
757572001,7,Grey,Kids Girl Big Acc,4312,Set with a hat and scarf in a soft rib knit. Hat with foldover ribbing and a pompom on top.,Accessories,1019,Colour blocking,1010005,J,Baby/Children,4,"Children Accessories, Swimwear",12,Grey,1,Dusty Light,ABBY Knitted set 2-pcs,757572,Accessories,Hat/beanie,75,Kids Outerwear,45
757726002,52,Pink,Jersey,1641,Fitted one-shoulder top in ribbed jersey with one shoulder strap.,Jersey Fancy,1005,Solid,1010016,A,Ladieswear,1,Ladieswear,4,Pink,5,Bright,tag top,757726,Garment Upper body,Vest top,253,Womens Trend,18
757813001,10,White,Jersey Fancy,5882,"Vest top in cotton jersey with narrow ribbing around the neckline, deep armholes with raw edges, and short slits in the sides.",Jersey Fancy,1005,Solid,1010016,F,Menswear,3,Menswear,9,White,3,Light,Cameron Relaxed Cut Off 4.99,757813,Garment Upper body,Vest top,253,Contemporary Street,55
757903028,23,Dark Yellow,Scarves,3409,Scarf in a soft weave with fringes on the short sides.,Accessories,1019,Solid,1010016,C,Ladieswear,1,Ladies Accessories,8,Yellow,2,Medium Dusty,Bengal Scarf,757903,Accessories,Scarf,80,Womens Big accessories,65
757991001,72,Blue,Dress,1322,"Knee-length dress in woven fabric with a V-neck, wrapover front and ties at the waist. Long, wide sleeves and narrow cuffs with a button. Unlined.",Dresses Ladies,1013,Stripe,1010017,A,Ladieswear,1,Ladieswear,2,Blue,3,Light,Yellow,757991,Garment Full body,Dress,265,Womens Everyday Collection,15
758191001,21,Light Yellow,Blouse,1510,"V-neck blouse in a soft viscose weave with a small, frill-trimmed stand-up collar, ties at the neckline with tassels at the ends, and raglan butterfly sleeves that continue down the sides.",Blouses,1010,All over pattern,1010001,A,Ladieswear,1,Ladieswear,8,Yellow,3,Light,Anton blouse,758191,Garment Upper body,Blouse,258,Womens Casual,6
758381001,9,Black,Heels,3528,Imitation leather sandals with a braided foot strap and an adjustable ankle strap with a metal buckle. Imitation leather insoles. Heel 5 cm.,Shoes,1020,Solid,1010016,C,Ladieswear,1,Ladies Accessories,5,Black,4,Dark,Twist fancy,758381,Shoes,Heeled sandals,92,Womens Shoes,64
758557002,73,Dark Blue,Baby Toys/Acc,2950,"Set with a hat and pair of mittens in a soft, cable-knit cotton blend. Hat with faux fur pompom on top and ear flaps with ties. Mittens (sizes 0-6 months without thumbs) with fold-down ribbing at the cuffs. Fleece lining.",Accessories,1019,Solid,1010016,G,Baby/Children,4,Baby Sizes 50-98,2,Blue,4,Dark,Esther set,758557,Accessories,Hat/beanie,75,Baby Essentials & Complements,44
758927001,9,Black,Accessories,9985,Fisherman’s hat in cotton twill with a small appliqué. Lined. Width of brim 5 cm.,Accessories,1019,Solid,1010016,F,Menswear,3,Menswear,5,Black,4,Dark,Hat Bucket Brandon,758927,Accessories,Hat/brim,76,Men Accessories,25
759135001,5,Gold,Jewellery Extended,4345,Six pairs of earrings in various sizes and designs. Length from 2.2 cm to 4 cm.,Accessories,1019,Solid,1010016,C,Ladieswear,1,Ladies Accessories,15,Metal,5,Bright,Class Seapearl Stud pack,759135,Accessories,Earring,70,Womens Small accessories,66
759226001,12,Light Beige,Young Boy Shorts,8755,"Knee-length shorts in soft cotton twill with a zip fly and button, side pockets and a fake jetted back pocket.",Shorts,1025,All over pattern,1010001,I,Baby/Children,4,Children Sizes 134-170,11,Beige,1,Dusty Light,2-pack Keefe shorts,759226,Garment Lower body,Shorts,274,Young Boy,47
759415002,72,Blue,Kids Boy Shoes,4211,"Aqua shoes in scuba fabric with a loop front and back, and textured thermoplastic rubber (TPR) soles.",Shoes,1020,All over pattern,1010001,J,Baby/Children,4,"Children Accessories, Swimwear",2,Blue,5,Bright,Marco Swim Shoe SB.,759415,Shoes,Other shoe,89,Kids & Baby Shoes,42
759610001,73,Dark Blue,Projects,5741,"Dungaree shorts in washed denim with worn details. Adjustable straps with metal fasteners and buttons at the sides. One large chest pocket, side and back pockets, leg pockets on one leg and a large loop on the other.",Unknown,1001,Denim,1010023,F,Menswear,3,Menswear,2,Blue,7,Medium,FESTIVAL Jimmy Dungaree,759610,Garment Full body,Jumpsuit/Playsuit,267,Men Project,24
759814022,11,Off White,Basic 1,1643,"Joggers in sweatshirt fabric with a high elasticated drawstring waist, side pockets and elasticated hems. Soft brushed inside.",Jersey Basic,1002,Solid,1010016,D,Divided,2,Divided,9,White,1,Dusty Light,Sky HW jogger,759814,Garment Lower body,Trousers,272,Divided Basics,51
759909002,8,Dark Grey,Ladies Sport Bras,8316,"Fitted sports vest top in fast-drying functional fabric with an integral sports bra. Top with a racer back, narrow shoulder straps and decorative, crossover straps at the back. Sports bra with an elasticated hem.",Jersey Fancy,1005,Solid,1010016,S,Sport,26,Sport,12,Grey,4,Dark,CINNAMON tight yoga strap top,759909,Garment Upper body,Vest top,253,Ladies H&M Sport,5
760029002,7,Grey,Baby Exclusive,6557,Baby Exclusive. Short-sleeved bodysuit in an organic cotton weave with press-studs at the sides and crotch. Ties at one side.,Woven/Jersey/Knitted mix Baby,1006,Solid,1010016,G,Baby/Children,4,Baby Sizes 50-98,12,Grey,4,Dark,LEILA wrap body,760029,Garment Upper body,Bodysuit,256,Baby Essentials & Complements,44
760147001,8,Dark Grey,Baby Boy Jersey Fancy,6545,"Joggers in soft, washed sweatshirt fabric with an elasticated drawstring waist, side pockets, a back pocket and low crotch. Legs with decorative seams on the knees and ribbed hems.",Jersey Fancy,1005,Treatment,1010018,G,Baby/Children,4,Baby Sizes 50-98,12,Grey,4,Dark,Tempest trousers,760147,Garment Lower body,Trousers,272,Baby Boy,41
760368001,17,Yellowish Brown,Kids Boy Shoes,4211,"Hi-tops in imitation leather with a padded edge and tab at the top, elasticated lacing at the front and a loop at the back. Pile linings and insoles and fluted soles.",Shoes,1020,Solid,1010016,J,Baby/Children,4,"Children Accessories, Swimwear",13,Brown,4,Dark,Michael pile HT SB,760368,Shoes,Sneakers,94,Kids & Baby Shoes,42
760662001,13,Beige,Skirt,1422,Calf-length skirt in a pleated weave with a concealed button and zip in one side. Jersey underskirt.,Skirts,1012,Check,1010004,A,Ladieswear,1,Ladieswear,11,Beige,1,Dusty Light,CSP Kicki,760662,Garment Lower body,Skirt,275,Womens Everyday Collection,15
760857006,7,Grey,Knitwear,1610,"Cardigan in a soft knit containing some wool with dropped shoulders, long sleeves and roll-edge ribbing around the opening and cuffs. No buttons.",Knitwear,1003,Melange,1010010,A,Ladieswear,1,Ladieswear,12,Grey,2,Medium Dusty,Richard cardigan,760857,Garment Upper body,Cardigan,245,Womens Casual,6
760973001,5,Gold,Jewellery Extended,4345,"Metal hoop earrings, one pair with a pattern. Diameter 2 cm and 3 cm.",Accessories,1019,Solid,1010016,C,Ladieswear,1,Ladies Accessories,15,Metal,5,Bright,Cool Draco Earring pack,760973,Accessories,Earring,70,Womens Small accessories,66
761204001,52,Pink,Shopbasket Socks,3611,"Slippers in soft fabric with a bow at the front. Faux fur linings and insoles, and soft soles with anti-slip protectors.",Socks and Tights,1021,Solid,1010016,B,Ladieswear,1,Lingeries/Tights,4,Pink,2,Medium Dusty,Slipper BENNY,761204,Shoes,Slippers,93,"Womens Nightwear, Socks & Tigh",62
761331002,12,Light Beige,Jersey,1919,"Wide, high-waisted, calf-length trousers in sturdy jersey with concealed elastication at the waist and straight legs.",Jersey Fancy,1005,Stripe,1010017,A,Ladieswear,1,Ladieswear,11,Beige,1,Dusty Light,ED Carla Culottes,761331,Garment Lower body,Trousers,272,H&M+,2
761501001,8,Dark Grey,Trouser S&T,8616,"Ankle-length suit trousers in airy linen with a hook-and-eye fastening and zip fly. Side pockets, welt back pockets and tapered legs with creases. Slim Fit – a fit that is close-fitting at the thighs, knees and ankles to create a fitted silhouette.",Trousers,1009,Melange,1010010,F,Menswear,3,Menswear,12,Grey,4,Dark,Blake Slim Trs,761501,Garment Lower body,Trousers,272,Men Suits & Tailoring,23
761664004,52,Pink,Tops Woven,1543,Short-sleeved lace top with an opening at the back and button at the back of the neck. Raw scalloped edges at the cuffs and hem.,Blouses,1010,Lace,1010021,D,Divided,2,Divided,4,Pink,5,Bright,LORENZA LACE TOP,761664,Garment Upper body,Blouse,258,Divided Collection,53
761920005,51,Light Pink,Kids Girl Jersey Fancy,7616,"Set with a long-sleeved dress and pair of leggings in soft, printed cotton jersey. Dress with a seam below the waist and a flared skirt. Leggings with an elasticated waist.",Jersey Fancy,1005,Placement print,1010014,H,Baby/Children,4,Children Sizes 92-140,4,Pink,1,Dusty Light,Danisha SET,761920,Garment Full body,Garment Set,270,Kids Girl,76
762061001,10,White,Baby basics,6515,Trousers in soft organic cotton jersey with an elasticated drawstring waist.,Jersey Basic,1002,All over pattern,1010001,G,Baby/Children,4,Baby Sizes 50-98,9,White,3,Light,2P S/J pants,762061,Garment Lower body,Trousers,272,Baby Essentials & Complements,44
762158002,42,Red,Jacket Casual,5252,"Padded jacket in a nylon weave with a fleece-lined stand-up collar and a detachable hood with an elastic drawstring. Zip with a chin guard and wind flap with concealed hook and loop fastening down the front. Zipped side pockets, a flap sleeve pocket and an inner pocket. Concealed elastication at the cuffs and hem. Lined.",Outdoor,1007,Solid,1010016,F,Menswear,3,Menswear,18,Red,5,Bright,Nicholson padded jkt,762158,Garment Upper body,Hoodie,308,Mens Outerwear,31
762287005,13,Beige,Jersey Fancy,5882,"Shorts in sweatshirt fabric with side stripes, an elasticated drawstring waist, side pockets and a back pocket. Soft brushed inside.",Jersey Fancy,1005,Colour blocking,1010005,F,Menswear,3,Menswear,11,Beige,2,Medium Dusty,Sagus Shorts,762287,Garment Lower body,Shorts,274,Contemporary Street,55
762587006,9,Black,Jersey,1660,"Wide top in soft sweatshirt fabric made from a cotton blend with dropped shoulders, long sleeves and ribbing around the neckline, cuffs and hem. Soft brushed inside.",Jersey Fancy,1005,Placement print,1010014,A,Ladieswear,1,Ladieswear,5,Black,4,Dark,PRICE CREW,762587,Garment Upper body,Sweater,252,Womens Casual,6
762767001,51,Light Pink,Kids Girl Trouser,7617,"Ankle-length trousers in cotton corduroy with a regular, adjustable, elasticated waist, zip fly and button, front and back pockets and straight, wide legs.",Trousers,1009,Solid,1010016,H,Baby/Children,4,Children Sizes 92-140,4,Pink,1,Dusty Light,Frody Cord Trousers,762767,Garment Lower body,Trousers,272,Kids Girl,76
762913001,15,Greyish Beige,Jersey Basic,1676,3/4-length leggings in ribbed jersey with wide elastication at the waist.,Jersey Basic,1002,Solid,1010016,A,Ladieswear,1,Ladieswear,1,Mole,4,Dark,Velour cropped,762913,Garment Lower body,Leggings/Tights,273,Womens Everyday Basics,16
763148002,9,Black,Young Girl Outdoor,8812,"Jacket in faux fur with a zip down the front, jersey-lined hood with sewn-on ears at the top, patch front pockets and an elasticated hem. Jersey lining.",Outdoor,1007,Solid,1010016,I,Baby/Children,4,Children Sizes 134-170,5,Black,4,Dark,Tommy Fur Jacket,763148,Garment Upper body,Jacket,262,Kids Outerwear,45
763275007,73,Dark Blue,Light Basic Jersey,5832,V-neck T-shirt in soft cotton jersey.,Jersey Basic,1002,Solid,1010016,F,Menswear,3,Menswear,2,Blue,4,Dark,RYAN V-NECK,763275,Garment Upper body,T-shirt,255,Men Underwear,26
763379001,72,Blue,Kids Girl Dresses,7613,"Blouse in a viscose weave with a frill-trimmed grandad collar, frilled button placket, long sleeves and narrow, frill-trimmed cuffs with a button.",Dresses/Skirts girls,1014,Chambray,1010024,H,Baby/Children,4,Children Sizes 92-140,2,Blue,2,Medium Dusty,Cedric Blouse,763379,Garment Upper body,Blouse,258,Kids Girl,76
763660001,9,Black,Baby Boy Outdoor,6512,"Jacket in woven fabric with a filling of 80% down and 20% feathers. Detachable hood lined with soft faux fur, a small stand-up collar and zip down the front with a chin guard. Narrow elastication around the hood, cuffs and hem. Partly lined in fleece.",Outdoor,1007,Solid,1010016,G,Baby/Children,4,Baby Sizes 50-98,5,Black,4,Dark,Premium Poofs down jkt (PQ),763660,Garment Upper body,Jacket,262,Baby Boy,41
763743003,14,Dark Beige,Shoes / Boots inactive from s5,3630,Loafers with a decorative seam at the front. Canvas linings and insoles and thermoplastic rubber (TPR) soles. Heel 1.5 cm.,Shoes,1020,All over pattern,1010001,F,Menswear,3,Menswear,1,Mole,2,Medium Dusty,Lawrence Loafer,763743,Shoes,Other shoe,89,Men Shoes,27
763926001,92,Green,Baby Boy Woven,6565,"Trousers in stretch twill with detachable braces. Adjustable elasticated waist with a press-stud, side pockets and fake welt back pockets. Adjustable, elastic braces with imitation leather details.",Woven/Jersey/Knitted mix Baby,1006,Solid,1010016,G,Baby/Children,4,Baby Sizes 50-98,20,Khaki green,2,Medium Dusty,Sunny trouser,763926,Garment Lower body,Trousers,272,Baby Boy,41
764119002,19,Greenish Khaki,Young Girl Knitwear,8718,Short top in a soft rib knit with narrow shoulder straps.,Knitwear,1003,Solid,1010016,I,Baby/Children,4,Children Sizes 134-170,20,Khaki green,1,Dusty Light,OLGA,764119,Garment Upper body,Top,254,Young Girl,77
764387003,17,Yellowish Brown,Skirt,1422,"Short, high-waisted skirt in suede with decorative seams. Visible zip and a concealed button at the back. Lined.",Skirts,1012,Solid,1010016,A,Ladieswear,1,Ladieswear,13,Brown,4,Dark,Fernanda PQ,764387,Garment Lower body,Skirt,275,Womens Everyday Collection,15
764559001,10,White,Knitwear,1648,"Short, cable-knit jumper in a soft wool blend with long raglan sleeves and decorative pompoms at the front and down the sleeves. Wide ribbing around the neckline, cuffs and hem.",Knitwear,1003,Solid,1010016,A,Ladieswear,1,Ladieswear,9,White,3,Light,Mezzana cable jumper,764559,Garment Upper body,Sweater,252,Womens Trend,18
764676002,3,Silver,Jewellery,4344,Metal rings in various sizes and designs that can be worn on both the upper and lower part of the finger.,Accessories,1019,Solid,1010016,C,Ladieswear,1,Ladies Accessories,15,Metal,3,Light,Class Ludde 25 ring pk,764676,Accessories,Ring,79,Womens Small accessories,66
764970001,51,Light Pink,Baby Girl Woven,6555,"Romper suit in a soft, patterned cotton weave with short, flounced sleeves, a gathered yoke front and back, and buttons at the back of the neck. Concealed press-studs at the crotch and down the legs (except in sizes 1-4Y) and narrow elastication at the hems. Lined at the top.",Woven/Jersey/Knitted mix Baby,1006,All over pattern,1010001,G,Baby/Children,4,Baby Sizes 50-98,4,Pink,1,Dusty Light,Ramona romper,764970,Garment Full body,Jumpsuit/Playsuit,267,Baby Girl,40
765308007,61,Light Purple,Bags,3944,Large shopper in imitation leather with two handles and a concealed magnetic fastener at the top. One zipped inner compartment. Size 13x40x40 cm.,Accessories,1019,Solid,1010016,D,Divided,2,Divided,4,Pink,1,Dusty Light,Taylor shopper,765308,Accessories,Bag,66,Divided Accessories,52
765558002,73,Dark Blue,Baby Girl Knitwear,6526,"Long-sleeved dress in soft, jacquard-knit cotton with a round neck, flounces down the front, and buttons at the back of the neck. Seam at the waist and a gently flared skirt.",Knitwear,1003,Glittering/Metallic,1010009,G,Baby/Children,4,Baby Sizes 50-98,2,Blue,4,Dark,Sesame dress,765558,Garment Full body,Dress,265,Baby Girl,40
765773003,9,Black,Blouse,1515,Top in a crêpe weave with adjustable spaghetti shoulder straps.,Blouses,1010,Solid,1010016,A,Ladieswear,1,Ladieswear,5,Black,4,Dark,James blouse,765773,Garment Upper body,Vest top,253,Womens Tailoring,11
766041002,14,Dark Beige,Trouser,5631,"Chinos in premium cotton twill with an extended waistband and concealed hook-and-eye fastening. Zip fly, side pockets and welt back pockets with a button. Slim Fit – a fit that is close-fitting at the thighs, knees and ankles to create a fitted silhouette.",Trousers,1009,Solid,1010016,F,Menswear,3,Menswear,11,Beige,2,Medium Dusty,Godfather slim PQ chino,766041,Garment Lower body,Trousers,272,Men Suits & Tailoring,23
766258004,10,White,Young Girl Dresses,8713,"Shirt in a cotton weave with contrasting colour trims at the sides, a collar, buttons down the front and a chest pocket. Yoke with a pleat at the back, long sleeves with buttoned cuffs, and a rounded hem. Slightly longer at the back.",Dresses/Skirts girls,1014,Solid,1010016,I,Baby/Children,4,Children Sizes 134-170,9,White,3,Light,Paris shirt,766258,Garment Upper body,Shirt,259,Young Girl,77
766402023,14,Dark Beige,Trouser,5686,"Ankle-length joggers in woven fabric with an elasticated, drawstring waist, diagonal side pockets and welt back pockets. Legs with creases and sewn-in turn-ups at the hems. Slim Fit – a fit that is close-fitting at the thighs, knees and ankles to create a fitted silhouette.",Trousers,1009,Check,1010004,F,Menswear,3,Menswear,11,Beige,4,Dark,Laurent slim fit jogger,766402,Garment Lower body,Trousers,272,Contemporary Smart,20
766495006,33,Dark Orange,Skirt,1414,Calf-length skirt in a softly draping weave with a high waist and concealed zip in one side. Unlined.,Skirts,1012,Solid,1010016,A,Ladieswear,1,Ladieswear,3,Orange,4,Dark,Kevin,766495,Garment Lower body,Skirt,275,Womens Tailoring,11
766708001,73,Dark Blue,Young Girl Jersey Fancy,8716,Long-sleeved top in soft cotton jersey with plastic studs at the top.,Jersey Fancy,1005,Sequin,1010015,I,Baby/Children,4,Children Sizes 134-170,2,Blue,4,Dark,Josefin l/s top,766708,Garment Upper body,Top,254,Young Girl,77
766921002,42,Red,Young Girl Jersey Fancy,8716,"Long-sleeved top in soft, printed sweatshirt fabric with a wrapover, jersey-lined hood and ribbing at the cuffs and hem. Soft brushed inside.",Jersey Fancy,1005,Front print,1010008,I,Baby/Children,4,Children Sizes 134-170,18,Red,7,Medium,Lowri hood,766921,Garment Upper body,Sweater,252,Young Girl,77
767065002,10,White,Dress,1310,Short dress in a viscose weave with a V-neck and decorative gathers at the shoulders and back of the neck. Short cap sleeves and a detachable tie belt at the waist.,Dresses Ladies,1013,Stripe,1010017,A,Ladieswear,1,Ladieswear,9,White,3,Light,Krabi RTW dress,767065,Garment Full body,Dress,265,Womens Casual,6
767181002,43,Dark Red,Baby Boy Jersey Fancy,6545,"Long-sleeved tops in soft cotton jersey with buttons at the top, and a rounded hem. Slightly longer at the back. One of the tops has an open chest pocket.",Jersey Fancy,1005,Stripe,1010017,G,Baby/Children,4,Baby Sizes 50-98,18,Red,4,Dark,Tommy LS 2P,767181,Garment Upper body,T-shirt,255,Baby Boy,41
767311009,10,White,Newborn,6564,"Short-sleeved bodysuits in soft, organic cotton jersey with press-studs at the sides and crotch.",Jersey Fancy,1005,Melange,1010010,G,Baby/Children,4,Baby Sizes 50-98,9,White,3,Light,ALGOT body SS 2pack,767311,Garment Upper body,Bodysuit,256,Baby Essentials & Complements,44
767480004,9,Black,Jersey,1919,"Sleeveless top in soft, ribbed jersey made from a viscose blend with a slight sheen. Decorative button band down the front.",Jersey Fancy,1005,Solid,1010016,A,Ladieswear,1,Ladieswear,5,Black,4,Dark,ED Mia Top,767480,Garment Upper body,Vest top,253,H&M+,2
767605015,7,Grey,Jersey Basic,1676,"Sleeveless, calf-length dress in soft viscose jersey in a straight cut with high slits in the sides.",Jersey Basic,1002,Other structure,1010026,A,Ladieswear,1,Ladieswear,12,Grey,1,Dusty Light,Nicole(1),767605,Garment Full body,Dress,265,Womens Everyday Basics,16
767862001,9,Black,Jersey Basic,1676,"Fitted T-shirts in soft, stretch organic cotton jersey with a V-neck and straight-cut hem.",Jersey Basic,1002,Solid,1010016,A,Ladieswear,1,Ladieswear,5,Black,4,Dark,Bob v-neck 2-pack,767862,Garment Upper body,T-shirt,255,Womens Everyday Basics,16
768105001,10,White,Blouse,1522,"Short-sleeved blouse in airy chiffon with broderie anglaise. V-neck with pin-tucks, buttons down the front, frill details at the top and a seam and flounce at the hem. Unlined.",Blouses,1010,Solid,1010016,A,Ladieswear,1,Ladieswear,9,White,3,Light,Colosseum,768105,Garment Upper body,Blouse,258,Womens Everyday Collection,15
768307003,10,White,Jersey,1919,"Sleeveless sports top in soft, fast-drying functional fabric with a racer back and an opening and ties at the back of the hem.",Jersey Fancy,1005,Solid,1010016,A,Ladieswear,1,Ladieswear,9,White,3,Light,AUDREY CONSCIOUS LOOSE TANK+,768307,Garment Upper body,Vest top,253,H&M+,2
768465003,9,Black,Blouse,1522,"Blouse in an airy weave with a stand-up collar and gathers at the top, both front and back to create soft draping. Opening at the back with buttons at the back of the neck, long balloon sleeves with close-fitting, buttoned cuffs, and a gently rounded hem.",Blouses,1010,All over pattern,1010001,A,Ladieswear,1,Ladieswear,5,Black,4,Dark,Lucien,768465,Garment Upper body,Blouse,258,Womens Everyday Collection,15
768738001,73,Dark Blue,Kids Boy Big Acc,4212,"Gloves in a soft, fine knit with ribbed cuffs.",Accessories,1019,Solid,1010016,J,Baby/Children,4,"Children Accessories, Swimwear",2,Blue,4,Dark,GLOVE MAGIC MULTIPACK 6P,768738,Accessories,Gloves,71,Kids Outerwear,45
768922003,6,Light Grey,Baby Boy Knitwear,6546,"Jumper in soft, fine-knit cotton with long sleeves, buttons on one shoulder and ribbing around the neckline, cuffs and hem.",Knitwear,1003,All over pattern,1010001,G,Baby/Children,4,Baby Sizes 50-98,11,Beige,1,Dusty Light,FASHION OFFER MALFOY KNIT,768922,Garment Upper body,Sweater,252,Baby Boy,41
769039001,73,Dark Blue,Shirt,5767,"Short-sleeved shirt in a patterned Oxford cotton weave with a button-down collar and classic front. Open chest pocket, and a rounded hem. Regular Fit – a classic fit with good room for movement over the shoulders and chest, which combined with a gently tapered waist creates a comfortable, tailored silhouette.",Shirts,1011,All over pattern,1010001,F,Menswear,3,Menswear,2,Blue,2,Medium Dusty,Pat ss oxford aop,769039,Garment Upper body,Shirt,259,Contemporary Casual,21
769102032,51,Light Pink,Baby Nightwear,6563,"Long-sleeved, all-in-one pyjamas in soft, organic cotton jersey.","Under-, Nightwear",1017,All over pattern,1010001,G,Baby/Children,4,Baby Sizes 50-98,4,Pink,1,Dusty Light,3P LS PJ TVP,769102,Nightwear,Pyjama jumpsuit/playsuit,295,Baby Essentials & Complements,44
769449003,9,Black,Kids Boy Jersey Fancy,7648,"Long-sleeved top in soft pile with an embroidered motif on the front and ribbing around the neckline, cuffs and hem.",Jersey Fancy,1005,Application/3D,1010002,H,Baby/Children,4,Children Sizes 92-140,5,Black,4,Dark,REX PILE CREW,769449,Garment Upper body,Sweater,252,Kids Boy,46
769729003,42,Red,Kids Girl Jersey Fancy,7616,"Long-sleeved top in sweatshirt fabric with a print motif, lined hood and ribbing at the cuffs and hem. Soft brushed inside.",Jersey Fancy,1005,Placement print,1010014,H,Baby/Children,4,Children Sizes 92-140,18,Red,5,Bright,BETTY deal hood,769729,Garment Upper body,Hoodie,308,Kids Girl,76
769950001,5,Gold,Jewellery Extended,4345,"Thin metal chain necklaces with pendants in different designs. Adjustable length, 41-49 cm, 47-55 cm, 51.5-59 cm.",Accessories,1019,Solid,1010016,C,Ladieswear,1,Ladies Accessories,15,Metal,5,Bright,Cool Scrubs Necklace,769950,Accessories,Necklace,77,Womens Small accessories,66
770315023,83,Dark Turquoise,Jersey,1666,"Top in airy jersey crêpe with a V-neck, short cap sleeves and a small stand-up collar with gathers at the back of the neck.",Jersey Fancy,1005,Solid,1010016,A,Ladieswear,1,Ladieswear,7,Turquoise,4,Dark,Alpha top,770315,Garment Upper body,Top,254,Womens Tailoring,11
770691003,3,Silver,Kids Girl Shoes,4311,Ballet pumps in shimmering imitation leather with a strap over the foot. Satin linings and insoles.,Shoes,1020,Solid,1010016,J,Baby/Children,4,"Children Accessories, Swimwear",15,Metal,3,Light,Hannah fancy SG,770691,Shoes,Ballerinas,86,Kids & Baby Shoes,42
770845001,33,Dark Orange,Blouse & Dress,1941,"Cropped top in seersucker made from a Tencel™ lyocell blend with elastication and a frill at the top, a sweetheart neckline and buttons down the front. Short, raglan puff sleeves with elastication and a frill trim.",Blouses,1010,Solid,1010016,A,Ladieswear,1,Ladieswear,3,Orange,4,Dark,Cake Top,770845,Garment Upper body,Blouse,258,Womens Trend,18
771118010,9,Black,Outwear,1929,"Long-sleeved jacket dress in a crêpe weave with narrow notch lapels, a concealed wrapover fastening at the front and a detachable tie belt at the waist. Lined.",Outdoor,1007,Solid,1010016,A,Ladieswear,1,Ladieswear,5,Black,4,Dark,MC Tea blazer dress,771118,Garment Upper body,Jacket,262,H&M+,2
771328003,73,Dark Blue,Young Boy Big Acc,4222,"Double-layered hat in soft, fine-knit merino wool with a small, sewn-on appliqué at the front of the hem.",Accessories,1019,Solid,1010016,J,Baby/Children,4,"Children Accessories, Swimwear",2,Blue,4,Dark,ROWAN PREMIUM BEANIE,771328,Accessories,Beanie,496,Kids Outerwear,45
771528003,9,Black,Knitwear,5858,"Long-sleeved jumper in a soft knit with ribbing around the neckline, cuffs and hem.",Knitwear,1003,Neps,1010027,F,Menswear,3,Menswear,5,Black,4,Dark,Jeff sweater,771528,Garment Upper body,Sweater,252,Contemporary Casual,21
771716001,43,Dark Red,Tights basic,3608,Tights with an elasticated waist. 60 denier.,Socks and Tights,1021,Solid,1010016,B,Ladieswear,1,Lingeries/Tights,18,Red,4,Dark,60 den 1p Color,771716,Socks & Tights,Underwear Tights,304,"Womens Nightwear, Socks & Tigh",62
771813002,72,Blue,Young Boy Denim,8956,"Slim-fit jeans in washed, stretch denim with a carabiner hook and keyring. Adjustable, elasticated waist, zip fly and button, front and back pockets, and narrow hems.",Trousers Denim,1016,Denim,1010023,I,Baby/Children,4,Children Sizes 134-170,2,Blue,2,Medium Dusty,SKINNY Cheapo hook 89,771813,Garment Lower body,Trousers,272,Young Boy,47
772005003,32,Orange,Jersey Basic,1676,Short-sleeved cotton jersey top in a relaxed fit with a slightly wider neckline and a rounded hem.,Jersey Basic,1002,All over pattern,1010001,A,Ladieswear,1,Ladieswear,3,Orange,2,Medium Dusty,Tilly.,772005,Garment Upper body,T-shirt,255,Womens Everyday Basics,16
772305001,22,Yellow,Dress,1310,"Short dress in woven fabric with a V-neck, wrapover front with a concealed press-stud, a narrow, elasticated seam at the waist and short dolman sleeves with sewn-in turn-ups.",Dresses Ladies,1013,Stripe,1010017,A,Ladieswear,1,Ladieswear,8,Yellow,7,Medium,Miami wrap dress,772305,Garment Full body,Dress,265,Womens Casual,6
772421003,9,Black,Blouse,1510,"Wide, V-neck blouse in an airy linen and cotton weave with a small stand-up collar, gently dropped shoulders and 3/4-length sleeves with buttoned cuffs. Yoke with a pleat at the back, and a rounded hem. Slightly longer at the back.",Blouses,1010,Solid,1010016,A,Ladieswear,1,Ladieswear,5,Black,4,Dark,Amelia popover,772421,Garment Upper body,Blouse,258,Womens Casual,6
772659001,33,Dark Orange,Trousers & Skirt,1948,"High-waisted shorts in viscose twill with pleats at the top, a concealed zip fly and discreet pockets in the side seams.",Trousers,1009,Solid,1010016,A,Ladieswear,1,Ladieswear,3,Orange,4,Dark,Ruby shorts,772659,Garment Lower body,Shorts,274,Womens Trend,18
772831011,73,Dark Blue,Dress,1310,"Short, wide dress in a soft viscose weave with a V-neck, 3/4-length sleeves and a seam with pleats at the waist. Unlined.",Dresses Ladies,1013,All over pattern,1010001,A,Ladieswear,1,Ladieswear,2,Blue,4,Dark,Bora Bora Rtw dress,772831,Garment Full body,Dress,265,Womens Casual,6
773075004,71,Light Blue,Blouse,1522,"Shirt in a linen weave with a collar, buttons down the front and a yoke at the back. Long sleeves with wide, buttoned cuffs, and a rounded hem.",Blouses,1010,Melange,1010010,A,Ladieswear,1,Ladieswear,2,Blue,1,Dusty Light,Bellora,773075,Garment Upper body,Shirt,259,Womens Everyday Collection,15
773471001,12,Light Beige,Woven Premium,1912,"Trousers in soft silk with a high, elasticated waist, pockets in the side seams and straight, wide legs.",Unknown,1001,Solid,1010016,A,Ladieswear,1,Ladieswear,11,Beige,1,Dusty Light,Premium NOELLE satin trsrs,773471,Garment Lower body,Trousers,272,Womens Premium,14
773781002,31,Light Orange,Jewellery,4344,Acetate earrings with rectangular pendants. Length 4.6 cm.,Accessories,1019,Solid,1010016,C,Ladieswear,1,Ladies Accessories,3,Orange,1,Dusty Light,Cool Alva earring,773781,Accessories,Earring,70,Womens Small accessories,66
774038002,93,Dark Green,Jersey,2032,"Sports tights in fast-drying functional fabric with a wide, foldover waist panel for best fit over the tummy.",Jersey Fancy,1005,Solid,1010016,A,Ladieswear,1,Ladieswear,19,Green,4,Dark,SPORT Mama Namaste tights long,774038,Garment Lower body,Leggings/Tights,273,Mama,8
774148004,10,White,Skirt,1414,"Short skirt in a soft weave with a high waist and sewn-in belt with metal D-rings. Side pockets, pleats front and back and a concealed zip and button at the back.",Skirts,1012,Solid,1010016,A,Ladieswear,1,Ladieswear,9,White,3,Light,Uno,774148,Garment Lower body,Skirt,275,Womens Tailoring,11
774503001,6,Light Grey,Nightwear,3709,"Pyjamas with a top and short shorts in soft, ribbed jersey. Top with a round, ribbed neckline, long sleeves and an embroidered motif at the top. Shorts with an elasticated waist. Overlocked edges at the cuffs and hems.","Under-, Nightwear",1017,Embroidery,1010007,B,Ladieswear,1,Lingeries/Tights,12,Grey,1,Dusty Light,Alice Rib set (J),774503,Nightwear,Pyjama set,297,"Womens Nightwear, Socks & Tigh",62
774785001,12,Light Beige,Swimwear,4242,Sarong in a softly draping weave with ties at the top and a small hole to thread the tie through after winding it around the waist. Flounced trims.,Swimwear,1018,Solid,1010016,B,Ladieswear,1,Lingeries/Tights,11,Beige,1,Dusty Light,B Zissy Long PAreo,774785,Swimwear,Swimwear bottom,59,"Womens Swimwear, beachwear",60
775100001,9,Black,Expressive Lingerie,1338,"Bralette in lace and mesh with underwired, padded cups for a larger bust and fuller cleavage. Double, adjustable shoulder straps and a hook-and-eye fastening at the back. Decorative, crossover straps at the front and a wide lace trim at the hem.","Under-, Nightwear",1017,Solid,1010016,B,Ladieswear,1,Lingeries/Tights,5,Black,4,Dark,Piper push bralette lacing,775100,Underwear,Bra,306,Womens Lingerie,61
775365001,9,Black,Belts,3509,Belt in grained imitation leather with a metal buckle and button stud fasteners. Width approx. 2.5 cm.,Accessories,1019,Solid,1010016,C,Ladieswear,1,Ladies Accessories,5,Black,4,Dark,Ryder hip belt,775365,Accessories,Belt,67,Womens Big accessories,65
775675001,9,Black,Take care,4920,"Prolong the life of your favourite clothes. Mend, patch and continue to wear them. The patches can be ironed onto garments.",Unknown,1001,Sequin,1010015,A,Ladieswear,1,Ladieswear,5,Black,4,Dark,TC Deco patches Pineapple kit,775675,Accessories,Other accessories,78,Collaborations,97
776032001,5,Gold,Jewellery Extended,4345,"Earrings in metal, plastic and resin. Three pairs with a pendant and one pair of hoops. Size from 2.5 cm to 5 cm.",Accessories,1019,Solid,1010016,C,Ladieswear,1,Ladies Accessories,15,Metal,5,Bright,Class Minesota earringpk,776032,Accessories,Earring,70,Womens Small accessories,66
776339001,10,White,Baby Girl Woven,6555,A-line blouse in a double-layered cotton weave with a round neckline and buttons at the back. Short sleeves and a yoke with a wide broderie anglaise frill trim at the front.,Woven/Jersey/Knitted mix Baby,1006,Solid,1010016,G,Baby/Children,4,Baby Sizes 50-98,9,White,3,Light,Aura blouse,776339,Garment Upper body,Blouse,258,Baby Girl,40
776727001,15,Greyish Beige,Take Care External,3080,"Shirt in soft leather with pointed lapels and concealed press-studs down the front. Rounded sleeves with volume that taper to the cuffs, a tapered waist with seams, a gentle flare to the hem and high slits in the sides. Lightly brushed inside.",Unknown,1001,Solid,1010016,A,Ladieswear,1,Ladieswear,1,Mole,4,Dark,D1 PE ONYX LEATHER SHIRT,776727,Garment Upper body,Shirt,259,Collaborations,97
776781001,9,Black,Take Care External,3080,Fitted top in soft wool jersey.,Unknown,1001,Solid,1010016,A,Ladieswear,1,Ladieswear,5,Black,4,Dark,D2 PE LARA WOOL JERSEY,776781,Garment Upper body,T-shirt,255,Collaborations,97
776928002,73,Dark Blue,Woven Tops,2033,Dress in a softly draping viscose crêpe weave with a slightly wider neckline and short sleeves. Detachable tie belt at the waist and a seam and wide flounce at the hem. Unlined.,Blouses,1010,Solid,1010016,A,Ladieswear,1,Ladieswear,2,Blue,4,Dark,Adele dress,776928,Garment Full body,Dress,265,Mama,8
777079002,17,Yellowish Brown,Shoes / Boots inactive from s5,3630,"Leather boots with lacing at the front, a loop at the back and a welt seam around the soles. Fabric linings, leather insoles and chunky soles.",Shoes,1020,Solid,1010016,F,Menswear,3,Menswear,13,Brown,4,Dark,Jason boot PQ,777079,Shoes,Boots,87,Men Shoes,27
777229003,73,Dark Blue,Knitwear,5858,"Cardigan in rib-knit cotton with a shawl collar, buttons down the front and ribbing at the cuffs and hem.",Knitwear,1003,Melange,1010010,F,Menswear,3,Menswear,2,Blue,4,Dark,Rick cardigan,777229,Garment Upper body,Cardigan,245,Contemporary Casual,21
777611001,17,Yellowish Brown,Jacket Smart,5262,"Coat woven in a viscose blend with narrow notch lapels, a decorative buttonhole, buttons down the front and decorative buttons at the cuffs. Two flap front pockets, two inner pockets and a single back vent. Lined.",Outdoor,1007,Check,1010004,F,Menswear,3,Menswear,13,Brown,2,Medium Dusty,slytherin price item,777611,Garment Upper body,Coat,263,Mens Outerwear,31
777756001,19,Greenish Khaki,Jersey,1660,"Sleeveless, knee-length dress in crinkled jersey with frill-trimmed shoulder straps and smocking over the bust. Decorative buttons at the top and classic buttons down the skirt.",Jersey Fancy,1005,Stripe,1010017,A,Ladieswear,1,Ladieswear,20,Khaki green,4,Dark,CS Hawk smock dress,777756,Garment Full body,Dress,265,Womens Casual,6
777972002,11,Off White,Kids Girl Outdoor,7812,"Hooded jacket in soft pile with a zip down the front with a chin guard and a jersey trim around the hood, down the front and at the cuffs and hem. Rounded and slightly longer at the back. Unlined.",Outdoor,1007,Solid,1010016,H,Baby/Children,4,Children Sizes 92-140,9,White,1,Dusty Light,Signe fleece,777972,Garment Upper body,Jacket,262,Kids Outerwear,45
778169006,33,Dark Orange,Baby Girl Jersey Fancy,6525,"Long-sleeved dress in soft, patterned cotton jersey with press-studs on one shoulder and a seam and flounce at the hem.",Jersey Fancy,1005,Dot,1010006,G,Baby/Children,4,Baby Sizes 50-98,3,Orange,4,Dark,Joleen dress,778169,Garment Full body,Dress,265,Baby Girl,40
778458005,19,Greenish Khaki,Accessories,9985,Bucket hat in woven fabric with a slight sheen. Metal eyelets at each side and a sweatband.,Accessories,1019,Solid,1010016,F,Menswear,3,Menswear,20,Khaki green,4,Dark,Hat Bucket Reno Sporty,778458,Accessories,Hat/brim,76,Men Accessories,25
778723001,9,Black,Woven bottoms,2031,"Jeans in washed, stretch denim with fake front pockets, real back pockets and super-skinny legs with raw-edge hems. Low waist with a wide, elasticated panel at the front and concealed, adjustable elastication in the waistband so the waist width can be adjusted allowing the jeans to be worn both during pregnancy and afterwards.",Trousers,1009,Solid,1010016,A,Ladieswear,1,Ladieswear,5,Black,4,Dark,Superskinny elastic waist,778723,Garment Lower body,Trousers,272,Mama,8
779059004,14,Dark Beige,Knitwear,1949,"Long jumper in a fine knit containing some wool with a ribbed polo neck, long raglan sleeves and ribbing at the cuffs and hem. Straight style in a relaxed fit.",Knitwear,1003,Melange,1010010,A,Ladieswear,1,Ladieswear,13,Brown,2,Medium Dusty,ED Jafar,779059,Garment Upper body,Sweater,252,H&M+,2
779326003,23,Dark Yellow,Accessories,9985,"Leather gloves with decorative stitching on the uppers. Soft, knitted lining.",Accessories,1019,Solid,1010016,F,Menswear,3,Menswear,8,Yellow,4,Dark,Glove Sune,779326,Accessories,Gloves,71,Men Accessories,25
779590011,73,Dark Blue,Blazer,5131,"Single-breasted jacket in a stretch weave with narrow notch lapels and a decorative buttonhole. Chest pocket, flap front pockets and three inner pockets, one with a button. Two buttons at the front, decorative buttons at the cuffs and a single back vent. Lined. Skinny Fit – a slightly shorter style that shapes in at the chest and tapers sharply at the waist. This, combined with narrow shoulders and sleeves, creates a completely fitted silhouette.",Dressed,1008,Check,1010004,F,Menswear,3,Menswear,2,Blue,4,Dark,Andy check skinny blz,779590,Garment Upper body,Blazer,264,Men Suits & Tailoring,23
779725006,20,Other Yellow,Swimwear,4242,"Fully lined bikini bottoms with a low, V-shaped waist and cutaway coverage at the back.",Swimwear,1018,Other structure,1010026,B,Ladieswear,1,Lingeries/Tights,8,Yellow,5,Bright,Timeless Cheeky V- Brief,779725,Swimwear,Swimwear bottom,59,"Womens Swimwear, beachwear",60
779909005,12,Light Beige,Jersey,1641,"T-shirt in airy, softly draping Tencel™ lyocell jersey with a ribbed neckline.",Jersey Fancy,1005,Solid,1010016,A,Ladieswear,1,Ladieswear,11,Beige,1,Dusty Light,bap t-shirt,779909,Garment Upper body,T-shirt,255,Womens Trend,18
780149003,13,Beige,Shirt,5767,"Straight-cut, short-sleeved shirt in a cotton weave with a turn-down collar and classic front. Yoke with a pleat and hanger at the back, and an open chest pocket.",Shirts,1011,Solid,1010016,F,Menswear,3,Menswear,11,Beige,2,Medium Dusty,Jake SS od solid,780149,Garment Upper body,Shirt,259,Contemporary Casual,21
780392001,9,Black,Divided+,1652,"Cardigan in lightweight sweatshirt fabric with a jersey-lined hood, side pockets and raw edges at the cuffs and hem. No fasteners.",Unknown,1001,Solid,1010016,D,Divided,2,Divided,5,Black,4,Dark,DIV Lydon cardigan,780392,Garment Upper body,Hoodie,308,Divided Projects,50
780668001,10,White,Limited Edition,3000,LIMITED EDITION. Calf-length dress in an airy cotton weave with hole-embroidered sections. V-neck and concealed elastication at the waist with gathers front and back. Lined.,Special Offers,1023,Embroidery,1010007,A,Ladieswear,1,Ladieswear,9,White,3,Light,LE Nanya BA kaftan 2,780668,Garment Full body,Dress,265,Special Collections,82
781078003,9,Black,Suit,1212,"Fitted, double-breasted jacket in woven fabric with notch lapels, jetted front pockets and a single back vent. Lined.",Dressed,1008,Solid,1010016,A,Ladieswear,1,Ladieswear,5,Black,4,Dark,Kimmi blazer,781078,Garment Upper body,Blazer,264,Womens Tailoring,11
781471001,10,White,Jersey,1919,Pyjamas in soft viscose jersey with lace details. V-neck top with narrow adjustable shoulder straps and short shorts with an elasticated waist.,Jersey Fancy,1005,Stripe,1010017,A,Ladieswear,1,Ladieswear,9,White,3,Light,NW Rory SL set.,781471,Garment Full body,Garment Set,270,H&M+,2
781661001,9,Black,Baby Girl Jersey Fancy,6525,"Set with a dungaree dress and top in soft cotton jersey. Dress with a print motif and appliqués on the front and straps that cross and have adjustable fastenings at the back. Gathered seam at the top, elastication at the back of the waist and patch front pockets. Top with an all-over print, concealed press-stud on one shoulder and long sleeves.",Jersey Fancy,1005,Front print,1010008,G,Baby/Children,4,Baby Sizes 50-98,5,Black,4,Dark,Angela set,781661,Garment Full body,Garment Set,270,Baby Girl,40
781758057,73,Dark Blue,Shirt S&T,8617,"Shirt in woven fabric with an easy-iron finish. Turn-down collar, classic front and darts and a yoke at the back. Long sleeves, narrow cuffs with adjustable buttoning, and a rounded hem. Slim Fit – a fit with narrow shoulders and a tapered waist for a fitted silhouette.",Shirts,1011,Solid,1010016,F,Menswear,3,Menswear,2,Blue,4,Dark,FRAME Easy Care TVP,781758,Garment Upper body,Shirt,259,Men Suits & Tailoring,23
782002001,33,Dark Orange,Baby Exclusive,6557,"Baby Exclusive. Cardigan in soft, jacquard-knit organic cotton with a round neckline, buttons down the front and contrasting-colour turn-ups at the cuffs.",Woven/Jersey/Knitted mix Baby,1006,Other pattern,1010013,G,Baby/Children,4,Baby Sizes 50-98,13,Brown,2,Medium Dusty,FLINT cardigan,782002,Garment Upper body,Cardigan,245,Baby Essentials & Complements,44
782179001,9,Black,Young Girl Outdoor,8812,"Lightweight, padded jacket in woven fabric with a detachable hood and zip down the front with a chin guard. Side pockets and narrow elastication around the hood and cuffs.",Outdoor,1007,Solid,1010016,I,Baby/Children,4,Children Sizes 134-170,5,Black,4,Dark,Cheapy Insolation Jacket,782179,Garment Upper body,Jacket,262,Kids Outerwear,45
782540001,3,Silver,Take Care External,3080,Rigid metal necklace in a stylish design.,Unknown,1001,Solid,1010016,A,Ladieswear,1,Ladieswear,15,Metal,3,Light,D1 PE -MARGE STIFF NECKLACE,782540,Accessories,Necklace,77,Collaborations,97
782616025,9,Black,Jersey Fancy,5828,T-shirt in soft cotton jersey.,Jersey Fancy,1005,All over pattern,1010001,F,Menswear,3,Menswear,5,Black,4,Dark,FORTUNA TEE,782616,Garment Upper body,T-shirt,255,Contemporary Smart,20
782761023,9,Black,Young Boy Socks,4224,"Socks in a soft, fine-knit cotton blend with elasticated tops.",Socks and Tights,1021,All over pattern,1010001,I,Baby/Children,4,Children Sizes 134-170,5,Black,4,Dark,TP Axel anklesock BB 5-p,782761,Socks & Tights,Socks,302,Boys Underwear & Basics,72
782904002,10,White,Jersey License,7952,"Long-sleeved top in soft, printed cotton jersey with ribbing around the neckline and cuffs.",Jersey Fancy,1005,Placement print,1010014,F,Menswear,3,Menswear,9,White,3,Light,Nasa LS Tee 19.99:-,782904,Garment Upper body,T-shirt,255,Contemporary Street,55
783236001,10,White,Young Girl Jersey Basic,7930,"Short, wide top in soft jersey made from a modal and cotton blend with dropped shoulders, short sleeves and a narrow ribbed trim around the neckline.",Jersey Basic,1002,All over pattern,1010001,I,Baby/Children,4,Children Sizes 134-170,9,White,3,Light,SPEED RELAX,783236,Garment Upper body,T-shirt,255,Girls Underwear & Basics,79
783346016,19,Greenish Khaki,Trouser,1722,Ankle-length cigarette trousers in a stretch weave with a regular waist that is elasticated at the back. Fake welt back pockets and slim legs with creases.,Trousers,1009,Solid,1010016,A,Ladieswear,1,Ladieswear,20,Khaki green,2,Medium Dusty,Primo slacks,783346,Garment Lower body,Trousers,272,Womens Everyday Collection,15
783418003,73,Dark Blue,Accessories,9985,Cap in cotton twill with an adjustable tab and metal fastener at the back.,Accessories,1019,Solid,1010016,F,Menswear,3,Menswear,2,Blue,4,Dark,Cap Rick Solid,783418,Accessories,Cap/peaked,69,Men Accessories,25
783608001,9,Black,Boots,3529,"Chelsea boots in imitation leather with a scuba shaft, elastic gores in the sides and a grosgrain loop at the back. Imitation leather linings and insoles and fluted soles. Heel 5.5 cm.",Shoes,1020,Solid,1010016,C,Ladieswear,1,Ladies Accessories,5,Black,4,Dark,Joffe boot,783608,Shoes,Boots,87,Womens Shoes,64
783707050,72,Blue,Socks Wall,5999,"Socks in a soft, jacquard-knit cotton blend with elasticated tops.",Socks and Tights,1021,All over pattern,1010001,F,Menswear,3,Menswear,2,Blue,5,Bright,1pk Fun,783707,Socks & Tights,Socks,302,Men Underwear,26
783732002,8,Dark Grey,Accessories,9985,"Scarf in soft, rib-knit cashmere. Size 30x180 cm.",Accessories,1019,Melange,1010010,F,Menswear,3,Menswear,12,Grey,4,Dark,Scarf Porter Cashmere,783732,Accessories,Scarf,80,Men Accessories,25
783930001,9,Black,Kids Boy Shoes,4211,"Warm-lined, ankle boot slippers in imitation suede with a loop at the sides of the shaft. Faux fur linings and insoles and patterned soles.",Shoes,1020,Solid,1010016,J,Baby/Children,4,"Children Accessories, Swimwear",5,Black,4,Dark,Kalle Boot SB,783930,Shoes,Slippers,93,Kids & Baby Shoes,42
784192001,93,Dark Green,Woven top,1909,"Sleeveless blouse in woven fabric with a V-neck, grosgrain button band with concealed buttons, and a gently rounded hem.",Blouses,1010,Solid,1010016,A,Ladieswear,1,Ladieswear,19,Green,4,Dark,MC Rocky SS top,784192,Garment Upper body,Top,254,H&M+,2
784273001,13,Beige,Outwear,1201,"Long coat in soft faux fur with notch lapels, a wrapover fastening at the front, wide raglan sleeves and discreet side pockets. Oversized fit that tapers to the hem.",Outdoor,1007,All over pattern,1010001,A,Ladieswear,1,Ladieswear,11,Beige,2,Medium Dusty,Gatito fur coat,784273,Garment Upper body,Coat,263,Womens Jackets,19
784437002,9,Black,Blouse,1515,"Sleeveless blouse in woven fabric with a slight sheen. Opening with a covered button at the back of the neck, and pleated flounces and inset lace trims at the front that continue over the shoulders. Unlined.",Blouses,1010,Solid,1010016,A,Ladieswear,1,Ladieswear,5,Black,4,Dark,Vibes,784437,Garment Upper body,Blouse,258,Womens Tailoring,11
784644002,73,Dark Blue,Tops Fancy Jersey,1640,"Short, boxy top in printed sweatshirt fabric with a stand-up collar, zip at the top and ribbing around the cuffs and hem. Soft brushed inside.",Jersey Fancy,1005,Front print,1010008,D,Divided,2,Divided,2,Blue,4,Dark,Kaizen sweatshirt,784644,Garment Upper body,Sweater,252,Divided Collection,53
784919003,42,Red,Kids Girl Outdoor,7812,"Lightweight, padded jacket in woven fabric with a detachable hood, zip down the front with a chin guard, and side pockets. Narrow elastication around the hood and cuffs.",Outdoor,1007,Solid,1010016,H,Baby/Children,4,Children Sizes 92-140,18,Red,5,Bright,Cheapy Insolation Jacket,784919,Garment Upper body,Jacket,262,Kids Outerwear,45
785091001,52,Pink,Nightwear,3709,Pouch bag in woven fabric with velour details and an embroidered motif on the front. Zip at the top and a wrist strap. Lined. Size 20x28 cm.,"Under-, Nightwear",1017,Embroidery,1010007,B,Ladieswear,1,Lingeries/Tights,4,Pink,2,Medium Dusty,CAMP ZIP BAG (W),785091,Underwear,Nipple covers,289,"Womens Nightwear, Socks & Tigh",62
785440001,5,Gold,Jewellery,4344,Short necklace in metal decorated with shells. Adjustable length 35.5-45.5 cm.,Accessories,1019,Solid,1010016,C,Ladieswear,1,Ladies Accessories,15,Metal,5,Bright,Flirty Nanna necklace,785440,Accessories,Necklace,77,Womens Small accessories,66
785784001,6,Light Grey,Loungewear,3708,"Fitted cardigan in a soft, fine, rib-knit viscose blend with a collar and buttons down the front.","Under-, Nightwear",1017,Solid,1010016,A,Ladieswear,1,Ladieswear,12,Grey,1,Dusty Light,South,785784,Garment Upper body,Sweater,252,"Womens Nightwear, Socks & Tigh",62
785948003,73,Dark Blue,Kids Boy UW/NW,4215,"Boxer shorts in organic cotton jersey with short legs, an elasticated waist and lined front.","Under-, Nightwear",1017,All over pattern,1010001,H,Baby/Children,4,Children Sizes 92-140,2,Blue,4,Dark,Daniel 3-p boxer SB TP,785948,Underwear,Underwear bottom,286,Boys Underwear & Basics,72
786031002,42,Red,Baby Toys/Acc,2950,Pre-tied bow tie in fabric with an elastic strap and adjustable plastic fastener at the back. Width approx. 8 cm.,Accessories,1019,Check,1010004,G,Baby/Children,4,Baby Sizes 50-98,18,Red,7,Medium,Ville bowtie,786031,Accessories,Other accessories,78,Baby Essentials & Complements,44
786245001,13,Beige,Jersey Basic,1676,"Long-sleeved top in sweatshirt fabric made from a cotton blend with ribbing around the neckline, cuffs and hem. Soft brushed inside.",Jersey Basic,1002,Melange,1010010,A,Ladieswear,1,Ladieswear,1,Mole,2,Medium Dusty,Sabrina,786245,Garment Upper body,Sweater,252,Womens Everyday Basics,16
786499005,17,Yellowish Brown,Knitwear,5858,"Jumper in a soft knit with a ribbed polo neck, cable-knit section at the top, long sleeves and ribbing at the cuffs and hem.",Knitwear,1003,Other structure,1010026,F,Menswear,3,Menswear,13,Brown,2,Medium Dusty,Werner rollerneck cable,786499,Garment Upper body,Sweater,252,Contemporary Casual,21
786869001,73,Dark Blue,Young Boy Outdoor,8852,"Jacket in soft fleece with a stand-up collar, fleece-lined hood and a yoke in woven fabric. Zip down the front with a chin guard and a zipped front pocket. Rounded and longer at the back.",Outdoor,1007,Colour blocking,1010005,I,Baby/Children,4,Children Sizes 134-170,2,Blue,4,Dark,BB Nizar Fleece,786869,Garment Upper body,Jacket,262,Kids Outerwear,45
787060002,9,Black,Young Girl Denim,8917,"5-pocket, ankle-length, slim-fit jeans in washed, stretch denim with an adjustable elasticated waist, zip fly and button and legs with twisted seams and narrow hems with slits.",Trousers Denim,1016,Denim,1010023,I,Baby/Children,4,Children Sizes 134-170,5,Black,4,Dark,SKINNY ANKL FRONT SLIT - CN,787060,Garment Lower body,Trousers,272,Young Girl,77
787235001,9,Black,Dress,1322,"Wide, long dress in a pattern-weave viscose with a collar, buttons at the top and long, wide sleeves with narrow elastication at the cuffs. Gathered seam at the waist and a wide flounce at the hem. Unlined.",Dresses Ladies,1013,Solid,1010016,A,Ladieswear,1,Ladieswear,5,Black,4,Dark,Ananas,787235,Garment Full body,Dress,265,Womens Everyday Collection,15
787559001,73,Dark Blue,Skirt,1422,"Short skirt in woven fabric with a high, frill-trimmed elasticated waist and side pockets. Unlined.",Skirts,1012,Placement print,1010014,A,Ladieswear,1,Ladieswear,2,Blue,4,Dark,Patti,787559,Garment Lower body,Skirt,275,Womens Everyday Collection,15
787770005,6,Light Grey,Newborn,6564,"Short-sleeved bodysuit in soft, printed organic cotton jersey with an opening and press-studs at one side and press-studs at the crotch.",Jersey Fancy,1005,Placement print,1010014,G,Baby/Children,4,Baby Sizes 50-98,12,Grey,1,Dusty Light,LITTLE SIBLING body,787770,Garment Upper body,Bodysuit,256,Baby Essentials & Complements,44
788048003,22,Yellow,Baby Boy Jersey Fancy,6545,"Set with a T-shirt in cotton jersey and a pair of dungarees in lightweight sweatshirt fabric. T-shirt with a press-stud on one shoulder (except in sizes 1½-4Y). Dungarees with elastication at the back of the waist, straps with adjustable fasteners at the front, and sewn-in turn-ups at the hems.",Jersey Fancy,1005,All over pattern,1010001,G,Baby/Children,4,Baby Sizes 50-98,8,Yellow,7,Medium,Cyber SS set,788048,Garment Full body,Garment Set,270,Baby Boy,41
788227001,51,Light Pink,Baby Toys/Acc,2950,Set with a fleece-lined hat and pair of fleece-lined mittens in soft faux fur. Hat with ears on top and a hook and a loop fastening under the chin. Mittens with elastication at the cuffs. Size 6M without thumbs.,Accessories,1019,Solid,1010016,G,Baby/Children,4,Baby Sizes 50-98,4,Pink,1,Dusty Light,Lucy Fur set,788227,Accessories,Hat/beanie,75,Baby Essentials & Complements,44
788429004,51,Light Pink,Nightwear,3709,"Straight-cut nightslip in soft cotton jersey with a flock print text motif on the front, dropped shoulders and long sleeves. Straight-cut hem and slits in the sides.","Under-, Nightwear",1017,Stripe,1010017,B,Ladieswear,1,Lingeries/Tights,4,Pink,3,Light,Coco n-slip (J),788429,Nightwear,Night gown,293,"Womens Nightwear, Socks & Tigh",62
788632003,42,Red,Knitwear,1626,"Wide polo-neck jumper in a soft, fine knit with dropped shoulders, long, wide sleeves and wide ribbing at the cuffs and hem.",Knitwear,1003,Melange,1010010,A,Ladieswear,1,Ladieswear,18,Red,5,Bright,Douglas,788632,Garment Upper body,Sweater,252,Womens Everyday Collection,15
788928002,51,Light Pink,Kids Girl Knitwear,7618,"Long-sleeved, polo-neck dress in a soft, fine knit containing some wool with ribbing at the cuffs and hem.",Knitwear,1003,Stripe,1010017,H,Baby/Children,4,Children Sizes 92-140,4,Pink,1,Dusty Light,Selena Dress,788928,Garment Full body,Dress,265,Kids Girl,76
789216002,43,Dark Red,Premium Quality,3040,Pointed court shoes in suede with a decorative leather bow at the front and covered heels. Satin linings and imitation leather insoles. Heel 10.5 cm.,Shoes,1020,Solid,1010016,C,Ladieswear,1,Ladies Accessories,18,Red,4,Dark,Juliana PQ pump,789216,Shoes,Pumps,90,Womens Shoes,64
789390001,12,Light Beige,Studio Collection,2080,STUDIO COLLECTION. Long top in airy wool jersey with extra-long sleeves and a rounded hem with slits in the sides.,Unknown,1001,All over pattern,1010001,A,Ladieswear,1,Ladieswear,9,White,1,Dusty Light,SC MEFISTA jersey polo,789390,Garment Upper body,Top,254,Special Collections,82
789689001,14,Dark Beige,Boots,3529,"Ankle boots in imitation suede with rounded toes, a zip in one side and covered block heels. Fabric linings and imitation leather insoles. Heel 6 cm.",Shoes,1020,Solid,1010016,C,Ladieswear,1,Ladies Accessories,13,Brown,2,Medium Dusty,Isabella boot,789689,Shoes,Boots,87,Womens Shoes,64
789974001,9,Black,Woven Premium,1912,"Short shorts in a silk weave with wide, covered elastication at the waist, pockets in the side seams and wide legs with rounded hems.",Unknown,1001,Solid,1010016,A,Ladieswear,1,Ladieswear,5,Black,4,Dark,Premium KAREN shorts,789974,Garment Lower body,Shorts,274,Womens Premium,14
790270001,12,Light Beige,Knitwear,1648,"Long, fitted jumper in a soft, heavily draping rib-knit viscose blend with long sleeves and ribbing around the neckline.",Knitwear,1003,Jacquard,1010022,A,Ladieswear,1,Ladieswear,11,Beige,1,Dusty Light,Thora space dye top,790270,Garment Upper body,Sweater,252,Womens Trend,18
790518007,73,Dark Blue,Small Accessories,9986,Solid colour ties in a grosgrain weave. Width 6.5 cm.,Accessories,1019,Mixed solid/pattern,1010012,F,Menswear,3,Menswear,2,Blue,4,Dark,Tie 2-pack poly rips,790518,Accessories,Tie,82,Men Accessories,25
790791002,83,Dark Turquoise,Blouse,1515,"Satin blouse with a small stand-up collar, V-neck and pleat at the front. Long sleeves with two covered buttons at the cuffs, and a rounded hem. Slightly longer at the back.",Blouses,1010,Solid,1010016,A,Ladieswear,1,Ladieswear,7,Turquoise,4,Dark,Paulina blouse,790791,Garment Upper body,Blouse,258,Womens Tailoring,11
791006002,72,Blue,Young Girl Denim,8917,"Leggings in washed, stretch denim with embroidery and appliqués on the knees. Elasticated waist, fake fly, a small coin pocket, fake front pockets and real back pockets.",Trousers Denim,1016,Denim,1010023,I,Baby/Children,4,Children Sizes 134-170,2,Blue,2,Medium Dusty,LEGGINGS FANCY,791006,Garment Lower body,Trousers,272,Young Girl,77
791457001,73,Dark Blue,Kids Girl Jersey Fancy,7616,"Long-sleeved top in soft, printed cotton jersey with a ribbed neckline.",Jersey Fancy,1005,Placement print,1010014,H,Baby/Children,4,Children Sizes 92-140,2,Blue,4,Dark,BEST sis/bro L/S tee,791457,Garment Upper body,Top,254,Kids Girl,76
791489012,7,Grey,Kids Boy Jersey Fancy,7648,Knee-length shorts in printed cotton jersey with covered elastication and a drawstring at the waist and fake front pockets.,Jersey Fancy,1005,Placement print,1010014,H,Baby/Children,4,Children Sizes 92-140,12,Grey,1,Dusty Light,FREDRIK low price shorts TP,791489,Garment Lower body,Shorts,274,Kids Boy,46
791522004,7,Grey,Jersey fancy,1636,"Long top in jersey with a soft brushed finish. Double-layered polo neck, low dropped shoulders, long sleeves and high slits in the sides.",Jersey Fancy,1005,Melange,1010010,A,Ladieswear,1,Ladieswear,12,Grey,1,Dusty Light,Ulla long polo,791522,Garment Upper body,Sweater,252,Womens Everyday Collection,15
791710001,9,Black,Young Girl Denim,8917,"Slim-fit jeans in washed, stretch denim with an adjustable, elasticated waist (in sizes 8-12Y), zip fly, fake front pockets and real back pockets. Legs with stripes down the sides and narrow hems.",Trousers Denim,1016,Denim,1010023,I,Baby/Children,4,Children Sizes 134-170,5,Black,4,Dark,SKINNY PRICE FANCY,791710,Garment Lower body,Trousers,272,Young Girl,77
791987001,10,White,License,8815,"Long-sleeved top in soft, printed sweatshirt fabric with a lined hood, kangaroo pocket and ribbing at the cuffs and hem. Soft brushed inside.",Jersey Fancy,1005,Placement print,1010014,I,Baby/Children,4,Children Sizes 134-170,9,White,3,Light,No lic. Perfect hood,791987,Garment Upper body,Hoodie,308,Young Girl,77
792213002,32,Orange,Gloves/Hats,3519,"Headband in a soft, fine-knit cashmere blend with a knot detail at the front.",Accessories,1019,Solid,1010016,C,Ladieswear,1,Ladies Accessories,3,Orange,2,Medium Dusty,PQ Molly,792213,Accessories,Hair/alice band,74,Womens Big accessories,65
792438001,6,Light Grey,Nightwear,3709,"Pyjamas in soft cotton jersey. Long-sleeved top with a round neck. Bottoms with an elasticated waist and wide, gently tapered legs with elasticated hems.","Under-, Nightwear",1017,All over pattern,1010001,B,Ladieswear,1,Lingeries/Tights,12,Grey,1,Dusty Light,Lizzie LL PJ (J),792438,Nightwear,Pyjama set,297,"Womens Nightwear, Socks & Tigh",62
792695008,42,Red,Dresses,1344,"Short dress in patterned chiffon with frill trims and a V-neck with a concealed press-stud at the neckline. Sewn-in wrapover at the front, an elasticated seam at the waist, and long sleeves with narrow elastication and a frill at the cuffs. Lined.",Dresses Ladies,1013,All over pattern,1010001,D,Divided,2,Divided,18,Red,7,Medium,Vickan dress,792695,Garment Full body,Dress,265,Divided Collection,53
793059003,73,Dark Blue,Kids Girl Jersey Basic,7920,"Hooded jacket in soft sweatshirt fabric with a zip down the front, kangaroo pockets and ribbing at the cuffs and hem. Soft brushed inside.",Jersey Basic,1002,Placement print,1010014,H,Baby/Children,4,Children Sizes 92-140,2,Blue,4,Dark,MOLLY hood,793059,Garment Upper body,Hoodie,308,Girls Underwear & Basics,79
793185038,11,Off White,Hair Accessories,4343,Scarves in patterned satin that can also be tied as a hairband. Size 30x80 cm.,Accessories,1019,All over pattern,1010001,C,Ladieswear,1,Ladies Accessories,9,White,1,Dusty Light,Petra 2p bandana,793185,Accessories,Hair/alice band,74,Womens Small accessories,66
793506003,73,Dark Blue,Underwear Jersey,7988,"Trunks in stretch cotton jersey with flatlock seams, an elasticated waist, lined front and mid-length legs.","Under-, Nightwear",1017,Solid,1010016,F,Menswear,3,Menswear,2,Blue,4,Dark,Chris 3pk Fancy new,793506,Underwear,Underwear bottom,286,Men Underwear,26
793683002,13,Beige,Kids Boy Jersey Fancy,7648,"KELZUKI x H&M. Long-sleeved top in soft, printed sweatshirt fabric made from a cotton blend with ribbing around the neckline, cuffs and hem.",Jersey Fancy,1005,All over pattern,1010001,H,Baby/Children,4,Children Sizes 92-140,1,Mole,1,Dusty Light,KELZUKI CO-LAB FOLK crew,793683,Garment Upper body,Sweater,252,Kids Boy,46
793911004,19,Greenish Khaki,Blouse,1522,"V-neck top in satin with a lace trim at the top, narrow shoulder straps and a lace racer back with covered buttons.",Blouses,1010,Solid,1010016,A,Ladieswear,1,Ladieswear,20,Khaki green,2,Medium Dusty,Lauren,793911,Garment Upper body,Vest top,253,Womens Everyday Collection,15
794215002,73,Dark Blue,Shirt,5731,"Straight-cut shirt in a checked cotton weave with a button-down collar, classic front and a yoke with a pleat at the back. Open chest pocket, a gently tapered waist and long sleeves with adjustable buttoning at the cuffs. Rounded hem.",Shirts,1011,Check,1010004,F,Menswear,3,Menswear,2,Blue,4,Dark,MERCURY checked shirt,794215,Garment Upper body,Shirt,259,Men Suits & Tailoring,23
794421001,33,Dark Orange,Outwear,1929,Suede biker jacket with a diagonal zip down the front and notch lapels with a press-stud. Zipped front pockets and a zip at the cuffs. Lined.,Outdoor,1007,Solid,1010016,A,Ladieswear,1,Ladieswear,13,Brown,2,Medium Dusty,ED Astoria real,794421,Garment Upper body,Jacket,262,H&M+,2
794715003,17,Yellowish Brown,Young Boy Shoes,4221,"Hi-tops in imitation leather with a hook and loop tab at the top, elasticated lacing at the front and a loop at the back. Pile linings and insoles and fluted soles.",Shoes,1020,Solid,1010016,J,Baby/Children,4,"Children Accessories, Swimwear",13,Brown,4,Dark,Michael pile HT BB,794715,Shoes,Sneakers,94,Kids & Baby Shoes,42
794904008,23,Dark Yellow,Baby Exclusive,6557,"Baby Exclusive. Trousers in soft organic cotton slub jersey with an elasticated waist, fake fly with buttons, side pockets and sewn-in turn-ups at the hems.",Woven/Jersey/Knitted mix Baby,1006,Solid,1010016,G,Baby/Children,4,Baby Sizes 50-98,13,Brown,2,Medium Dusty,TORE jersey pants,794904,Garment Lower body,Trousers,272,Baby Essentials & Complements,44
795204001,17,Yellowish Brown,Kids Boy Shoes,4211,"Boots in imitation leather with an ankle-height shaft, padded top edge and zip in one side. Elasticated lacing at the front, a loop at the back and decorative welt seams around the soles. Mesh linings and insoles and chunky soles. Height of soles 2.3 cm.",Shoes,1020,Solid,1010016,J,Baby/Children,4,"Children Accessories, Swimwear",13,Brown,2,Medium Dusty,Karl Boot SB,795204,Shoes,Boots,87,Kids & Baby Shoes,42
795458011,23,Dark Yellow,Baby Exclusive,6557,"Baby Exclusive. Long-sleeved tops in soft, ribbed organic cotton jersey with a concealed press-stud on one shoulder.",Woven/Jersey/Knitted mix Baby,1006,Solid,1010016,G,Baby/Children,4,Baby Sizes 50-98,11,Beige,4,Dark,NUBA LS rib top TVP 2P,795458,Garment Upper body,T-shirt,255,Baby Essentials & Complements,44
795675001,9,Black,Basic 1,1643,Fitted vest top in stretch cotton jersey.,Jersey Basic,1002,Solid,1010016,D,Divided,2,Divided,5,Black,4,Dark,Gabbi tank/nina/nelia,795675,Garment Upper body,Vest top,253,Divided Basics,51
795820008,73,Dark Blue,Young Girl Jersey Fancy,8716,"Treggings in sturdy stretch jersey with an elasticated waist, fake fly, fake front pockets and real back pockets.",Jersey Fancy,1005,Solid,1010016,I,Baby/Children,4,Children Sizes 134-170,2,Blue,4,Dark,Gilda leggings 1,795820,Garment Lower body,Leggings/Tights,273,Young Girl,77
795882001,43,Dark Red,Trouser,5631,"Suit trousers in a stretch cotton and Tencel™ lyocell weave with a concealed hook-and-eye fastener, zip fly, side pockets, jetted back pockets and legs with creases. Skinny Fit – a fit with slightly shorter legs that is close-fitting at the thighs, knees and ankles to create a completely fitted silhouette.",Trousers,1009,Solid,1010016,F,Menswear,3,Menswear,18,Red,4,Dark,Burt Skinny Trousers,795882,Garment Lower body,Trousers,272,Men Suits & Tailoring,23
796116002,9,Black,Divided+,1652,"Ankle-length trousers in a patterned, crinkled weave with a high, elasticated waist, side pockets and high slits at the hems.",Unknown,1001,All over pattern,1010001,D,Divided,2,Divided,5,Black,4,Dark,DIV Mont Joy trs,796116,Garment Lower body,Trousers,272,Divided Projects,50
796275003,73,Dark Blue,Projects,5741,"Jumper in a soft jacquard knit with a motif. Round neckline, long sleeves, and ribbing around the neckline, cuffs and hem.",Unknown,1001,Jacquard,1010022,F,Menswear,3,Menswear,2,Blue,4,Dark,Novelty Knits,796275,Garment Upper body,Sweater,252,Men Project,24
796479002,19,Greenish Khaki,Young Girl Knitwear,8718,"Sleeveless, cropped, rib-knit top. Narrow cut at the top with short shoulder straps.",Knitwear,1003,Solid,1010016,I,Baby/Children,4,Children Sizes 134-170,20,Khaki green,2,Medium Dusty,OLGA top,796479,Garment Upper body,Sweater,252,Young Girl,77
796556009,81,Light Turquoise,Kids Girl Jersey Fancy,7616,Short-sleeved top in soft cotton jersey an appliqué on the front and a rounded hem. Longer at the back.,Jersey Fancy,1005,Sequin,1010015,H,Baby/Children,4,Children Sizes 92-140,7,Turquoise,3,Light,Joline top,796556,Garment Upper body,T-shirt,255,Kids Girl,76
796671002,73,Dark Blue,Kids Girl Trouser,7617,"Treggings in patterned stretch cotton corduroy with an adjustable, elasticated waist, fake front pockets and real back pockets.",Trousers,1009,All over pattern,1010001,H,Baby/Children,4,Children Sizes 92-140,2,Blue,4,Dark,Rhino printed treggings,796671,Garment Lower body,Trousers,272,Kids Girl,76
796785006,61,Light Purple,Young Girl Trouser,8717,"Shorts in stretch cotton twill with an adjustable, elasticated waist (except in sizes 12-14+Y). Zip fly, front and back pockets and sewn-in turn-ups at the hems.",Trousers,1009,Solid,1010016,I,Baby/Children,4,Children Sizes 134-170,6,Lilac Purple,3,Light,Ellen shorts,796785,Garment Lower body,Shorts,274,Young Girl,77
796970001,10,White,Kids Girl Jersey Fancy,7616,"Cotton jersey dress with a patterned tulle skirt. Glittery print motif on the front, short cap sleeves and a narrow elasticated seam at the waist. Satin-lined skirt.",Jersey Fancy,1005,Front print,1010008,H,Baby/Children,4,Children Sizes 92-140,9,White,3,Light,Dolly dress S/S,796970,Garment Full body,Dress,265,Kids Girl,76
797084005,9,Black,Dresses,1344,"Fitted, calf-length dress in an airy weave with a V-neck and buttons down the front. Long sleeves with elastication and a flounce at the cuffs, and a gathered seam with a flounce at the hem. Partly lined.",Dresses Ladies,1013,All over pattern,1010001,D,Divided,2,Divided,5,Black,4,Dark,Mitchell Midi Dress,797084,Garment Full body,Dress,265,Divided Collection,53
797313004,9,Black,Young Girl Trouser,8717,"Loose-fitting, pull-on trousers in a soft viscose weave with smocking and a decorative bow at the waist. Diagonal side pockets and tapered legs with rounded hems.",Trousers,1009,All over pattern,1010001,I,Baby/Children,4,Children Sizes 134-170,5,Black,4,Dark,Dolly slacks,797313,Garment Lower body,Trousers,272,Young Girl,77
797540001,14,Dark Beige,Ladies Sport Bras,8316,"Jacket in soft pile with a high collar, zip at the top, dropped shoulders and long sleeves. Zipped chest pocket in contrasting colour woven fabric, diagonal side pockets and an elasticated trim in a contrasting colour around the collar, cuffs and hem.",Jersey Fancy,1005,Solid,1010016,S,Sport,26,Sport,11,Beige,2,Medium Dusty,Buffalo fleece,797540,Garment Upper body,Sweater,252,Ladies H&M Sport,5
797835014,72,Blue,Denim Other Garments,1773,"Oversized jacket in washed cotton denim with a collar, buttons down the front, dropped shoulders and long sleeves with buttoned cuffs. Flap chest pockets with a button, welt side pockets, and an adjustable tab at the sides of the hem. The jacket is made partly from recycled cotton.",Trousers Denim,1016,Denim,1010023,D,Divided,2,Divided,2,Blue,2,Medium Dusty,Jacket Oversize,797835,Garment Upper body,Jacket,262,Ladies Denim,57
798048001,10,White,EQ H&M Man,8030,"Short-sleeved shirt in a stretch cotton weave with a narrow turn-down collar with a contrasting colour trim, French front, yoke and darts at the back, and a rounded hem. Muscle Fit – a fit designed to showcase the body’s physique with narrow shoulders, tapered sleeves and an accentuated waist to create a flattering silhouette.",Unknown,1001,Solid,1010016,F,Menswear,3,Menswear,9,White,3,Light,RC KAFKA SS MUSCLE,798048,Garment Upper body,Shirt,259,Men Other 2,30
798303010,93,Dark Green,Baby Toys/Acc,2950,Swim trousers and top in UV-protective fabric. Top with long raglan sleeves and a small collar. Trousers with an elasticated drawstring waist and lined front. UPF 50.,Accessories,1019,Solid,1010016,G,Baby/Children,4,Baby Sizes 50-98,19,Green,2,Medium Dusty,SW Milton UV set,798303,Swimwear,Swimsuit,57,Baby Essentials & Complements,44
798462004,51,Light Pink,Kids Girl Knitwear,7618,"Bolero in soft, fine-knit cotton with a faceted sparkly button at the top and long sleeves.",Knitwear,1003,Solid,1010016,H,Baby/Children,4,Children Sizes 92-140,4,Pink,1,Dusty Light,Bristol Bolero,798462,Garment Upper body,Cardigan,245,Kids Girl,76
798645001,72,Blue,Divided+,1652,"Short, gently tailored dungaree dress in corduroy with adjustable shoulder straps, buttons down the front, a seam at the waist and large patch front pockets.",Unknown,1001,Denim,1010023,D,Divided,2,Divided,2,Blue,2,Medium Dusty,DIV Kim dress,798645,Garment Full body,Dress,265,Divided Projects,50
798889002,13,Beige,Other Accessories,3948,"Imitation leather wallet with a zip around three sides. Four card compartments, one note compartment and a small coin compartment with a press-stud. Size 2x10x11.5 cm.",Accessories,1019,Solid,1010016,D,Divided,2,Divided,11,Beige,1,Dusty Light,MICHAELA small wallet,798889,Accessories,Wallet,84,Divided Accessories,52
798961001,9,Black,Trouser,5683,"Joggers in stretch cotton twill with an elasticated drawstring waist, fake fly, side pockets and fake welt back pockets. Slightly lower crotch and tapered legs with gathered side seams and a concealed zip at the hems.",Trousers,1009,Solid,1010016,F,Menswear,3,Menswear,5,Black,4,Dark,Sonny,798961,Garment Lower body,Trousers,272,Contemporary Street,55
799329001,13,Beige,Outwear,1201,"Wide, straight-cut jacket in imitation suede with a collar and soft pile lining. Adjustable tabs with metal buckles at the collar, a diagonal zip down the front, and zipped front pockets.",Outdoor,1007,Solid,1010016,A,Ladieswear,1,Ladieswear,1,Mole,1,Dusty Light,L Reykjavik Biker,799329,Garment Upper body,Jacket,262,Womens Jackets,19
799437007,43,Dark Red,Boys Local Relevance,7848,"Long-sleeved shirt in cotton flannel with a collar, buttons down the front and a yoke at the back. Open chest pocket, buttoned cuffs and a rounded hem.",Special Offers,1023,Check,1010004,H,Baby/Children,4,Children Sizes 92-140,18,Red,7,Medium,Sylvester Flannel Shirt,799437,Garment Upper body,Shirt,259,Kids Local Relevance,48
799798001,5,Gold,Jewellery Extended,4345,Triangular earrings in textured metal. Length 4.7 cm.,Accessories,1019,Solid,1010016,C,Ladieswear,1,Ladies Accessories,15,Metal,5,Bright,Cool Amanda earring,799798,Accessories,Earring,70,Womens Small accessories,66
800325002,42,Red,Baby Nightwear,6563,"Pyjamas in soft organic cotton jersey. Long-sleeved top with a print motif, concealed press-stud on the shoulder (except in sizes 1½-4Y) and ribbing around the neckline and cuffs. Bottoms with an elasticated waist and ribbed hems.","Under-, Nightwear",1017,Front print,1010008,G,Baby/Children,4,Baby Sizes 50-98,18,Red,5,Bright,2PCS LS PJ SIBLINGS,800325,Nightwear,Pyjama set,297,Baby Essentials & Complements,44
800488002,73,Dark Blue,Kids Girl Jersey Basic,7920,"Short-sleeved dress in patterned cotton jersey with ribbing around the neckline, a gathered seam at the hips and a flared skirt.",Jersey Basic,1002,All over pattern,1010001,H,Baby/Children,4,Children Sizes 92-140,2,Blue,4,Dark,ANGEL t-shirt dress,800488,Garment Full body,Dress,265,Girls Underwear & Basics,79
800802001,9,Black,Jersey,1666,"Knee-length dress in sturdy jacquard-knit jersey with short cap sleeves and a concealed zip at the back. Gently tapered waist with a seam, and a flared skirt with pleats at the front for added width.",Jersey Fancy,1005,Other pattern,1010013,A,Ladieswear,1,Ladieswear,5,Black,4,Dark,Cloud dress,800802,Garment Full body,Dress,265,Womens Tailoring,11
800991001,9,Black,Jersey/Knitwear Premium,1612,Fitted vest top in ribbed silk jersey with a deep V-neck.,Knitwear,1003,Solid,1010016,A,Ladieswear,1,Ladieswear,5,Black,4,Dark,Premium SNOW silk tanktop,800991,Garment Upper body,Blouse,258,Womens Premium,14
801240001,73,Dark Blue,Denim Other Garments,1773,"Boiler suit in airy cotton denim with a resort collar and concealed buttons down the front. Long sleeves and cuffs with a concealed press-stud. Chest pocket, patch front pockets and back pockets. Detachable tie belt at the waist and wide, gently tapered legs.",Trousers Denim,1016,Denim,1010023,D,Divided,2,Divided,2,Blue,2,Medium Dusty,Boilersuit need new PN,801240,Garment Full body,Dungarees,268,Ladies Denim,57
801429003,9,Black,Kids Boy Trouser,7656,"Chinos in stretch cotton twill with an adjustable, elasticated waist, zip fly and button, and tapered legs. Decorative coin pocket, diagonal side pockets and fake jetted back pockets.",Trousers,1009,Solid,1010016,H,Baby/Children,4,Children Sizes 92-140,5,Black,4,Dark,Dayton chinos,801429,Garment Lower body,Trousers,272,Kids Boy,46
801589003,53,Dark Pink,Ladies Sport Bottoms,8310,"Ribbed, ankle-length sports tights in fast-drying functional fabric with a high waist. Wide waist panel containing a concealed key pocket.",Jersey Fancy,1005,Solid,1010016,S,Sport,26,Sport,4,Pink,2,Medium Dusty,BRONTE ankle HW tights,801589,Garment Lower body,Leggings/Tights,273,Ladies H&M Sport,5
801794001,12,Light Beige,Baby Exclusive,6557,"Baby Exclusive. Fully lined, sleeveless romper suit in soft organic cotton corduroy with a round neckline, buttons down the front and a seam at the waist. Lined in marled organic cotton jersey.",Woven/Jersey/Knitted mix Baby,1006,Solid,1010016,G,Baby/Children,4,Baby Sizes 50-98,11,Beige,1,Dusty Light,ISABELLA dungaree,801794,Garment Full body,Dungarees,268,Baby Essentials & Complements,44
801905005,21,Light Yellow,Kids Boy Shorts,7655,"Knee-length shorts in washed cotton twill with an adjustable, elasticated waist, zip fly and button, diagonal side pockets and a fake welt back pocket.",Shorts,1025,Solid,1010016,H,Baby/Children,4,Children Sizes 92-140,8,Yellow,3,Light,Tom Chino Shorts (TVP),801905,Garment Lower body,Shorts,274,Kids Boy,46
802023001,9,Black,Knitwear,1616,"Fitted top in a rib-knit viscose blend with a round, ribbed neckline, long sleeves and overlocked edges at the cuffs and hem.",Knitwear,1003,Stripe,1010017,A,Ladieswear,1,Ladieswear,5,Black,4,Dark,Palermo,802023,Garment Upper body,Sweater,252,Womens Tailoring,11
802193001,12,Light Beige,Woven Tops,2033,"Blouse in a viscose weave with a V-neck, covered buttons at the top, gathers at the shoulders and a gathered yoke at the back. Elasticated seam under the bust and long sleeves with a covered button at the cuffs.",Blouses,1010,All over pattern,1010001,A,Ladieswear,1,Ladieswear,9,White,1,Dusty Light,Melanie blouse,802193,Garment Upper body,Blouse,258,Mama,8
802433001,42,Red,Tops Woven,1543,V-neck blouse in a viscose weave with covered buttons down the front and long puff sleeves with elastication at the cuffs.,Blouses,1010,Solid,1010016,D,Divided,2,Divided,18,Red,7,Medium,KATE BLOUSE,802433,Garment Upper body,Blouse,258,Divided Collection,53
802556001,19,Greenish Khaki,Outwear,1201,"Parka in a nylon and cotton weave with a zip and wind flap with press-studs down the front and a lined, drawstring hood with a wrapover fastening. Diagonal front pockets with a flap and press-stud and an adjustable tab and press-stud at the cuffs. Concealed drawstring at the waist and hem, and a single back vent. Lined.",Outdoor,1007,Solid,1010016,A,Ladieswear,1,Ladieswear,20,Khaki green,4,Dark,L Daffodil Shell Jacket,802556,Garment Upper body,Jacket,262,Womens Jackets,19
802871006,43,Dark Red,Boots,3529,"Boots in semi-shiny imitation leather with an ankle-height shaft, lacing at the front and a loop at the back. Fabric linings and insoles and chunky soles. Heel 3 cm.",Shoes,1020,Solid,1010016,C,Ladieswear,1,Ladies Accessories,18,Red,4,Dark,Darling Flat boot,802871,Shoes,Boots,87,Womens Shoes,64
803014001,12,Light Beige,Outwear,1201,"Straight-cut, double-breasted trenchcoat in a cotton weave with notch lapels, front pockets with a decorative flap and a detachable tie belt at the waist. Long raglan sleeves with a sewn-on tab at the cuffs, and a box pleat at the back for extra width to the hem. Unlined.",Outdoor,1007,Solid,1010016,A,Ladieswear,1,Ladieswear,1,Mole,1,Dusty Light,Squeek Trench,803014,Garment Upper body,Coat,263,Womens Jackets,19
803255001,9,Black,Trouser S&T,8616,"Ankle-length suit trousers in woven fabric with a zip fly, hook-and-eye fastener and concealed button. Side pockets, welt back pockets and legs with creases and sewn-in turn-ups at the hems. Skinny Fit – a fit with slightly shorter legs that is close-fitting at the thighs, knees and ankles to create a completely fitted silhouette.",Trousers,1009,Other structure,1010026,F,Menswear,3,Menswear,5,Black,4,Dark,Oz skinny fit crop foldup trs,803255,Garment Lower body,Trousers,272,Men Suits & Tailoring,23
803452001,73,Dark Blue,Jacket,5231,"Quilted, lightly padded jacket in woven fabric with a small, corduroy-lined stand-up collar and a zip with a wind flap and press-studs down the front. Handwarmer pockets, flap front pockets with a press-stud, and an opening with a press-stud at the cuffs. Two vents with press-studs at the back. Lined.",Outdoor,1007,Solid,1010016,F,Menswear,3,Menswear,2,Blue,4,Dark,Elliot Quilted Jkt,803452,Garment Upper body,Jacket,262,Mens Outerwear,31
803593007,71,Light Blue,Jersey/Knitwear Premium,1612,"Fitted top in soft, ribbed jersey made from a silk and viscose blend with extra-long sleeves.",Knitwear,1003,Solid,1010016,A,Ladieswear,1,Ladieswear,2,Blue,1,Dusty Light,PQ AMBER SILK MIX TOP,803593,Garment Upper body,Sweater,252,Womens Premium,14
803738002,93,Dark Green,Boys Local Relevance,7848,"Long-sleeved top in printed sweatshirt fabric with a small, sewn-on fabric label at the hem and ribbing around the neckline, cuffs and hem. Soft brushed inside.",Special Offers,1023,Solid,1010016,H,Baby/Children,4,Children Sizes 92-140,19,Green,4,Dark,Family crew mens,803738,Garment Upper body,Sweater,252,Kids Local Relevance,48
803971006,73,Dark Blue,Kids Girl Outdoor,7812,"Padded gilet in a quilted weave with a detachable, lined hood and stand-up collar. Zip down the front with a round tab and chin guard, and side pockets. Slightly longer and rounded at the back. Lined.",Outdoor,1007,Solid,1010016,H,Baby/Children,4,Children Sizes 92-140,2,Blue,4,Dark,Lush Vest,803971,Garment Upper body,Outdoor Waistcoat,261,Kids Outerwear,45
804292003,14,Dark Beige,Trouser,1722,"Ankle-length trousers in twill made from a cotton blend. High paper bag waist with pleats and a detachable tie belt, a zip fly and buttons, diagonal side pockets with a decorative flap and button, and tapered legs.",Trousers,1009,Solid,1010016,A,Ladieswear,1,Ladieswear,11,Beige,4,Dark,Dollar HW Tapered,804292,Garment Lower body,Trousers,272,Womens Everyday Collection,15
804556002,73,Dark Blue,Jersey/Knitwear Premium,1612,"Hat in soft, rib-knit cashmere with a roll edge at the hem.",Knitwear,1003,Solid,1010016,A,Ladieswear,1,Ladieswear,2,Blue,4,Dark,PQ BOBBY BEANIE,804556,Accessories,Hat/beanie,75,Womens Premium,14
804702002,9,Black,Young Boy Knitwear,8758,"Hoodie in soft, fine-knit cotton with a text motif. Wrapover hood, long sleeves and a longer layer in a contrasting colour at the hem with short slits in the sides.",Knitwear,1003,Jacquard,1010022,I,Baby/Children,4,Children Sizes 134-170,5,Black,4,Dark,Beppe layered hood,804702,Garment Upper body,Sweater,252,Young Boy,47
804759015,11,Off White,Young Girl Jersey Fancy,8716,"Treggings in sturdy jersey with an elasticated waist, fake fly, fake front pockets and real back pockets.",Jersey Fancy,1005,Treatment,1010018,I,Baby/Children,4,Children Sizes 134-170,9,White,1,Dusty Light,Gilda leggings(1),804759,Garment Lower body,Leggings/Tights,273,Young Girl,77
804992014,92,Green,Ladies Sport Bras,8316,Wide sports top in fast-drying functional fabric with a slightly wider neckline and short cap sleeves. Rounded and slightly longer at the back.,Jersey Fancy,1005,Melange,1010010,S,Sport,26,Sport,12,Grey,2,Medium Dusty,Izzy loose tee,804992,Garment Upper body,T-shirt,255,Ladies H&M Sport,5
805110001,10,White,Young Girl UW/NW,7932,"Vest tops in ribbed cotton jersey with a visible elastic trim at the top, decorative buttons at the front and narrow, adjustable elastic shoulder straps.","Under-, Nightwear",1017,Solid,1010016,I,Baby/Children,4,Children Sizes 134-170,9,White,3,Light,ADA 2-p rib tanktop,805110,Garment Upper body,Vest top,253,Girls Underwear & Basics,79
805367004,19,Greenish Khaki,Kids Boy Outdoor,7852,"Lightly padded bomber jacket with a lined, detachable hood in sweatshirt fabric and a ribbed stand-up collar. Zip down the front with a chin guard, side pockets with a press-stud and a zipped pocket on one sleeve. Gathered seams down the sleeves and ribbing at the cuffs and hem. Lined.",Outdoor,1007,Solid,1010016,H,Baby/Children,4,Children Sizes 92-140,20,Khaki green,4,Dark,SB Todd bomber TP.,805367,Garment Upper body,Jacket,262,Kids Outerwear,45
805473003,72,Blue,Blouse & Dress,1941,"Calf-length shirt dress in woven fabric with a grandad collar, press-studs down the front and a button band with a decorative tab at the top. Large patch front pockets and extra-long wide sleeves with buttoned cuffs. Seam at the waist with pleats at the top, belt loops with a press-stud, and a detachable tie belt with elastication in the middle. Slit at the back.",Blouses,1010,Denim,1010023,A,Ladieswear,1,Ladieswear,2,Blue,2,Medium Dusty,Celeste Shirt Dress,805473,Garment Full body,Dress,265,Womens Trend,18
805708003,9,Black,Young Girl Jersey Fancy,8716,"Shorts in printed lightweight sweatshirt fabric with an elasticated, drawstring waist, side pockets and sewn-in turn-ups at the hems.",Jersey Fancy,1005,All over pattern,1010001,I,Baby/Children,4,Children Sizes 134-170,5,Black,4,Dark,KAYLA SHORTS,805708,Garment Lower body,Shorts,274,Young Girl,77
805810005,12,Light Beige,Kids Girl Swimwear,4310,"Bikini. Top with a lined front and narrow, flounce-trimmed shoulder straps. Bottoms with a lined gusset. The bikini lining is made of recycled polyester.",Swimwear,1018,All over pattern,1010001,J,Baby/Children,4,"Children Accessories, Swimwear",11,Beige,1,Dusty Light,CILLA BASIC bikini,805810,Swimwear,Bikini top,298,"Kids Accessories, Swimwear & D",43
805931002,50,Other Pink,Tops Girls,6280,"Set with a top and pair of leggings in fast-drying functional fabric. Wide top in closely-woven mesh with a round neckline, print motif on the front, cap sleeves and a gently rounded hem. Leggings with a print on one leg and a contrasting colour waist panel.",Unknown,1001,Solid,1010016,S,Sport,26,Sport,4,Pink,5,Bright,DARCY SET,805931,Garment Upper body,T-shirt,255,Kids Sports,49
806010002,10,White,Young Girl Trouser,8717,"Ankle-length trousers in an airy viscose weave with elastication at the back of the waist and a sewn-on fabric tie belt at the front. Side pockets and wide, straight legs.",Trousers,1009,All over pattern,1010001,I,Baby/Children,4,Children Sizes 134-170,9,White,3,Light,Vivi slacks,806010,Garment Lower body,Trousers,272,Young Girl,77
806142001,73,Dark Blue,Kids Girl Jersey Fancy,7616,"Top in soft, textured sweatshirt fabric with long puff sleeves, and ribbing around the neckline, cuffs and hem.",Jersey Fancy,1005,All over pattern,1010001,H,Baby/Children,4,Children Sizes 92-140,2,Blue,4,Dark,FLORIS sweater,806142,Garment Upper body,Top,254,Kids Girl,76
806183012,73,Dark Blue,Kids Girl Jersey Fancy,7616,"Treggings in sturdy cotton jersey with covered elastication at the waist, a fake fly, fake front pockets and real back pockets.",Jersey Fancy,1005,All over pattern,1010001,H,Baby/Children,4,Children Sizes 92-140,2,Blue,4,Dark,Meadow trs,806183,Garment Lower body,Trousers,272,Kids Girl,76
806204003,21,Light Yellow,Kids Girl Jersey Fancy,7616,"Short-sleeved dress in soft jersey with a round neck, print motif on the front and a gathered, elasticated seam at the waist. Unlined.",Jersey Fancy,1005,All over pattern,1010001,H,Baby/Children,4,Children Sizes 92-140,8,Yellow,3,Light,Betsy dress S/S,806204,Garment Full body,Dress,265,Kids Girl,76
806307003,81,Light Turquoise,Baby Exclusive,6557,"Baby Exclusive. Leggings in soft organic cotton jersey with an adjustable, elasticated waist and decorative flatlock seams.",Woven/Jersey/Knitted mix Baby,1006,Solid,1010016,G,Baby/Children,4,Baby Sizes 50-98,7,Turquoise,1,Dusty Light,LION 3p legginig,806307,Garment Lower body,Trousers,272,Baby Essentials & Complements,44
806406001,10,White,Young Girl UW/NW,7932,Crop tops in cotton jersey with wide elastic shoulder straps and covered elastic at the hems.,"Under-, Nightwear",1017,Solid,1010016,I,Baby/Children,4,Children Sizes 134-170,9,White,3,Light,Lovisa 2-p shorttop,806406,Underwear,Kids Underwear top,307,Girls Underwear & Basics,79
806612002,61,Light Purple,Kids Girl Knitwear,7618,"Cardigan in soft, purl-knit cotton with buttons down the front and long sleeves with sewn-in turn-ups at the cuffs.",Knitwear,1003,Solid,1010016,H,Baby/Children,4,Children Sizes 92-140,6,Lilac Purple,3,Light,Billy cardigan,806612,Garment Upper body,Cardigan,245,Kids Girl,76
806800002,32,Orange,Jersey,2032,"Sports top in fast-drying mesh with dropped shoulders and long sleeves with thumbholes at the cuffs. Gathers at the sides for best fit over the tummy, and a rounded hem. Slightly longer at the back. The polyester content of the top is recycled.",Jersey Fancy,1005,Solid,1010016,A,Ladieswear,1,Ladieswear,3,Orange,5,Bright,SPORT MAMA VALENTINE LS,806800,Garment Upper body,T-shirt,255,Mama,8
806973001,9,Black,Suit jacket,1222,"Gently tailored, double-breasted jacket in a textured weave containing some wool with notch lapels, welt front pockets and decorative buttons at the cuffs. Lined.",Dressed,1008,Check,1010004,A,Ladieswear,1,Ladieswear,5,Black,4,Dark,Philipos Fancy,806973,Garment Upper body,Blazer,264,Womens Everyday Collection,15
807241033,52,Pink,Socks,3610,"Socks in a soft, jacquard-knit cotton blend with elasticated tops.",Socks and Tights,1021,All over pattern,1010001,B,Ladieswear,1,Lingeries/Tights,4,Pink,3,Light,1p Fun Socks,807241,Socks & Tights,Socks,302,"Womens Nightwear, Socks & Tigh",62
807281001,13,Beige,Jersey Basic,1676,"Long tunic in ribbed jersey made from a cotton blend with a turtle neck, long sleeves and slits at the sides of the hem.",Jersey Basic,1002,Melange,1010010,A,Ladieswear,1,Ladieswear,11,Beige,2,Medium Dusty,Lancaster,807281,Garment Upper body,Top,254,Womens Everyday Basics,16
807500006,9,Black,Dresses,1344,"Short dress in an airy viscose weave with a V-neck and buttons down the front. Short sleeves, a tapered waist and a gently flared skirt. Unlined.",Dresses Ladies,1013,Solid,1010016,D,Divided,2,Divided,5,Black,4,Dark,Jill SS dress,807500,Garment Full body,Dress,265,Divided Collection,53
807741001,9,Black,Conscious Exclusive,7020,"Jumper in an airy, fine-knit Tencel™ lyocell and wool blend with a turtle neck at the front and a V-shaped opening with wide ties at the back. Roll edges at the cuffs and hem.",Special Offers,1023,Solid,1010016,A,Ladieswear,1,Ladieswear,5,Black,4,Dark,CE Reflection knitted top,807741,Garment Upper body,Top,254,Special Collections,82
807821001,7,Grey,Young Boy Jersey Fancy,8748,"Long-sleeved top in sturdy, block-coloured cotton jersey. Panel with a text print down the sleeves, ribbing around the neckline and cuffs, and slits in the sides. Slightly longer at the back.",Jersey Fancy,1005,Colour blocking,1010005,I,Baby/Children,4,Children Sizes 134-170,12,Grey,1,Dusty Light,SILAS l/s tee,807821,Garment Upper body,Sweater,252,Young Boy,47
808021008,9,Black,Heels,3528,Court shoes with pointed toes and block heels. Satin linings and imitation leather insoles. Heel 8 cm.,Shoes,1020,Solid,1010016,C,Ladieswear,1,Ladies Accessories,5,Black,4,Dark,Emi pump(1),808021,Shoes,Pumps,90,Womens Shoes,64
808349003,12,Light Beige,Jacket Street,5283,"Jacket in a crisp weave with a lined hood, high collar and elastic drawstring. Zip down the front and front pockets with a concealed zip. Long sleeves with covered elastication and an adjustable tab with a hook and loop fastening at the cuffs. Elastic drawstring at the hem. Mesh lining.",Outdoor,1007,Solid,1010016,F,Menswear,3,Menswear,11,Beige,1,Dusty Light,Lark jacket,808349,Garment Upper body,Jacket,262,Mens Outerwear,31
808621003,23,Dark Yellow,Flats,3527,"Slingbacks with pointed toes, satin linings and imitation leather insoles.",Shoes,1020,Solid,1010016,C,Ladieswear,1,Ladies Accessories,8,Yellow,4,Dark,Munch ballerina,808621,Shoes,Ballerinas,86,Womens Shoes,64
808701002,14,Dark Beige,Heels,3528,Wedge-heeled sandals in imitation suede with long straps at the top that tie around the ankles and a braided jute trim around the soles. Imitation leather insoles. Platform front 2 cm. Heel 9 cm.,Shoes,1020,Solid,1010016,C,Ladieswear,1,Ladies Accessories,1,Mole,2,Medium Dusty,Keira wedge,808701,Shoes,Wedge,95,Womens Shoes,64
808840001,9,Black,Skirts,1444,"Calf-length skirt in a softly draping viscose weave. High waist with concealed press-studs and ties at one side, a wrapover front and asymmetric hem. Unlined.",Skirts,1012,All over pattern,1010001,D,Divided,2,Divided,5,Black,4,Dark,TRUFFEL MAXI SKIRT,808840,Garment Lower body,Skirt,275,Divided Collection,53
809022001,73,Dark Blue,Knitwear,5831,"Jumper in fine-knit premium cotton with a round neckline, long sleeves and ribbing around the neckline, cuffs and hem.",Knitwear,1003,Stripe,1010017,F,Menswear,3,Menswear,2,Blue,4,Dark,R-neck James stripe,809022,Garment Upper body,Sweater,252,Men Suits & Tailoring,23
809238001,9,Black,Tops Knitwear,1647,"Cardigan in a soft knit with a wrapover front with visible ties at one side and concealed ties at the other. Dropped shoulders, long sleeves and ribbing at the cuffs and hem.",Knitwear,1003,Solid,1010016,D,Divided,2,Divided,5,Black,4,Dark,Atomic Wrap Sweater,809238,Garment Upper body,Sweater,252,Divided Collection,53
809460003,12,Light Beige,Baby Girl Woven,6555,"Dress in an airy cotton weave with flounce-trimmed shoulder straps and buttons down the front. Seam at the waist, narrow, covered elastication at the back and a gathered, flared skirt. Unlined.",Woven/Jersey/Knitted mix Baby,1006,Solid,1010016,G,Baby/Children,4,Baby Sizes 50-98,11,Beige,1,Dusty Light,Francis dress,809460,Garment Full body,Dress,265,Baby Girl,40
809713003,9,Black,Young Girl Shoes,4321,Boots in imitation suede with faux fur linings and insoles and fluted soles.,Shoes,1020,Solid,1010016,J,Baby/Children,4,"Children Accessories, Swimwear",5,Black,4,Dark,Katie boot BG.,809713,Shoes,Boots,87,Kids & Baby Shoes,42
809913001,9,Black,Swimwear,4242,"Fully lined, ribbed swimsuit with a fixed belt to accentuate the waist. Square neckline at the front and a deeper square neckline at the back. Padded cups with removable inserts that shape the bust and provide good support.",Swimwear,1018,Other structure,1010026,B,Ladieswear,1,Lingeries/Tights,5,Black,4,Dark,Posh Swimsuit,809913,Swimwear,Swimsuit,57,"Womens Swimwear, beachwear",60
810170014,73,Dark Blue,Woven bottoms,2031,"Jeans in washed, stretch denim with fake front pockets, real back pockets and skinny legs. Wide ribbing at the waist for best fit over the tummy.",Trousers,1009,Denim,1010023,A,Ladieswear,1,Ladieswear,2,Blue,2,Medium Dusty,Skinny denim (D),810170,Garment Lower body,Trousers,272,Mama,8
810493002,9,Black,Skirt,1422,Short skirt in a textured weave with a slight sheen. Regular waist with a concealed zip and hook-and-eye fastener at the back. Second layer of fabric on the top with gathered seams at the sides and back to create a draped effect. Lined.,Skirts,1012,Solid,1010016,A,Ladieswear,1,Ladieswear,5,Black,4,Dark,Chardonney skirt,810493,Garment Lower body,Skirt,275,Womens Everyday Collection,15
810703002,22,Yellow,Dress,1322,"Short, sleeveless, halterneck dress in a crêpe weave with a deep V-neck and long shoulder straps that can be tied in various ways. Seam at the waist, a concealed zip in one side and a flared skirt. Lined.",Dresses Ladies,1013,Solid,1010016,A,Ladieswear,1,Ladieswear,8,Yellow,4,Dark,Smirk Dress,810703,Garment Full body,Dress,265,Womens Everyday Collection,15
810825002,10,White,Expressive Lingerie,1338,"Lace bra with underwired, padded cups that shape the bust and provide good support. Adjustable shoulder straps and a hook-and-eye fastening at the back.","Under-, Nightwear",1017,Other structure,1010026,B,Ladieswear,1,Lingeries/Tights,9,White,3,Light,Kendrick Padded Coral Keyhole,810825,Underwear,Bra,306,Womens Lingerie,61
810971003,11,Off White,Baby Socks,6541,Moccasins in a fine-knit cotton blend and imitation leather with soft terry inside and soft suede soles.,Socks and Tights,1021,All over pattern,1010001,G,Baby/Children,4,Baby Sizes 50-98,9,White,1,Dusty Light,Moccasin,810971,Shoes,Slippers,93,Baby Essentials & Complements,44
811262001,73,Dark Blue,Knitwear,5831,"Polo shirt in fine-knit premium cotton with a ribbed collar, button placket and ribbed trims around the sleeves and hem.",Knitwear,1003,Stripe,1010017,F,Menswear,3,Menswear,2,Blue,4,Dark,Polo ss Silas,811262,Garment Upper body,Polo shirt,257,Men Suits & Tailoring,23
811380001,93,Dark Green,Woven Premium,1912,"Straight-cut blouse in a woven wool blend with a small opening and buttons at the back of the neck, a yoke and flap chest pockets. Wide sleeves, one with a flap pocket, and wide, close-fitting cuffs with a button. Short slits in the sides.",Unknown,1001,Solid,1010016,A,Ladieswear,1,Ladieswear,20,Khaki green,4,Dark,PQ EVA BLOUSE,811380,Garment Upper body,Shirt,259,Womens Premium,14
811471005,42,Red,Dresses,1344,"Short, V-neck dress in a softly draping viscose weave with narrow shoulder straps and buttons down the front. Unlined.",Dresses Ladies,1013,All over pattern,1010001,D,Divided,2,Divided,18,Red,5,Bright,Wakkiki,811471,Garment Full body,Dress,265,Divided Collection,53
811644001,51,Light Pink,Projects Jersey & Knitwear,1644,"V-neck cardigan in a soft, loose, chunky knit with buttons down the front, dropped shoulders, long sleeves and patch front pockets.",Jersey Fancy,1005,Solid,1010016,D,Divided,2,Divided,4,Pink,1,Dusty Light,Pinneapple Cardigan,811644,Garment Upper body,Cardigan,245,Divided Projects,50
811725002,19,Greenish Khaki,Kids Boy Trouser,7656,"Cargo trousers in a cotton weave with elasticated ribbing and a drawstring at the waist. Fake fly, front pockets, flap leg pockets, fake back pockets with a flap and straight legs in a relaxed fit.",Trousers,1009,Solid,1010016,H,Baby/Children,4,Children Sizes 92-140,20,Khaki green,4,Dark,Devon Cargo Trouser,811725,Garment Lower body,Trousers,272,Kids Boy,46
811871002,9,Black,Projects Dresses,1343,"V-neck playsuit in a crinkled weave with lace trims. Buttons at the top, wide, 3/4-length sleeves, an elasticated seam and tie belt at the waist and short, wide legs. Unlined.",Dresses Ladies,1013,All over pattern,1010001,D,Divided,2,Divided,5,Black,4,Dark,Caroline Jumpsuit,811871,Garment Full body,Dress,265,Divided Projects,50
811958001,51,Light Pink,Young Girl Jersey Basic,7930,"Top in sweatshirt fabric made from a cotton blend with dropped shoulders, long sleeves and ribbing around the neckline, cuffs and hem. Slightly longer at the back. Soft brushed inside. The cotton content of the top is organic.",Jersey Basic,1002,Colour blocking,1010005,I,Baby/Children,4,Children Sizes 134-170,4,Pink,1,Dusty Light,SIGNE CREW,811958,Garment Upper body,Sweater,252,Girls Underwear & Basics,79
812080001,9,Black,Trouser,1717,"Ankle-length suit trousers in a jacquard weave with a slight sheen. High waist, zip fly and hook-and-eye fasteners. Side pockets, fake welt back pockets and straight, slightly wider legs with creases.",Trousers,1009,Jacquard,1010022,A,Ladieswear,1,Ladieswear,5,Black,4,Dark,Parrot jacquard trouser,812080,Garment Lower body,Trousers,272,Womens Tailoring,11
812351002,23,Dark Yellow,Jersey fancy,1636,"Cardigan in a soft, fine knit with a brushed finish. V-neck, large buttons down the front and long raglan sleeves.",Jersey Fancy,1005,Solid,1010016,A,Ladieswear,1,Ladieswear,8,Yellow,4,Dark,Aria Cardigan,812351,Garment Upper body,Sweater,252,Womens Everyday Collection,15
812484004,10,White,Trousers & Skirt,1948,"5-pocket jeans in washed cotton denim with a high waist, zip fly and button and straight legs.",Trousers,1009,Denim,1010023,A,Ladieswear,1,Ladieswear,9,White,3,Light,Orion NW tapered denim,812484,Garment Lower body,Trousers,272,Womens Trend,18
812677003,52,Pink,Kids Girl Outdoor,7812,"Lightly padded jacket in woven fabric. Detachable hood with concealed press-studs, a zip down the front with a chin guard, and discreet pockets in the side seams. Narrow elastication around the hood and cuffs. Lined.",Outdoor,1007,Solid,1010016,H,Baby/Children,4,Children Sizes 92-140,4,Pink,2,Medium Dusty,Cheapy jkt,812677,Garment Upper body,Jacket,262,Kids Outerwear,45
812911010,51,Light Pink,Kids Girl Jersey Basic,7920,Tops in organic cotton jersey with a gathered neckline and short puff sleeves.,Jersey Basic,1002,Solid,1010016,H,Baby/Children,4,Children Sizes 92-140,4,Pink,1,Dusty Light,HARPER 3-P tee,812911,Garment Upper body,T-shirt,255,Girls Underwear & Basics,79
813060011,72,Blue,Kids Boy Shirt,7657,"Shirt in a cotton weave with a turn-down collar, buttons down the front, a yoke at the back and long sleeves with buttoned cuffs. Contrasting colour on the inside of the collar stand and cuffs, and a rounded hem.",Shirts,1011,Stripe,1010017,H,Baby/Children,4,Children Sizes 92-140,2,Blue,3,Light,Princeton ls shirt (TVP),813060,Garment Upper body,Shirt,259,Kids Boy,46
813383001,51,Light Pink,Kids Girl Jersey Basic,7920,"Trousers in soft sweatshirt fabric with an elasticated, drawstring waist, side pockets and tapered legs with sewn-in turn-ups at the hems. The cotton content of the trousers is organic.",Jersey Basic,1002,Solid,1010016,H,Baby/Children,4,Children Sizes 92-140,4,Pink,3,Light,LEXI trs,813383,Garment Lower body,Trousers,272,Girls Underwear & Basics,79
813504012,42,Red,Kids Boy Jersey Basic,7668,"Long-sleeved top in soft, organic cotton jersey with ribbing around the neckline.",Jersey Basic,1002,Colour blocking,1010005,H,Baby/Children,4,Children Sizes 92-140,18,Red,5,Bright,TP NORTON price LS,813504,Garment Upper body,Top,254,Boys Underwear & Basics,72
813803001,73,Dark Blue,Baby Boy Jersey Fancy,6545,"T-shirt in soft, printed cotton jersey with a narrow ribbed trim around the neckline. Press-stud on one shoulder (except in sizes 1½-4Y).",Jersey Fancy,1005,Front print,1010008,G,Baby/Children,4,Baby Sizes 50-98,2,Blue,4,Dark,BJÖRK TEE TVP,813803,Garment Upper body,T-shirt,255,Baby Boy,41
814109003,9,Black,Kids Boy Shoes,4211,"Imitation leather hi-tops with elasticated lacing at the front, an adjustable hook and loop tab at the top and a loop at the back. Mesh linings and insoles.",Shoes,1020,Colour blocking,1010005,J,Baby/Children,4,"Children Accessories, Swimwear",5,Black,4,Dark,Joel HT SB,814109,Shoes,Sneakers,94,Kids & Baby Shoes,42
814266002,73,Dark Blue,Young Boy UW/NW,4225,Longjohns in soft jersey with an elasticated waist and ribbed hems.,"Under-, Nightwear",1017,Solid,1010016,I,Baby/Children,4,Children Sizes 134-170,2,Blue,4,Dark,Logg Long Johns BB 2-p,814266,Underwear,Long John,287,Boys Underwear & Basics,72
814373005,73,Dark Blue,Kids Boy Shoes,4211,"Lightweight trainers in mesh and imitation leather with elasticated lacing at the front, a hook and loop tab at the top and a loop at the back. Linings and moulded insoles in mesh, and chunky soles.",Shoes,1020,Colour blocking,1010005,J,Baby/Children,4,"Children Accessories, Swimwear",2,Blue,4,Dark,Billie runner SB,814373,Shoes,Sneakers,94,Kids & Baby Shoes,42
814594009,82,Turquoise,Young Boy Jersey Fancy,8748,"Classic T-shirt in soft cotton jersey with a print motif and a round, ribbed neckline.",Jersey Fancy,1005,Front print,1010008,I,Baby/Children,4,Children Sizes 134-170,19,Green,3,Light,MILES price s/s tee TP,814594,Garment Upper body,T-shirt,255,Young Boy,47
814652001,73,Dark Blue,Skirt,1422,Knee-length skirt in woven fabric with a wrapover front and high paper bag waist with covered elastication at the back and a detachable tie belt. Concealed zip in one side. Unlined.,Skirts,1012,Check,1010004,A,Ladieswear,1,Ladieswear,2,Blue,4,Dark,Liana,814652,Garment Lower body,Skirt,275,Womens Everyday Collection,15
814857001,22,Yellow,Shirt,5783,"Short-sleeved shirt in a patterned viscose weave with a resort collar, buttons down the front, a chest pocket and short slits in the sides.",Shirts,1011,All over pattern,1010001,F,Menswear,3,Menswear,8,Yellow,7,Medium,RESORT SS SHIRT,814857,Garment Upper body,Shirt,259,Contemporary Street,55
814965002,73,Dark Blue,Young Girl Jersey Fancy,8716,Sleeveless top in jersey with gathered elastication around the neckline and a rounded hem. Slightly longer at the back.,Jersey Fancy,1005,Stripe,1010017,I,Baby/Children,4,Children Sizes 134-170,2,Blue,4,Dark,Jossan tank,814965,Garment Upper body,Vest top,253,Young Girl,77
815151001,10,White,Young Girl Shoes,4321,"Hi-tops in imitation leather with contrasting colour stripes at the sides, a padded edge, lacing at the front and a loop at the back. Cotton canvas linings and insoles and rubber soles.",Shoes,1020,Solid,1010016,J,Baby/Children,4,"Children Accessories, Swimwear",9,White,3,Light,Roberta HT BG,815151,Shoes,Sneakers,94,Kids & Baby Shoes,42
815354001,43,Dark Red,Expressive Lingerie,1338,"Soft, non-wired, V-neck body in lace and mesh with removable inserts that shape the bust and provide good support.Lined gusset with press-studs and a high cut at the back.","Under-, Nightwear",1017,Solid,1010016,B,Ladieswear,1,Lingeries/Tights,18,Red,7,Medium,Charlotte Padded Soft Body,815354,Underwear,Underwear body,283,Womens Lingerie,61
815537001,42,Red,Asia Assortment,7912,"Ankle-length trousers in woven fabric with a high waist, pleats at the front and a zip fly and button. Side pockets, a fake welt back pocket and tapered legs with creases both front and back.",Unknown,1001,Check,1010004,A,Ladieswear,1,Ladieswear,18,Red,7,Medium,CNY Marilyn trs,815537,Garment Lower body,Trousers,272,Womens Everyday Collection,15
815650001,71,Light Blue,Kids Girl Denim,7917,"5-pocket skirt in washed, stretch denim decorated with small sparkly stones at the front. Adjustable, elasticated waist and zip fly with a button.",Trousers Denim,1016,Denim,1010023,H,Baby/Children,4,Children Sizes 92-140,2,Blue,1,Dusty Light,SKIRT FANCY,815650,Garment Lower body,Skirt,275,Kids Girl,76
815930001,13,Beige,Outdoor/Blazers,1244,"Windbreaker in a crispy weave with a mesh-lined hood and a drawstring at the top and hem. Zip down the front, diagonal front pockets and covered elastication at the cuffs. Lined.",Outdoor,1007,Colour blocking,1010005,D,Divided,2,Divided,11,Beige,2,Medium Dusty,Snake Sporty,815930,Garment Upper body,Jacket,262,Divided Collection,53
816233006,30,Other Orange,Boys Small Acc & Bags,4213,"Sunglasses with plastic frames and tinted, UV-protective lenses.",Shoes,1020,Colour blocking,1010005,J,Baby/Children,4,"Children Accessories, Swimwear",3,Orange,5,Bright,WAYFARERS,816233,Accessories,Sunglasses,81,"Kids Accessories, Swimwear & D",43
816423005,71,Light Blue,Shorts,1745,"High-waisted shorts in superstretch twill with a zip fly and button, back pockets and sewn-in turn-ups at the hems.",Shorts,1025,Denim,1010023,D,Divided,2,Divided,2,Blue,3,Light,Ozzy HW Denim Shorts,816423,Garment Lower body,Shorts,274,Divided Collection,53
816587005,73,Dark Blue,Tops Fancy Jersey,1640,"Short, wide top in sweatshirt fabric with a stand-up collar and zip at the top. Dropped shoulders, long sleeves and ribbing at the cuffs and hem. Soft brushed inside.",Jersey Fancy,1005,Colour blocking,1010005,D,Divided,2,Divided,2,Blue,4,Dark,Kamikaze CF TVP,816587,Garment Upper body,Sweater,252,Divided Collection,53
816623001,11,Off White,Knitwear,1610,"Jacquard-knit cardigan in a soft cotton blend with dropped shoulders, long, wide sleeves and no buttons. Detachable tie belt at the waist and side pockets.",Knitwear,1003,Solid,1010016,A,Ladieswear,1,Ladieswear,9,White,1,Dusty Light,Sadie Jacquard Coatigan,816623,Garment Upper body,Cardigan,245,Womens Casual,6
816824001,53,Dark Pink,Take care,4920,Iron-on fabric patches to patch and repair garments.,Unknown,1001,Embroidery,1010007,A,Ladieswear,1,Ladieswear,4,Pink,5,Bright,TC NEW DECOPATCHES LOVE,816824,Accessories,Other accessories,78,Collaborations,97
816934005,9,Black,Blouse,1510,"Sleeveless top in an airy cotton weave with a deep, flounce-trimmed V-neck front and back, pin-tucks at the top and a peplum at the hem. Unlined.",Blouses,1010,Solid,1010016,A,Ladieswear,1,Ladieswear,5,Black,4,Dark,CS Isolde romantic flounce top,816934,Garment Upper body,Vest top,253,Womens Casual,6
817095001,61,Light Purple,Divided+,1652,"Short, A-line dress in a crinkled viscose weave with a round neckline, small opening with ties at the front and long sleeves with narrow elastication at the cuffs. Gathered seams at the hem and on the sleeves for added width and soft draping. Unlined.",Unknown,1001,Solid,1010016,D,Divided,2,Divided,6,Lilac Purple,1,Dusty Light,DIV Amy a-line dress,817095,Garment Upper body,Blouse,258,Divided Projects,50
817236003,51,Light Pink,Kids Girl Dresses,7613,A-line dress in lace with a small opening and button at the back of the neck and cap sleeves. Lined.,Dresses/Skirts girls,1014,Lace,1010021,H,Baby/Children,4,Children Sizes 92-140,4,Pink,3,Light,Alana lace dress,817236,Garment Full body,Dress,265,Kids Girl,76
817386001,72,Blue,Blouse & Dress,1941,"Tunic in soft, washed cotton denim with a collar, concealed buttons at the top, a gathered yoke at the back and open chest pockets. Long, gathered sleeves, wide cuffs with press-studs, a seam at the hips and a wide flounce at the hem.",Blouses,1010,Denim,1010023,A,Ladieswear,1,Ladieswear,2,Blue,2,Medium Dusty,Alberta dnm tunic,817386,Garment Upper body,Blouse,258,Womens Trend,18
817587002,10,White,Young Girl Dresses,8713,"Dress in patterned chiffon with decorative gathers at the neckline, an opening and button at the back of the neck and butterfly sleeves. Elasticated seam at the waist and a skirt that has an extra layer at the front and is longer at the back. Jersey lining.",Dresses/Skirts girls,1014,All over pattern,1010001,I,Baby/Children,4,Children Sizes 134-170,9,White,3,Light,CAPE TOWN DRESS,817587,Garment Full body,Dress,265,Young Girl,77
817867001,3,Silver,Small Accessories,9986,"Metal chain bracelets in various designs, one with a brushed metal plate.",Accessories,1019,Solid,1010016,F,Menswear,3,Menswear,15,Metal,3,Light,Bracelet Rico Pack,817867,Accessories,Bracelet,68,Men Accessories,25
818036003,12,Light Beige,Jersey fancy,1636,"Top in soft, patterned viscose jersey with flutter sleeves and slits in the sides.",Jersey Fancy,1005,All over pattern,1010001,A,Ladieswear,1,Ladieswear,11,Beige,1,Dusty Light,Frille,818036,Garment Upper body,Top,254,Womens Everyday Collection,15
818313001,12,Light Beige,Jersey,1660,"Straight-cut top in soft sweatshirt fabric with a high, ribbed collar and zip at the top. Dropped shoulders, long, slightly wider sleeves and ribbed cuffs. Soft brushed inside.",Jersey Fancy,1005,Solid,1010016,A,Ladieswear,1,Ladieswear,9,White,1,Dusty Light,Wave half-zip crew,818313,Garment Upper body,Sweater,252,Womens Casual,6
818621004,13,Beige,Jersey/Knitwear Premium,1612,"Joggers in soft, fine-knit cashmere. Regular waist with covered elastication and tapered legs with ribbed hems.",Knitwear,1003,Solid,1010016,A,Ladieswear,1,Ladieswear,1,Mole,1,Dusty Light,PQ JAZZ CASH JOGGER,818621,Garment Lower body,Trousers,272,Womens Premium,14
818795001,73,Dark Blue,Shirt,5767,"Shirt in patterned Oxford cotton with a button-down collar, classic front and yoke with a pleat at the back. Open chest pocket and long sleeves with buttoned cuffs. Regular Fit – a classic fit with good room for movement and a gently shaped waist to create a comfortable, tailored silhouette.",Shirts,1011,All over pattern,1010001,F,Menswear,3,Menswear,2,Blue,4,Dark,Pat ls bd aop oxford,818795,Garment Upper body,Shirt,259,Contemporary Casual,21
819082003,14,Dark Beige,Woven top,1909,"Long dress in a viscose weave with a round neckline and an opening with a concealed button at the back of the neck. Long, wide raglan sleeves, smocking at the waist and a rounded hem. Slightly longer at the back. Unlined.",Blouses,1010,All over pattern,1010001,A,Ladieswear,1,Ladieswear,11,Beige,4,Dark,ED Nottinghill dress,819082,Garment Full body,Dress,265,H&M+,2
819341002,73,Dark Blue,Kids Boy Shoes,4211,Aqua shoes in patterned scuba fabric with a loop at the back and textured soles.,Shoes,1020,Stripe,1010017,J,Baby/Children,4,"Children Accessories, Swimwear",2,Blue,4,Dark,Marco swimshoe SB,819341,Shoes,Other shoe,89,Kids & Baby Shoes,42
819733002,12,Light Beige,Young Girl Outdoor,8812,"Puffer gilet in woven fabric with a stand-up collar and detachable, lined hood. Zip down the front with a chin guard, side pockets and smocking at the sides. Lined.",Outdoor,1007,Solid,1010016,I,Baby/Children,4,Children Sizes 134-170,11,Beige,1,Dusty Light,Nina vest,819733,Garment Upper body,Outdoor Waistcoat,261,Kids Outerwear,45
820016011,51,Light Pink,Kids Girl Jersey Basic,7920,T-shirt in soft organic cotton jersey with a small embroidery detail on the chest.,Jersey Basic,1002,Solid,1010016,H,Baby/Children,4,Children Sizes 92-140,4,Pink,1,Dusty Light,NOVA tee,820016,Garment Upper body,T-shirt,255,Girls Underwear & Basics,79
820213001,5,Gold,Kids Girl Shoes,4311,Leather sandals with metal buckles and a heel strap with a hook and loop fastening at the back. Suede linings and insoles and rubber soles.,Shoes,1020,Solid,1010016,J,Baby/Children,4,"Children Accessories, Swimwear",15,Metal,5,Bright,PQ Oline Sandal SG,820213,Shoes,Sandals,91,Kids & Baby Shoes,42
820432001,7,Grey,Boys Local Relevance,7848,"KIDS EXCLUSIVE. Socks in a soft, rib-knit wool blend.",Special Offers,1023,Solid,1010016,H,Baby/Children,4,Children Sizes 92-140,12,Grey,1,Dusty Light,KIDS-Basic Wool Sock 4-pack,820432,Socks & Tights,Socks,302,Kids Local Relevance,48
820513004,22,Yellow,Kids Girl Shoes,4311,Sandals in cotton canvas with an adjustable hook and loop tab over the foot. Canvas linings and insoles and patterned soles.,Shoes,1020,Solid,1010016,J,Baby/Children,4,"Children Accessories, Swimwear",8,Yellow,7,Medium,Pony canvas SG,820513,Shoes,Sneakers,94,Kids & Baby Shoes,42
820652003,13,Beige,Kids Boy Shoes,4211,"Brogues with a decorative welt seam around the soles, lacing at the front and a loop at the back. Canvas linings and insoles and patterned soles.",Shoes,1020,Solid,1010016,J,Baby/Children,4,"Children Accessories, Swimwear",11,Beige,2,Medium Dusty,Kevin Brouge SB,820652,Shoes,Other shoe,89,Kids & Baby Shoes,42
820899001,6,Light Grey,Casual Lingerie,1334,"Non-wired bras in jersey with a wide, elasticated hem, adjustable shoulder straps and removable inserts that shape the bust and provide good support. No fasteners.","Under-, Nightwear",1017,Melange,1010010,B,Ladieswear,1,Lingeries/Tights,12,Grey,1,Dusty Light,Jax Padded Softbra (Anzio) 2pk,820899,Underwear,Bra,306,Womens Lingerie,61
821057001,9,Black,Skirts,1444,"Short skirt in woven fabric with a high waist, detachable, adjustable belt and a concealed zip in one side. Unlined.",Skirts,1012,Check,1010004,D,Divided,2,Divided,5,Black,4,Dark,GRETA SKIRT S.1,821057,Garment Lower body,Skirt,275,Divided Collection,53
821213003,71,Light Blue,Young Girl Dresses,8713,"Cold shoulder blouse in airy chiffon with narrow shoulder straps, and 3/4-length trumpet sleeves with elastication at the shoulders. Partly lined in jersey.",Dresses/Skirts girls,1014,All over pattern,1010001,I,Baby/Children,4,Children Sizes 134-170,2,Blue,3,Light,Camille chiffon blouse,821213,Garment Upper body,Blouse,258,Young Girl,77
821508001,6,Light Grey,Skirt,1414,Short pencil skirt in woven fabric with a high waist and a concealed zip and slit at the back. Unlined.,Skirts,1012,Check,1010004,A,Ladieswear,1,Ladieswear,12,Grey,1,Dusty Light,Pen skirt,821508,Garment Lower body,Skirt,275,Womens Tailoring,11
821756003,61,Light Purple,Young Girl Jersey Fancy,8716,"Top in printed sweatshirt fabric made from a cotton blend with a round neckline, dropped shoulders and long sleeves. Ribbing around the neckline, cuffs and hem.",Jersey Fancy,1005,Front print,1010008,I,Baby/Children,4,Children Sizes 134-170,6,Lilac Purple,3,Light,DEAL KIMYE sweatshirt,821756,Garment Upper body,Sweater,252,Young Girl,77
822045001,73,Dark Blue,Kids Boy Big Acc,4212,"Set with a hat, gloves and scarf in a soft, fine knit. Double-layered hat with a small appliqué on the turned-up hem. Gloves with ribbed cuffs.",Accessories,1019,Colour blocking,1010005,J,Baby/Children,4,"Children Accessories, Swimwear",2,Blue,4,Dark,CITY SET 3PCS,822045,Garment Full body,Garment Set,270,Kids Outerwear,45
822206003,91,Light Green,Dress,1310,"Calf-length dress in an airy cotton weave with notch lapels, a V-shaped opening at the top, buttons down the front and a yoke with a pleat at the back. Flap chest pockets, elbow-length sleeves with narrow, buttoned cuffs, covered elastication at the waist and a flared skirt. Unlined.",Dresses Ladies,1013,Solid,1010016,A,Ladieswear,1,Ladieswear,19,Green,1,Dusty Light,Antalya shirt dress,822206,Garment Full body,Dress,265,Womens Casual,6
822354001,17,Yellowish Brown,Small Accessories,9986,Glasses with plastic frames and clear lenses.,Accessories,1019,Solid,1010016,F,Menswear,3,Menswear,13,Brown,2,Medium Dusty,Clearglasses Claudio,822354,Accessories,Sunglasses,81,Men Accessories,25
822718002,42,Red,Woven Tops,2033,"Tunic in a cotton weave with a collar, button placket and yoke with a pleat at the back. Long sleeves with buttoned cuffs, a detachable tie belt, and a rounded hem.",Blouses,1010,Check,1010004,A,Ladieswear,1,Ladieswear,18,Red,5,Bright,Annie shirt SEC,822718,Garment Upper body,Top,254,Mama,8
823034001,31,Light Orange,Jersey Basic,1676,"Strappy top and a pair of shorts in waffled jersey. Top with narrow shoulder straps and an overlocked hem. Shorts with a high, elasticated drawstring waist and overlocked edges at the waist and hems.",Jersey Basic,1002,Solid,1010016,A,Ladieswear,1,Ladieswear,3,Orange,1,Dusty Light,Waffle set,823034,Garment Upper body,Top,254,Womens Everyday Basics,16
823208003,52,Pink,Young Girl Knitwear,8718,"Long-sleeved jumper in fine-knit cotton with a sequin motif on the front, slits in the sides and ribbing around the neckline, cuffs and hem. Slightly longer at the back.",Knitwear,1003,Sequin,1010015,I,Baby/Children,4,Children Sizes 134-170,4,Pink,1,Dusty Light,ES BADGER FANCY,823208,Garment Upper body,Sweater,252,Young Girl,77
823399002,43,Dark Red,Kids Girl Jersey Basic,7920,Leggings in ribbed organic cotton jersey with an elasticated waist and a small embroidered detail at the top.,Jersey Basic,1002,Solid,1010016,H,Baby/Children,4,Children Sizes 92-140,18,Red,4,Dark,IDA rib leggings,823399,Garment Lower body,Leggings/Tights,273,Girls Underwear & Basics,79
823679001,61,Light Purple,Girls Small Acc/Bags,4313,Metal rings in various designs. Size adjustable.,Accessories,1019,Solid,1010016,J,Baby/Children,4,"Children Accessories, Swimwear",4,Pink,3,Light,Ringcard 3pk,823679,Accessories,Giftbox,161,"Kids Accessories, Swimwear & D",43
823889002,31,Light Orange,Young Girl UW/NW,7932,"Pyjama top and shorts in a soft, airy fine knit. Top with dropped shoulders, long sleeves and a small print motif above the hem. Shorts with covered elastication and a decorative satin bow at the waist.","Under-, Nightwear",1017,Solid,1010016,I,Baby/Children,4,Children Sizes 134-170,3,Orange,1,Dusty Light,FIONA PJ,823889,Nightwear,Pyjama set,297,Girls Underwear & Basics,79
824130001,71,Light Blue,Girls Small Acc/Bags,4313,"Sunglasses with plastic frames and tinted, UV-protective lenses.",Accessories,1019,Solid,1010016,J,Baby/Children,4,"Children Accessories, Swimwear",2,Blue,3,Light,Sunglasses Anna,824130,Accessories,Sunglasses,81,"Kids Accessories, Swimwear & D",43
824269001,7,Grey,Hair Accessories,4343,Thin metal Alice band decorated with shimmering plastic beads.,Accessories,1019,Solid,1010016,C,Ladieswear,1,Ladies Accessories,12,Grey,2,Medium Dusty,Mop bead aliceband,824269,Accessories,Hair/alice band,74,Womens Small accessories,66
824413003,4,Bronze/Copper,Young Girl Shoes,4321,"Sandals in imitation suede and imitation leather. Adjustable ankle strap with a metal buckle, imitation leather linings and insoles and fluted soles.",Shoes,1020,Solid,1010016,J,Baby/Children,4,"Children Accessories, Swimwear",15,Metal,2,Medium Dusty,Lana Sandal BG,824413,Shoes,Sandals,91,Kids & Baby Shoes,42
824502008,73,Dark Blue,Young Boy Jersey Fancy,8748,"T-shirt in soft, printed cotton jersey with a narrow trim around the neckline.",Jersey Fancy,1005,Front print,1010008,I,Baby/Children,4,Children Sizes 134-170,2,Blue,4,Dark,CORY casual s/s tee,824502,Garment Upper body,T-shirt,255,Young Boy,47
824685003,10,White,Kids Girl Jersey Fancy,7616,"Dress in soft jersey with a skirt in a double layer of tulle, the top layer with dangling, shimmering sequins (size 2-3Y with normal sequins). Glittery print motif on the front. Lined skirt.",Jersey Fancy,1005,Sequin,1010015,H,Baby/Children,4,Children Sizes 92-140,9,White,3,Light,Darcy dress,824685,Garment Full body,Dress,265,Kids Girl,76
824835001,11,Off White,Trouser,1722,"Ankle-length boiler suit in narrow-wale cotton corduroy with a collar and buttons at the top. Zip fly, a seam with a detachable tie belt at the waist, and long sleeves with buttoned cuffs. Flap chest pockets, side pockets and fake welt back pockets. Straight, gently tapered legs. Unlined.",Trousers,1009,Solid,1010016,A,Ladieswear,1,Ladieswear,9,White,1,Dusty Light,Austen Cord Jumpsuit,824835,Garment Full body,Jumpsuit/Playsuit,267,Womens Everyday Collection,15
825009001,73,Dark Blue,Jersey,1660,"Short, straight-cut dress in soft cotton jersey with 3/4-length sleeves.",Jersey Fancy,1005,Stripe,1010017,A,Ladieswear,1,Ladieswear,2,Blue,4,Dark,KORA DRESS,825009,Garment Full body,Dress,265,Womens Casual,6
825165003,73,Dark Blue,Young Girl Dresses,8713,"Calf-length jumpsuit in an airy, patterned viscose weave with an opening and button at the back of the neck and short, flounce-trimmed sleeves. Narrow, elasticated seam and a sewn-on tie belt at the waist, diagonal side pockets and straight legs.",Dresses/Skirts girls,1014,All over pattern,1010001,I,Baby/Children,4,Children Sizes 134-170,2,Blue,4,Dark,Knotty jumpsuit,825165,Garment Full body,Jumpsuit/Playsuit,267,Young Girl,77
825430001,42,Red,Kids Girl Knitwear,7618,"Long-sleeved jumper in a soft, fine knit with decorative sequins at the front of the neckline.",Knitwear,1003,Sequin,1010015,H,Baby/Children,4,Children Sizes 92-140,18,Red,7,Medium,SHIMMER price,825430,Garment Upper body,Sweater,252,Kids Girl,76
825600001,73,Dark Blue,Jersey,1660,"Short, A-line dress in soft, slub cotton jersey with a narrow trim around the neckline. Dropped shoulders, short sleeves with a flounced trim, and a seam with a wide flounce at the hem.",Jersey Fancy,1005,Stripe,1010017,A,Ladieswear,1,Ladieswear,2,Blue,4,Dark,CITRINE DRESS,825600,Garment Full body,Dress,265,Womens Casual,6
825720005,52,Pink,Basic 1,1643,"Cropped, boxy-style T-shirt in soft cotton jersey with dropped shoulders and ribbing around the neckline.",Jersey Basic,1002,Solid,1010016,D,Divided,2,Divided,4,Pink,7,Medium,Fidde tee,825720,Garment Upper body,T-shirt,255,Divided Basics,51
825811001,71,Light Blue,Shorts,1745,"5-pocket shorts in washed denim with a high waist, zip fly and button and slightly wider legs.",Shorts,1025,Denim,1010023,D,Divided,2,Divided,2,Blue,3,Light,Inez HW Loose Denim Shorts,825811,Garment Lower body,Shorts,274,Divided Collection,53
826140002,9,Black,Trouser,5656,"Cargo joggers in a linen and cotton weave with an elasticated, drawstring waist and fake fly. Side and back pockets, flap leg pockets with press-studs, and legs with covered elastication at the hems.",Trousers,1009,Solid,1010016,F,Menswear,3,Menswear,5,Black,4,Dark,Michael leg pkt linen,826140,Garment Lower body,Trousers,272,Contemporary Casual,21
826218003,9,Black,Tops Fancy Jersey,1640,"Fitted top in airy, stretch fabric with a round neckline and long sleeves.",Jersey Fancy,1005,All over pattern,1010001,D,Divided,2,Divided,5,Black,4,Dark,Snipe LS,826218,Garment Upper body,Top,254,Divided Collection,53
826582001,10,White,Tops Fancy Jersey,1640,"Fitted, long-sleeved top in ribbed jersey with a slightly wider neckline, press-studs at the top and fake flap pockets with decorative buttons.",Jersey Fancy,1005,Solid,1010016,D,Divided,2,Divided,9,White,3,Light,John LS fast buy,826582,Garment Upper body,Sweater,252,Divided Collection,53
826811001,15,Greyish Beige,Take Care External,3080,"Short, relaxed-fit shorts in softly draping silk with covered elastication at the waist and rounded hems with lace sections at the sides.",Unknown,1001,Solid,1010016,A,Ladieswear,1,Ladieswear,1,Mole,2,Medium Dusty,D1 PE RONSTAD SHORTS,826811,Garment Lower body,Shorts,274,Collaborations,97
827247002,11,Off White,Baby Girl Jersey Fancy,6525,"Set with a top, pair of leggings and a hairband in soft cotton. Longer top in sweatshirt fabric with press-studs on one shoulder, dropped shoulders, long sleeves and a ribbed hem. Soft brushed inside. Leggings in soft jersey with an elasticated waist. Hairband in jersey with a knot detail at the front.",Jersey Fancy,1005,All over pattern,1010001,G,Baby/Children,4,Baby Sizes 50-98,9,White,1,Dusty Light,Grayham set.,827247,Garment Full body,Garment Set,270,Baby Girl,40
827411006,93,Dark Green,Swimwear,4242,"Fully lined, waist-high bikini bottoms with gathered seams in the sides for a gentle draped effect and a high cut at the back.",Swimwear,1018,Solid,1010016,B,Ladieswear,1,Lingeries/Tights,19,Green,2,Medium Dusty,Chubba Chubb Highwaist brazili,827411,Swimwear,Swimwear bottom,59,"Womens Swimwear, beachwear",60
827687001,9,Black,Trousers,1747,"Ankle-length trousers in soft, airy viscose twill with a high, elasticated, drawstring waist, patch front pockets and elasticated hems.",Trousers,1009,Solid,1010016,D,Divided,2,Divided,5,Black,4,Dark,Sunset HW Pull-on Woven Trs,827687,Garment Lower body,Trousers,272,Divided Collection,53
827959001,10,White,Projects Woven Tops,1545,Blouse in a plumeti viscose weave with a collar and buttons down the front. Long sleeves with buttoned cuffs and a seam and flounce at the hem.,Blouses,1010,Solid,1010016,D,Divided,2,Divided,9,White,3,Light,Regina Frill Shirt,827959,Garment Upper body,Blouse,258,Divided Projects,50
828268004,9,Black,Jersey,1666,"Knee-length dress in sturdy jersey with a V-neck, sewn-in wrapover at the front with pleats at the top, and 3/4-length sleeves with a slit at the cuffs. Seam at the waist with a decorative metal buckle, a concealed zip in one side and a slit at the back.",Jersey Fancy,1005,Solid,1010016,A,Ladieswear,1,Ladieswear,5,Black,4,Dark,Oui dress(1),828268,Garment Full body,Dress,265,Womens Tailoring,11
828635002,11,Off White,Hair Accessories,4343,Large hair clips in metal decorated with glass beads. Length 9 cm.,Accessories,1019,Transparent,1010019,C,Ladieswear,1,Ladies Accessories,9,White,1,Dusty Light,2P Triangle Bead Click Clack,828635,Accessories,Hair clip,72,Womens Small accessories,66
828912002,13,Beige,Knitwear,1610,"Straight-style, calf-length dress in a soft knit containing some wool with dropped shoulders, long sleeves and a detachable tie belt at the waist. Ribbing around the neckline, cuffs and hem, and slits in the sides.",Knitwear,1003,Melange,1010010,A,Ladieswear,1,Ladieswear,11,Beige,1,Dusty Light,Monza dress,828912,Garment Upper body,Top,254,Womens Casual,6
829045003,13,Beige,Dresses,1344,"Short, fitted dress in ribbed jersey with a square neckline at the front, a deep neckline at the back and short sleeves.",Dresses Ladies,1013,Solid,1010016,D,Divided,2,Divided,11,Beige,1,Dusty Light,Tina dress,829045,Garment Full body,Dress,265,Divided Collection,53
829302008,6,Light Grey,Jersey fancy,1636,Top in a relaxed fit with long dolman sleeves.,Jersey Fancy,1005,Melange,1010010,A,Ladieswear,1,Ladieswear,12,Grey,1,Dusty Light,Pingu spring,829302,Garment Upper body,Sweater,252,Womens Everyday Collection,15
829611002,71,Light Blue,Girls Small Acc/Bags,4313,Narrow Alice bands in shimmering plastic with cat ears on top.,Accessories,1019,Solid,1010016,J,Baby/Children,4,"Children Accessories, Swimwear",2,Blue,3,Light,A-band 2pk plastic fun,829611,Accessories,Hair/alice band,74,"Kids Accessories, Swimwear & D",43
829883004,7,Grey,Kids Boy Jersey Basic,7668,"Vest tops in soft, ribbed organic cotton jersey with ribbing around the neckline and armholes.",Jersey Basic,1002,Melange,1010010,H,Baby/Children,4,Children Sizes 92-140,12,Grey,1,Dusty Light,TP Torkel 2-pack tanktop,829883,Garment Upper body,Vest top,253,Boys Underwear & Basics,72
830207002,51,Light Pink,Baby Girl Jersey Fancy,6525,"Leggings in soft, ribbed cotton jersey with elastication and a decorative bow at the waist.",Jersey Fancy,1005,Solid,1010016,G,Baby/Children,4,Baby Sizes 50-98,4,Pink,1,Dusty Light,Paris 2pk leggings,830207,Garment Lower body,Leggings/Tights,273,Baby Girl,40
830725001,51,Light Pink,Kids Dress-up/Football,4314,Dance dress in glossy jersey with decorative gathers at the top and narrow shoulder straps that cross at the back. Seam at the waist with a glittery elastic waistband and a skirt in layers of glittery tulle. Lined gusset.,Accessories,1019,Solid,1010016,J,Baby/Children,4,"Children Accessories, Swimwear",4,Pink,1,Dusty Light,ESTELLE dancedress,830725,Garment Full body,Dress,265,"Kids Accessories, Swimwear & D",43
830955001,93,Dark Green,Dress,1322,"Calf-length dress in airy, patterned chiffon with an opening at the top and frilled collar with ties at the front. Long, raglan balloon sleeves with elastication and a small frill trim at the cuffs, and a gathered seam at the waist and hem. Jersey lining.",Dresses Ladies,1013,All over pattern,1010001,A,Ladieswear,1,Ladieswear,19,Green,5,Bright,Rio long,830955,Garment Full body,Dress,265,Womens Everyday Collection,15
831267001,72,Blue,Dresses,1344,"Short, gently fitted dress in washed, stretch denim with a V-neck and buttons down the front.",Dresses Ladies,1013,Denim,1010023,D,Divided,2,Divided,2,Blue,2,Medium Dusty,New Newcastle dress,831267,Garment Full body,Dress,265,Divided Collection,53
831447001,73,Dark Blue,Newborn,6564,"Soft, organic cotton jersey shorts in various designs.",Jersey Fancy,1005,All over pattern,1010001,G,Baby/Children,4,Baby Sizes 50-98,2,Blue,2,Medium Dusty,ALGOT 3-p shorts,831447,Garment Lower body,Shorts,274,Baby Essentials & Complements,44
831684001,12,Light Beige,Outwear,1201,"Trenchcoat in soft, stretch imitation suede with a small stand-up collar, soft lapels and fixed shoulder tabs. Loose yoke front and back, side pockets and a detachable tie belt at the waist. No fasteners. Unlined.",Outdoor,1007,Solid,1010016,A,Ladieswear,1,Ladieswear,11,Beige,1,Dusty Light,Charmaine Trench,831684,Garment Upper body,Jacket,262,Womens Jackets,19
831951004,42,Red,Scarves,3409,Scarf in a soft weave with fringes along the short sides.,Accessories,1019,Solid,1010016,C,Ladieswear,1,Ladies Accessories,18,Red,7,Medium,CNY Amsterdam Scarf,831951,Accessories,Scarf,80,Womens Big accessories,65
832253001,12,Light Beige,Trouser,1722,"Ankle-length cigarette trousers in a linen and viscose weave with a regular waist, hook-and-eye fastener and zip fly. Side pockets, fake welt back pockets and tapered legs with creases.",Trousers,1009,Solid,1010016,A,Ladieswear,1,Ladieswear,11,Beige,2,Medium Dusty,Eliza linen slack,832253,Garment Lower body,Trousers,272,Womens Everyday Collection,15
832359001,10,White,Jersey fancy,1636,"Fitted top in viscose jersey with decorative buttons at the front, a low neckline and short sleeves.",Jersey Fancy,1005,Solid,1010016,A,Ladieswear,1,Ladieswear,9,White,3,Light,Simone,832359,Garment Upper body,Top,254,Womens Everyday Collection,15
832475002,51,Light Pink,Jersey fancy,1636,"Knee-length dress in mesh with a square neckline, horizontal ties at the back of the neck and short puff sleeves with narrow elastication at the hems. Relaxed fit with gathered seams under the bust and on the skirt creating tiers for added width. Partly lined.",Jersey Fancy,1005,All over pattern,1010001,A,Ladieswear,1,Ladieswear,4,Pink,1,Dusty Light,Maryam dress,832475,Garment Full body,Dress,265,Womens Everyday Collection,15
832744001,73,Dark Blue,Kids Boy Jersey Fancy,7648,Long-sleeved top in soft cotton jersey with a print motif and chest pocket with an interactive detail. Ribbing around the neckline.,Jersey Fancy,1005,Placement print,1010014,H,Baby/Children,4,Children Sizes 92-140,2,Blue,4,Dark,ANDREW FANCY L/S,832744,Garment Upper body,T-shirt,255,Kids Boy,46
832930001,73,Dark Blue,Jersey,2032,Nursing top in soft jersey made from a modal and cotton blend with a round neckline and short sleeves with sewn-in turn-ups. Wrapover front and a practical inner top for easier nursing access.,Jersey Fancy,1005,Solid,1010016,A,Ladieswear,1,Ladieswear,2,Blue,4,Dark,Ines t-shirt (J),832930,Garment Upper body,T-shirt,255,Mama,8
833335002,72,Blue,Kids Girl Denim,7917,"Shorts in washed, superstretch, flexible denim for maximum mobility. Adjustable, elasticated waist, zip fly and button, fake front pockets, real back pockets and sewn-in turn-ups at the hems. The cotton content of the shorts is partly recycled.",Trousers Denim,1016,Denim,1010023,H,Baby/Children,4,Children Sizes 92-140,2,Blue,2,Medium Dusty,SHORTS LONG,833335,Garment Lower body,Shorts,274,Kids Girl,76
833514002,81,Light Turquoise,Young Girl Swimwear,4320,"Fully lined bikini with a shimmering metallic pattern. Halterneck top with narrow, adjustable shoulder straps, a decorative, shimmering gold-coloured plastic ring at the front and a plastic fastener at the back. Bottoms with a decorative, shimmering gold-coloured plastic ring at each side.",Swimwear,1018,All over pattern,1010001,J,Baby/Children,4,"Children Accessories, Swimwear",7,Turquoise,3,Light,MOA FOIL bikini,833514,Swimwear,Swimwear set,299,"Kids Accessories, Swimwear & D",43
833989001,5,Gold,Jewellery,4344,Metal hoop earrings in various sizes and designs. Length from 1 cm to 3.5 cm.,Accessories,1019,Solid,1010016,C,Ladieswear,1,Ladies Accessories,15,Metal,5,Bright,Flirty Supper hoop pk,833989,Accessories,Earring,70,Womens Small accessories,66
834208002,51,Light Pink,Baby Girl Woven,6555,Set with a dress and sun hat in an airy cotton weave. Dress with buttons at the back and shoulder straps with a decorative tie detail. Integral bodysuit with elastication around the legs and press-studs at the crotch. Lined at the top. Sun hat with ties under the chin. Lined.,Woven/Jersey/Knitted mix Baby,1006,All over pattern,1010001,G,Baby/Children,4,Baby Sizes 50-98,4,Pink,1,Dusty Light,Samosa set,834208,Garment Full body,Garment Set,270,Baby Girl,40
834387003,12,Light Beige,Baby Toys/Acc,2950,"Hat in soft, fine-knit cotton. Ribbed turn-up at the hem with a small appliqué on the front.",Accessories,1019,Stripe,1010017,G,Baby/Children,4,Baby Sizes 50-98,11,Beige,1,Dusty Light,Pontus beanie,834387,Accessories,Hat/beanie,75,Baby Essentials & Complements,44
834652002,71,Light Blue,Baby Boy Woven,6565,"Set with a short-sleeved shirt and pair of shorts in a cotton weave and a belt in a sturdy weave. Shirt with a collar, buttons down the front and a gently rounded hem. Shorts with an adjustable, elasticated waist, fake fly and button and fake pockets. Belt with a metal buckle and imitation leather details.",Woven/Jersey/Knitted mix Baby,1006,Stripe,1010017,G,Baby/Children,4,Baby Sizes 50-98,2,Blue,3,Light,Andrew 3PCS set,834652,Garment Full body,Garment Set,270,Baby Boy,41
834905006,7,Grey,Casual Lingerie,1334,"Hipster briefs in cotton jersey with lace trims, a low waist, lined gusset and cutaway coverage at the back.","Under-, Nightwear",1017,Melange,1010010,B,Ladieswear,1,Lingeries/Tights,12,Grey,1,Dusty Light,Spice Girl Ctn Hipster (Peoni),834905,Underwear,Underwear bottom,286,Womens Lingerie,61
835044007,12,Light Beige,Jersey,1641,"Long, circular skirt in a double layer of tulle for movement and width. Regular waist with wide, covered elastication, a small frill trim at the top, and a raw-edge hem. Jersey lining.",Jersey Fancy,1005,All over pattern,1010001,A,Ladieswear,1,Ladieswear,11,Beige,1,Dusty Light,Marshmallow tulle skirt,835044,Garment Lower body,Skirt,275,Womens Trend,18
835296002,3,Silver,Bags,3209,"Small, two-section bag in grained imitation leather with zips and a magnetic fastener at the top and a narrow shoulder strap with a chain fastening. Lined. Size 4.5x9x17 cm.",Accessories,1019,Solid,1010016,C,Ladieswear,1,Ladies Accessories,15,Metal,3,Light,Matteo cross bag,835296,Accessories,Bag,66,Womens Big accessories,65
835552001,3,Silver,Small Accessories,9986,"Metal rings in various designs, one with a faceted plastic bead.",Accessories,1019,Solid,1010016,F,Menswear,3,Menswear,15,Metal,3,Light,Ring Pack Billy,835552,Accessories,Ring,79,Men Accessories,25
835704002,10,White,Expressive Lingerie,1338,"Soft, non-wired bra in lace with mesh-lined cups that give the bust a natural shape and light support. Adjustable shoulder straps, a hook-and-eye fastening at the back and a wide lace trim at the hem.","Under-, Nightwear",1017,Solid,1010016,B,Ladieswear,1,Lingeries/Tights,9,White,3,Light,Venice unpadded softbra,835704,Underwear,Bra,306,Womens Lingerie,61
836009003,43,Dark Red,Jersey,1660,"Fitted top in soft, ribbed jersey with a V-neck, button placket and long sleeves.",Jersey Fancy,1005,Solid,1010016,A,Ladieswear,1,Ladieswear,18,Red,4,Dark,SPARROW LS RIB TOP,836009,Garment Upper body,Top,254,Womens Casual,6
836284001,9,Black,Jersey,1660,Fitted top in ribbed jersey made from a cotton and modal blend with a rib-trimmed neckline and short puff sleeves with a ribbed trim.,Jersey Fancy,1005,Solid,1010016,A,Ladieswear,1,Ladieswear,5,Black,4,Dark,GOLDY PUFF TEE,836284,Garment Upper body,T-shirt,255,Womens Casual,6
836605002,17,Yellowish Brown,Scarves,3409,Linen scarf with raw edges and short fringe trims on the short sides.,Accessories,1019,Solid,1010016,C,Ladieswear,1,Ladies Accessories,13,Brown,4,Dark,Lina Linen scarf,836605,Accessories,Scarf,80,Womens Big accessories,65
836997014,73,Dark Blue,Light Basic Jersey,5832,"T-shirt in soft jersey made from a cotton blend with a round, ribbed neckline.",Jersey Basic,1002,Stripe,1010017,F,Menswear,3,Menswear,2,Blue,4,Dark,RONNY FANCY,836997,Garment Upper body,T-shirt,255,Men Underwear,26
837306006,9,Black,Trouser,1722,"Soft cotton twill trousers in a relaxed fit. High, frill-trimmed paper bag waist with covered elastication, a zip fly and press-studs, side and back pockets, and tapered legs.",Trousers,1009,Solid,1010016,A,Ladieswear,1,Ladieswear,5,Black,4,Dark,Mirella HW,837306,Garment Lower body,Trousers,272,Womens Everyday Collection,15
837680007,62,Purple,Jersey,2032,Long-sleeved tops in stretch organic cotton jersey with a wide neckline and gathers at the sides for best fit over the tummy.,Jersey Fancy,1005,Melange,1010010,A,Ladieswear,1,Ladieswear,6,Lilac Purple,2,Medium Dusty,Frugan 2-pack,837680,Garment Upper body,Top,254,Mama,8
837956001,51,Light Pink,Girls Small Acc/Bags,4313,"Sunglasses with plastic frames that have decorative cat ears on top and tinted, UV-protective lenses.",Accessories,1019,Solid,1010016,J,Baby/Children,4,"Children Accessories, Swimwear",4,Pink,3,Light,Sunglasses Cathy,837956,Accessories,Sunglasses,81,"Kids Accessories, Swimwear & D",43
838248003,51,Light Pink,Baby Girl Jersey Fancy,6525,"Long-sleeved dress in cotton jersey with a small opening and button at the back of the neck, frills at the top, a seam at the top and a flared skirt.",Jersey Fancy,1005,All over pattern,1010001,G,Baby/Children,4,Baby Sizes 50-98,4,Pink,1,Dusty Light,Evelina l/s dress,838248,Garment Full body,Dress,265,Baby Girl,40
838712001,12,Light Beige,Woven Premium,1912,"Fitted blouse in silk with a collar and buttons down the front. Long sleeves, wide, buttoned cuffs with a high slit, and a gently rounded hem.",Unknown,1001,Solid,1010016,A,Ladieswear,1,Ladieswear,11,Beige,1,Dusty Light,PQ ELLIE SILK BLOUSE,838712,Garment Upper body,Shirt,259,Womens Premium,14
838800002,51,Light Pink,Baby Toys/Acc,2950,"Cap in an airy cotton weave with a decorative bow on one side, sweatband inside and covered elastication at the back. Lined.",Accessories,1019,Solid,1010016,G,Baby/Children,4,Baby Sizes 50-98,4,Pink,1,Dusty Light,Rita p-cap,838800,Accessories,Cap/peaked,69,Baby Essentials & Complements,44
839074001,90,Other Green,Blouse & Dress,1941,"Blouse in a cupro and viscose weave with a sheen. Stand-up collar, an opening with covered buttons at the back of the neck, long puff sleeves and wide cuffs with covered buttons.",Blouses,1010,Solid,1010016,A,Ladieswear,1,Ladieswear,19,Green,3,Light,Rocketman Shelltop,839074,Garment Upper body,Blouse,258,Womens Trend,18
839306004,21,Light Yellow,Tops Knitwear,1647,"Knitted top with a deep V-neck front and back and narrow, tie-top shoulder straps.",Knitwear,1003,Solid,1010016,D,Divided,2,Divided,8,Yellow,3,Light,Base Knot Tank,839306,Garment Upper body,Vest top,253,Divided Collection,53
839496002,9,Black,Jersey fancy,1636,Fitted top in jersey with a low-cut back and long sleeves.,Jersey Fancy,1005,Solid,1010016,A,Ladieswear,1,Ladieswear,5,Black,4,Dark,Disa,839496,Garment Upper body,Top,254,Womens Everyday Collection,15
839824002,73,Dark Blue,Woven top,1909,Short V-neck dress in a crêpe weave with double-layered flutter sleeves that fall in soft pleats over the shoulders. Elasticated seam at the waist with narrow ties at the sides. Lined.,Blouses,1010,All over pattern,1010001,A,Ladieswear,1,Ladieswear,2,Blue,2,Medium Dusty,MC Malena dress,839824,Garment Full body,Dress,265,H&M+,2
840033001,10,White,Baby Girl Jersey Fancy,6525,"Top in soft cotton jersey with a concealed press-stud on one shoulder (except in sizes 1½-4Y), a narrow trim around the neckline and flutter sleeves with overlocked edges.",Jersey Fancy,1005,Other pattern,1010013,G,Baby/Children,4,Baby Sizes 50-98,9,White,3,Light,Ellie tee,840033,Garment Upper body,Vest top,253,Baby Girl,40
840350002,61,Light Purple,Basic 1,1643,Body in soft cotton jersey with narrow shoulder straps and press-studs at the crotch.,Jersey Basic,1002,Solid,1010016,D,Divided,2,Divided,6,Lilac Purple,3,Light,US springbreak Agnes body,840350,Garment Upper body,Top,254,Divided Basics,51
840506015,43,Dark Red,Kids Girl Jersey Basic,7920,Zip-through hoodie in sweatshirt fabric with a soft brushed inside. Zip down the front and ribbing at the cuffs and hem. The cotton content of the hoodie is organic.,Jersey Basic,1002,Colour blocking,1010005,H,Baby/Children,4,Children Sizes 92-140,18,Red,4,Dark,MOLLY FANCY hood (TVP),840506,Garment Upper body,Hoodie,308,Girls Underwear & Basics,79
840628002,73,Dark Blue,Kids Boy Trouser,7656,"Slim-fit suit trousers in twill with an adjustable, elasticated waist, and zip fly with a button. Side pockets, fake back pockets with a button and legs with creases. The polyester content of the trousers is recycled.",Trousers,1009,Solid,1010016,H,Baby/Children,4,Children Sizes 92-140,2,Blue,4,Dark,Basting WD Slim Fit conscious,840628,Garment Lower body,Trousers,272,Kids Boy,46
840971001,72,Blue,Kids Girl Denim,7917,"Slim-fit dungarees in stretch denim. Flounce-trimmed top, adjustable straps with metal fasteners, a press-stud at the sides and front and back pockets. The cotton content of the dungarees is partly recycled.",Trousers Denim,1016,Denim,1010023,H,Baby/Children,4,Children Sizes 92-140,2,Blue,2,Medium Dusty,DUNGAREE LL 79,840971,Garment Full body,Dungarees,268,Kids Girl,76
841260008,10,White,Jersey fancy,1636,"T-shirt in soft jersey with a round neckline with a narrow, ribbed trim.",Jersey Fancy,1005,Front print,1010008,A,Ladieswear,1,Ladieswear,9,White,3,Light,Jen tee,841260,Garment Upper body,T-shirt,255,Womens Everyday Collection,15
841544009,22,Yellow,Baby Boy Jersey Fancy,6545,"Joggers in soft cotton sweatshirt fabric with an elasticated, drawstring waist, pockets and ribbed hems.",Jersey Fancy,1005,Slub,1010025,G,Baby/Children,4,Baby Sizes 50-98,8,Yellow,2,Medium Dusty,TORSTEN TROUSER TVP,841544,Garment Lower body,Trousers,272,Baby Boy,41
841808002,9,Black,Shirt S&T,8617,"Shirt in a stretch weave made from a cotton blend with a collar and classic front. Long sleeves with adjustable buttoning at the cuffs, and a gently rounded hem. Slim Fit – a fit with narrow shoulders and a tapered waist for a fitted silhouette.",Shirts,1011,Solid,1010016,F,Menswear,3,Menswear,5,Black,4,Dark,CA Hector Slim fit stretch TVP,841808,Garment Upper body,Shirt,259,Men Suits & Tailoring,23
842008001,10,White,Newborn,6564,"Romper suit in soft, organic cotton piqué with a ribbed collar, button placket and short sleeves with ribbed trims. Seam at the hips with a contrasting colour lower section that has press-studs at the crotch.",Jersey Fancy,1005,Solid,1010016,G,Baby/Children,4,Baby Sizes 50-98,9,White,3,Light,RAY pique overall,842008,Garment Full body,Jumpsuit/Playsuit,267,Baby Essentials & Complements,44
842165004,19,Greenish Khaki,Trouser,1710,"Trousers in woven fabric with a high, elasticated drawstring waist, side pockets, fake welt back pockets and tapered legs with elasticated hems.",Trousers,1009,Solid,1010016,A,Ladieswear,1,Ladieswear,20,Khaki green,1,Dusty Light,Summer Deluca,842165,Garment Lower body,Trousers,272,Womens Casual,6
842530001,33,Dark Orange,Kids Boy Exclusive,7857,"KIDS EXCLUSIVE. T-shirts in soft, organic cotton jersey with a button placket.",Unknown,1001,Solid,1010016,H,Baby/Children,4,Children Sizes 92-140,11,Beige,4,Dark,KIDS-Chilly ss Tee,842530,Garment Upper body,T-shirt,255,Kids Boy,46
842761002,9,Black,Light Basic Jersey,5832,"Long top in soft cotton jersey with ribbing around the neckline. Straight, relaxed fit with long sleeves and a curved hem.",Jersey Basic,1002,Solid,1010016,F,Menswear,3,Menswear,5,Black,4,Dark,TAZ REG LONG LS T-SHIRT,842761,Garment Upper body,T-shirt,255,Men Underwear,26
843225001,9,Black,Young Boy Shoes,4221,Mesh sandals that have adjustable straps with a hook and loop fastening over the foot and around the ankle. Moulded insoles and fluted soles.,Shoes,1020,Solid,1010016,J,Baby/Children,4,"Children Accessories, Swimwear",5,Black,4,Dark,Ian sandal BB,843225,Shoes,Sandals,91,Kids & Baby Shoes,42
843505001,3,Silver,Hair Accessories,4343,Narrow metal Alice band with faceted sparkly stones on top.,Accessories,1019,Glittering/Metallic,1010009,C,Ladieswear,1,Ladies Accessories,15,Metal,3,Light,Rhines aliceband,843505,Accessories,Hair clip,72,Womens Small accessories,66
843635003,7,Grey,Baby basics,6515,"Set with a top and trousers in soft organic cotton sweatshirt fabric. Top with long sleeves, a press-stud on one shoulder (except in sizes 1-4Y) and ribbing around the neckline, cuffs and hem. Trousers with an elasticated drawstring waist and ribbed hems.",Jersey Basic,1002,All over pattern,1010001,G,Baby/Children,4,Baby Sizes 50-98,12,Grey,1,Dusty Light,Sweatshirt set,843635,Garment Full body,Garment Set,270,Baby Essentials & Complements,44
843805002,52,Pink,Divided Swimwear,1645,"Lined, non-wired bikini top with a low-cut neckline front and back and wide shoulder straps. No fasteners.",Swimwear,1018,Solid,1010016,D,Divided,2,Divided,4,Pink,7,Medium,Havanna top new,843805,Swimwear,Bikini top,298,Divided Basics,51
843981001,12,Light Beige,Shoes,3629,"Trainers in imitation suede and mesh with lacing at the front, a lightly padded edge and tongue, and a loop at the back. Mesh linings and insoles and patterned soles.",Shoes,1020,Solid,1010016,F,Menswear,3,Menswear,11,Beige,1,Dusty Light,Honda Runner,843981,Shoes,Sneakers,94,Men Shoes,27
844135002,92,Green,Projects Woven Bottoms,1743,"Pleated, calf-length skirt in a crêpe weave with covered elastication at the waist and a button band with decorative buttons down the front. Gently flared with an overlocked hem. Unlined.",Trousers,1009,Solid,1010016,D,Divided,2,Divided,19,Green,1,Dusty Light,Banksy Midi Skirt,844135,Garment Lower body,Skirt,275,Divided Projects,50
844501001,13,Beige,Belts,3509,Wide waist belt in imitation suede with a round metal buckle. Width 6 cm.,Accessories,1019,Solid,1010016,C,Ladieswear,1,Ladies Accessories,1,Mole,2,Medium Dusty,Mona waistbelt,844501,Accessories,Belt,67,Womens Big accessories,65
844917002,12,Light Beige,Kids Boy Knitwear,7658,"Long-sleeved jumper in soft, waffle-knit cotton with a zip-up chest pocket in contrasting colour woven fabric. Ribbing around the neckline, cuffs and hem.",Knitwear,1003,Other structure,1010026,H,Baby/Children,4,Children Sizes 92-140,9,White,1,Dusty Light,Keith sweater,844917,Garment Upper body,Sweater,252,Kids Boy,46
845031002,10,White,Jersey,1660,"Top in soft jersey made from a linen and viscose blend with a V-neck, short sleeves and ties at the front of the hem.",Jersey Fancy,1005,Solid,1010016,A,Ladieswear,1,Ladieswear,9,White,3,Light,SUMMER TÄBY,845031,Garment Upper body,T-shirt,255,Womens Casual,6
845282001,51,Light Pink,Knitwear,1616,"Long-sleeved cardigan in a fine-knit viscose blend with a sheen. V-neck, pearly buttons down the front and wide ribbing at the cuffs and hem.",Knitwear,1003,Solid,1010016,A,Ladieswear,1,Ladieswear,4,Pink,1,Dusty Light,Citroen Cardigan,845282,Garment Upper body,Cardigan,245,Womens Tailoring,11
845610006,9,Black,Dresses,1344,"Short dress in a viscose weave with a visible seam centre back, long sleeves with a zip at the cuffs, and a rounded hem.",Dresses Ladies,1013,Solid,1010016,D,Divided,2,Divided,5,Black,4,Dark,DIONNE DRESS,845610,Garment Full body,Dress,265,Divided Collection,53
845925001,5,Gold,Girls Small Acc/Bags,4313,"Glittery hair set with two hair clips and four hair elastics. Hair clips in metal with a butterfly detail. Length 5 cm. Hair elastics without metal clips, two with a butterfly detail.",Accessories,1019,Solid,1010016,J,Baby/Children,4,"Children Accessories, Swimwear",15,Metal,5,Bright,H-set glitter butterfly,845925,Accessories,Hair clip,72,"Kids Accessories, Swimwear & D",43
846229002,73,Dark Blue,Kids Boy Big Acc,4212,Set with a cap in soft cotton jersey and bucket hat in cotton twill. Cap with an embroidered motif on the front and adjustable plastic fastener at the back. Lined bucket hat with an all-over print.,Accessories,1019,All over pattern,1010001,J,Baby/Children,4,"Children Accessories, Swimwear",2,Blue,4,Dark,P-CAP BUCKET HAT 2-PACK,846229,Accessories,Cap/peaked,69,Kids Outerwear,45
846607001,9,Black,Young Boy Outdoor,8852,"Lightweight puffer jacket in a quilted weave with a detachable hood, zip down the front with a chin guard, and side pockets. Narrow elastication around the hood, cuffs and hem. Lined.",Outdoor,1007,Solid,1010016,I,Baby/Children,4,Children Sizes 134-170,5,Black,4,Dark,BB Olle insulation,846607,Garment Upper body,Jacket,262,Kids Outerwear,45
847130001,91,Light Green,Projects Woven Bottoms,1743,"Short shorts in textured jersey. High, frill-trimmed waist with covered elastication, and pockets in the side seams.",Trousers,1009,Solid,1010016,D,Divided,2,Divided,19,Green,1,Dusty Light,Celery Shorts,847130,Garment Lower body,Shorts,274,Divided Projects,50
848012001,15,Greyish Beige,Woven Tops,2033,"Parka in soft cotton twill with a double-layered, drawstring hood, stand-up collar and zip and wind flap with buttons down the front. Yoke front and back, long sleeves with adjustable buttoning at the cuffs, and patch front pockets with a flap and button. Drawstring under the bust and at the hem, and a single back vent. Recycled polyester lining.",Blouses,1010,Solid,1010016,A,Ladieswear,1,Ladieswear,1,Mole,2,Medium Dusty,Demi parka,848012,Garment Upper body,Jacket,262,Mama,8
848422003,12,Light Beige,Jersey fancy,1636,"Fitted, calf-length dress in sturdy jersey with a sheen. Round neck, a concealed zip at the back, an asymmetric seam under the bust and a skirt with a seam and flare to the hem. Lined.",Jersey Fancy,1005,Solid,1010016,A,Ladieswear,1,Ladieswear,11,Beige,1,Dusty Light,Mickey Dress,848422,Garment Full body,Dress,265,Womens Everyday Collection,15
848991001,5,Gold,Jewellery Extended,4345,Metal hoop earrings with pearly plastic beads. Length 4.5 cm.,Accessories,1019,Solid,1010016,C,Ladieswear,1,Ladies Accessories,15,Metal,5,Bright,Flirty Anna hoop,848991,Accessories,Earring,70,Womens Small accessories,66
849214012,73,Dark Blue,Shorts,5658,"Chino shorts in stretch cotton twill. Regular, elasticated waist with a concealed drawstring, zip fly and button, diagonal side pockets and jetted back pockets.",Shorts,1025,All over pattern,1010001,F,Menswear,3,Menswear,2,Blue,1,Dusty Light,Taylor,849214,Garment Lower body,Shorts,274,Contemporary Casual,21
849389002,92,Green,Baby Boy Jersey Fancy,6545,"Shorts in soft, printed cotton jersey with covered elastication and a drawstring at the waist, and side pockets.",Jersey Fancy,1005,All over pattern,1010001,G,Baby/Children,4,Baby Sizes 50-98,19,Green,2,Medium Dusty,Jimmy shorts 2P,849389,Garment Lower body,Shorts,274,Baby Boy,41
849605005,31,Light Orange,Baby Boy Jersey Fancy,6545,"Shorts in lightweight cotton sweatshirt fabric with an elasticated, drawstring waist, side pockets, a print motif and appliqués at the back, and sewn-in turn-ups at the hems.",Jersey Fancy,1005,Application/3D,1010002,G,Baby/Children,4,Baby Sizes 50-98,3,Orange,3,Light,FANCY CARLOS SHORTS,849605,Garment Lower body,Shorts,274,Baby Boy,41
849859001,9,Black,Expressive Lingerie,1338,"Soft, non-wired bra in lace with adjustable shoulder straps and cups with removable inserts that shape the bust and provide good support. No fasteners.","Under-, Nightwear",1017,Solid,1010016,B,Ladieswear,1,Lingeries/Tights,5,Black,4,Dark,Kendrick Padded Soft Bra,849859,Underwear,Bra,306,Womens Lingerie,61
850224001,9,Black,Outwear,1201,"Short jacket in imitation leather with elastication at the sides for a fitted silhouette and a zip down the front. Decorative seams at the front, back and on the sleeves. Lined. The jacket is PETA Approved Vegan-certified and meets PETA’s requirements for vegan products. This certification guarantees that the product is entirely free from materials and substances of animal origin.",Outdoor,1007,Solid,1010016,A,Ladieswear,1,Ladieswear,5,Black,4,Dark,MC Pointer pu.,850224,Garment Upper body,Jacket,262,Womens Jackets,19
850432004,14,Dark Beige,Denim shorts,5673,"Knee-length shorts in washed cotton denim with a regular waist, zip fly and button and straight legs. Large coin pocket, diagonal side pockets and back pockets. Hammer loop at the back of one leg and a double pocket at the back of the other leg.",Shorts,1025,Denim,1010023,F,Menswear,3,Menswear,1,Mole,2,Medium Dusty,Shorts Regular Carpenter,850432,Garment Lower body,Shorts,274,Denim Men,56
850732002,11,Off White,Projects Dresses,1343,Long-sleeved tunic in airy patterned chiffon with frills at the front and a small opening with a covered button at the front of the neck. Narrow elastication at the cuffs and a seam at the waist and hem for added width. V-necked underdress in jersey made from recycled polyester with adjustable shoulder straps.,Dresses Ladies,1013,All over pattern,1010001,D,Divided,2,Divided,9,White,1,Dusty Light,Slipper tunic,850732,Garment Full body,Dress,265,Divided Projects,50
850895001,93,Dark Green,Swimwear,4242,"Cropped, sleeveless top in a patterned viscose weave with a deep V-neck front and back, and a sewn-in wrapover at the front. Flounces at the top that continue over the shoulders, narrow ties at the back to keep the top in place, and wide ties at the hem.",Swimwear,1018,All over pattern,1010001,B,Ladieswear,1,Lingeries/Tights,19,Green,2,Medium Dusty,B Dark & Stormy Top,850895,Swimwear,Sarong,300,"Womens Swimwear, beachwear",60
851105004,21,Light Yellow,Young Girl Jersey Fancy,8716,Straight-cut T-shirt in soft cotton jersey with a motif on the front and narrow trim around the neckline.,Jersey Fancy,1005,Front print,1010008,I,Baby/Children,4,Children Sizes 134-170,8,Yellow,3,Light,Venice tee,851105,Garment Upper body,T-shirt,255,Young Girl,77
851374004,22,Yellow,Ladies Sport Bras,8316,"Sports bra in fast-drying functional fabric with a lined front, racer back and wide elastic hem. Medium support.",Jersey Fancy,1005,Solid,1010016,S,Sport,26,Sport,8,Yellow,5,Bright,Karin mid support bra,851374,Garment Upper body,Top,254,Ladies H&M Sport,5
851622001,50,Other Pink,Hair Accessories,4343,Satin-covered metal Alice band decorated with sparkly stones and imitation pearls.,Accessories,1019,Glittering/Metallic,1010009,C,Ladieswear,1,Ladies Accessories,4,Pink,3,Light,Sparkle aliceband,851622,Accessories,Hair/alice band,74,Womens Small accessories,66
851844001,50,Other Pink,Kids Girl Swimwear,4310,"Short-sleeved swim top with a motif, stand-up collar and seam with a flounce at the hem. UPF50.",Swimwear,1018,Front print,1010008,J,Baby/Children,4,"Children Accessories, Swimwear",4,Pink,5,Bright,JULIE UV top,851844,Swimwear,Swimwear top,60,"Kids Accessories, Swimwear & D",43
852092001,9,Black,Tops Woven,1543,"Blouse in satin with a square neckline, seam under the bust and pleated section at the front. Smocking at the back, and 3/4-length sleeves with elastication at the top and an elasticated seam, smocking and a frill trim at the cuffs. Lined front.",Blouses,1010,Solid,1010016,D,Divided,2,Divided,5,Black,4,Dark,SPEED 2 AVA BLOUSE,852092,Garment Upper body,Blouse,258,Divided Collection,53
852285001,10,White,Nightwear,3709,"Pyjama top and shorts in soft cotton jersey. Top with a text print on the front, dropped shoulders, short sleeves and short slits in the sides. Shorts with an elasticated, drawstring waist.","Under-, Nightwear",1017,Solid,1010016,B,Ladieswear,1,Lingeries/Tights,9,White,3,Light,Bonnie SL Set BRIDAL (J),852285,Nightwear,Pyjama set,297,"Womens Nightwear, Socks & Tigh",62
852442003,93,Dark Green,Nightwear,3709,Pyjamas with a shirt and bottoms in patterned satin. Double-breasted shirt with a shawl collar. Bottoms with an elasticated waist.,"Under-, Nightwear",1017,Dot,1010006,B,Ladieswear,1,Lingeries/Tights,19,Green,2,Medium Dusty,Elsie LL PJ Satin (W),852442,Nightwear,Pyjama set,297,"Womens Nightwear, Socks & Tigh",62
852598003,7,Grey,Casual Lingerie,1334,"Soft, non-wired bras in jersey with adjustable shoulder straps and lined cups with removable inserts that shape the bust and provide good support. Elasticated hem. No fasteners.","Under-, Nightwear",1017,Contrast,1010020,B,Ladieswear,1,Lingeries/Tights,12,Grey,1,Dusty Light,Baby J padded softbra,852598,Underwear,Bra,306,Womens Lingerie,61
852746003,6,Light Grey,Basic 1,1643,"Shorts in lightweight sweatshirt fabric with a high, elasticated drawstring waist and side pockets.",Jersey Basic,1002,Melange,1010010,D,Divided,2,Divided,12,Grey,1,Dusty Light,Kate HW shorts(1),852746,Garment Lower body,Shorts,274,Divided Basics,51
852910001,9,Black,Blouse & Dress,1941,"Wide shirt in an airy weave with glittery threads. Pointed collar, buttons down the front and a yoke at the front of the shoulders. Long sleeves with wide, buttoned cuffs, and a rounded hem. Longer at the back. Unlined.",Blouses,1010,Solid,1010016,A,Ladieswear,1,Ladieswear,5,Black,4,Dark,Glitz shirt,852910,Garment Upper body,Shirt,259,Womens Trend,18
853276001,19,Greenish Khaki,Jersey Fancy DS,5962,Fitted top in mesh with a round neckline and long sleeves.,Jersey Fancy,1005,All over pattern,1010001,D,Divided,2,Divided,20,Khaki green,1,Dusty Light,Snipe camo,853276,Garment Upper body,Top,254,Divided Selected,58
853504002,5,Gold,Sneakers,3828,Low platform trainers in cotton canvas with lacing at the top and a wide loop at the back. Cotton linings and insoles. Platform front approx. 2.5 cm. Platform back 5 cm.,Shoes,1020,Solid,1010016,C,Ladieswear,1,Ladies Accessories,15,Metal,5,Bright,Tua sneaker,853504,Shoes,Sneakers,94,Womens Shoes,64
853654004,71,Light Blue,Small Accessories,3946,Elastic scrunchies in soft velour.,Accessories,1019,Solid,1010016,D,Divided,2,Divided,6,Lilac Purple,1,Dusty Light,Daisy Scrunchie 2P NEW,853654,Accessories,Hair/alice band,74,Divided Accessories,52
853839001,92,Green,Dress,1313,"Knee-length chiffon dress with a round neckline and an opening with a button at the back of the neck. Long sleeves with gathers and covered elastication at the cuffs, and an elasticated waist. Partly lined in satin.",Dresses Ladies,1013,Solid,1010016,A,Ladieswear,1,Ladieswear,19,Green,1,Dusty Light,Marc dress,853839,Garment Full body,Dress,265,Womens Tailoring,11
854041001,31,Light Orange,Kids Girl Dresses,7613,"A-line dress in tulle with embroidered appliqués in the shape of pineapples. Narrow, elasticated shoulder straps and a gathered seam and flounce at the hem. Lined.",Dresses/Skirts girls,1014,Embroidery,1010007,H,Baby/Children,4,Children Sizes 92-140,3,Orange,1,Dusty Light,Birch Tulle Dress,854041,Garment Full body,Dress,265,Kids Girl,76
854262002,12,Light Beige,Swimwear,4242,"Fully lined bikini bottoms with a mid waist, decorative ring at the sides and medium coverage at the back.",Swimwear,1018,Solid,1010016,B,Ladieswear,1,Lingeries/Tights,11,Beige,1,Dusty Light,Tropic Like Its Hot Brief,854262,Swimwear,Swimwear bottom,59,"Womens Swimwear, beachwear",60
854602001,9,Black,Outdoor/Blazers,1244,"Longer-style, straight-cut jacket in stretch jersey with notch lapels, patch front pockets and no fasteners. Unlined.",Outdoor,1007,Solid,1010016,D,Divided,2,Divided,5,Black,4,Dark,Polka Jersey Blazer,854602,Garment Upper body,Blazer,264,Divided Collection,53
854733006,9,Black,Dress,1310,"Short, V-neck dress in a viscose weave with long sleeves and gathered, buttoned cuffs. Double layer at the top of the front, a gathered seam under the bust, and a rounded hem. Unlined.",Dresses Ladies,1013,Solid,1010016,A,Ladieswear,1,Ladieswear,5,Black,4,Dark,Dubai trapeze dress,854733,Garment Full body,Dress,265,Womens Casual,6
854885002,8,Dark Grey,Basic 1,1643,"Sleeveless, calf-length dress in soft cotton jersey with a round neckline. Straight cut with a slit in one side. Unlined.",Jersey Basic,1002,Solid,1010016,D,Divided,2,Divided,12,Grey,4,Dark,Susan tank dress,854885,Garment Full body,Dress,265,Divided Basics,51
855087002,50,Other Pink,Girls Small Acc/Bags,4313,Metal hair clips decorated with fabric butterflies. Length 3.5 cm.,Accessories,1019,Solid,1010016,J,Baby/Children,4,"Children Accessories, Swimwear",4,Pink,5,Bright,H-clip 4pk butterfly,855087,Accessories,Hair clip,72,"Kids Accessories, Swimwear & D",43
855255002,93,Dark Green,Kids Boy Jersey Basic,7668,Leggings in soft jersey made from a cotton blend with an elasticated waist. One pair with an all-over print. The cotton content of the leggings is organic.,Jersey Basic,1002,Mixed solid/pattern,1010012,H,Baby/Children,4,Children Sizes 92-140,19,Green,2,Medium Dusty,Matthew leggings SB 3-p,855255,Garment Lower body,Trousers,272,Boys Underwear & Basics,72
855673001,13,Beige,Skirt,1422,"Flared skirt woven in an airy viscose blend with visible buttons at the top, a small frill trim and covered elastication at the waist, and large front pockets. Unlined.",Skirts,1012,Solid,1010016,A,Ladieswear,1,Ladieswear,11,Beige,2,Medium Dusty,Monet,855673,Garment Lower body,Skirt,275,Womens Everyday Collection,15
855798003,21,Light Yellow,Baby Girl Jersey Fancy,6525,"Set with a top and pair of cycling shorts in soft, printed cotton jersey. Top with a press-stud on one shoulder (except in sizes 1½-4Y), short sleeves with sewn-in turn-ups and a seam with a wide flounce at the hem. Cycling shorts with an elasticated waist.",Jersey Fancy,1005,All over pattern,1010001,G,Baby/Children,4,Baby Sizes 50-98,8,Yellow,3,Light,Fiona set FO,855798,Garment Full body,Garment Set,270,Baby Girl,40
855989005,11,Off White,Baby Socks,6541,"Trainer socks in a soft, fine-knit cotton blend with elasticated tops.",Socks and Tights,1021,Solid,1010016,G,Baby/Children,4,Baby Sizes 50-98,9,White,1,Dusty Light,Shaftless solid 15-p,855989,Socks & Tights,Socks,302,Baby Essentials & Complements,44
856304001,71,Light Blue,Tops Knitwear,1647,"Cardigan in a soft rib knit with low dropped shoulders, long sleeves and a wrapover front with concealed ties at one side and a belt with D-rings at the other.",Knitwear,1003,Solid,1010016,D,Divided,2,Divided,2,Blue,1,Dusty Light,Hives Buckle Cardigan,856304,Garment Upper body,Cardigan,245,Divided Collection,53
856695001,73,Dark Blue,Kids Boy Trouser,7656,"Trousers in a cotton and linen weave with adjustable elastication and ties at the waist. Zip fly and button, side pockets and welt back pockets. Long legs with a tab and button.",Trousers,1009,Other structure,1010026,H,Baby/Children,4,Children Sizes 92-140,2,Blue,7,Medium,Dean roll up trs,856695,Garment Lower body,Trousers,272,Kids Boy,46
856923001,9,Black,Belts,3509,Belt in imitation leather with a metal buckle. Width 2 cm.,Accessories,1019,Solid,1010016,C,Ladieswear,1,Ladies Accessories,5,Black,4,Dark,Macarther waist,856923,Accessories,Belt,67,Womens Big accessories,65
857215001,9,Black,Baby Socks,6541,Fine-knit socks in a soft cotton blend with a fold-down shaft. Soft terry inside. Sizes 3-9 with anti-slip protectors.,Socks and Tights,1021,Solid,1010016,G,Baby/Children,4,Baby Sizes 50-98,5,Black,4,Dark,Terry solid 5PACK,857215,Socks & Tights,Socks,302,Baby Essentials & Complements,44
857354001,73,Dark Blue,Baby Boy Outdoor,6512,"Puffer jacket in a padded weave with a detachable hood, stand-up collar and zip down the front with a chin guard. Concealed elastication at the cuffs and hem. Lined. The polyester content of the jacket is recycled.",Outdoor,1007,Solid,1010016,G,Baby/Children,4,Baby Sizes 50-98,2,Blue,4,Dark,Zion,857354,Garment Upper body,Jacket,262,Baby Boy,41
857512005,51,Light Pink,Kids Girl Trouser,7617,"Pull-on shorts in stretch cotton twill with covered elastication at the waist, a fake fly and fake front pockets.",Trousers,1009,All over pattern,1010001,H,Baby/Children,4,Children Sizes 92-140,4,Pink,3,Light,Molko pull on shorts,857512,Garment Lower body,Shorts,274,Kids Girl,76
857716001,12,Light Beige,Jersey,2032,"Trousers in soft, patterned viscose jersey with side pockets, a low crotch and tapered legs. Wide, elasticated waistband for best fit over the tummy.",Jersey Fancy,1005,All over pattern,1010001,A,Ladieswear,1,Ladieswear,11,Beige,1,Dusty Light,Barza,857716,Garment Lower body,Trousers,272,Mama,8
857842007,7,Grey,Young Boy Jersey Basic,8768,"Joggers in lightweight sweatshirt fabric with a ribbed, elasticated, drawstring waist and side pockets. Gently tapered legs with contrasting colour stripes down the sides and ribbed hems. The cotton content of the joggers is organic.",Jersey Basic,1002,Colour blocking,1010005,I,Baby/Children,4,Children Sizes 134-170,12,Grey,1,Dusty Light,MILTON transitional trouser BB,857842,Garment Lower body,Trousers,272,Boys Underwear & Basics,72
858161001,12,Light Beige,Jersey,1660,"Fitted, sleeveless, calf-length dress in soft, ribbed jersey made from a cotton blend with high slits in the sides.",Jersey Fancy,1005,Solid,1010016,A,Ladieswear,1,Ladieswear,11,Beige,1,Dusty Light,SHELL DRESS,858161,Garment Full body,Dress,265,Womens Casual,6
858415002,93,Dark Green,Kids Boy Jersey Basic,7668,"Vest tops in soft, organic cotton jersey with a ribbed trim around the neckline and armholes.",Jersey Basic,1002,Stripe,1010017,H,Baby/Children,4,Children Sizes 92-140,19,Green,2,Medium Dusty,LIAM tank 2-pack,858415,Garment Upper body,Vest top,253,Boys Underwear & Basics,72
858783002,42,Red,Woven top,1909,"V-neck top in cool satin with lace at the top, spaghetti shoulder straps and a lace racer back with covered buttons.",Blouses,1010,Solid,1010016,A,Ladieswear,1,Ladieswear,18,Red,2,Medium Dusty,ED Lauren strap tank,858783,Garment Upper body,Top,254,H&M+,2
858983001,12,Light Beige,AK Dresses & Outdoor,5626,"Oversized boiler suit in a cotton crêpe weave with notch lapels, buttons at the top, dropped shoulders and short sleeves. Flap chest pockets, diagonal side pockets and an elasticated seam at the back of the waist. Fake fly, pleats at the front and straight, ankle-length legs.",Dresses Ladies,1013,Solid,1010016,D,Divided,2,Divided,11,Beige,1,Dusty Light,AK Maru jumpsuit,858983,Garment Full body,Jumpsuit/Playsuit,267,Divided Asia keys,70
859139001,10,White,Blouse,1522,"Shirt in airy linen with a turn-down collar, buttons down the front and a yoke with a pleat at the back. Open chest pocket, long sleeves with adjustable buttoning at the cuffs, and a rounded hem. Slightly longer at the back.",Blouses,1010,Solid,1010016,A,Ladieswear,1,Ladieswear,9,White,3,Light,Texas linen,859139,Garment Upper body,Shirt,259,Womens Everyday Collection,15
859236001,10,White,Swimwear,4242,"Fully lined bikini bottoms with a low waist, ties at the sides and medium coverage at the back.",Swimwear,1018,Other structure,1010026,B,Ladieswear,1,Lingeries/Tights,9,White,3,Light,Tropicana Tie Tanga,859236,Swimwear,Swimwear bottom,59,"Womens Swimwear, beachwear",60
859476004,9,Black,Young Girl Jersey Fancy,8716,Sleeveless top in ribbed cotton jersey with a round neckline and decorative buttons at the top.,Jersey Fancy,1005,Solid,1010016,I,Baby/Children,4,Children Sizes 134-170,5,Black,4,Dark,Wilma tank,859476,Garment Upper body,Vest top,253,Young Girl,77
859743006,51,Light Pink,Casual Lingerie,1334,"Brazilian briefs in lace with a V-shaped, mid waist, lined gusset and high cut at the back.","Under-, Nightwear",1017,Solid,1010016,B,Ladieswear,1,Lingeries/Tights,4,Pink,3,Light,Coachella brazilian 2p,859743,Underwear,Underwear bottom,286,Womens Lingerie,61
860039001,73,Dark Blue,Kids Boy Outdoor,7852,"Jacket in wind- and waterproof functional fabric. Detachable, fleece-lined hood with reflective details, a zip down the front with a chin guard, open side pockets, and narrow elastication at the cuffs and hem. Padded at the front and back.",Outdoor,1007,Solid,1010016,H,Baby/Children,4,Children Sizes 92-140,2,Blue,4,Dark,SB Julian Hybrid,860039,Garment Upper body,Jacket,262,Kids Outerwear,45
860295002,73,Dark Blue,Baby Boy Outdoor,6512,"Jacket in soft faux shearling with jersey trims, a stand-up collar and concealed zip with an imitation leather tab and a chin guard. Front pockets and long raglan sleeves. Rounded and slightly longer at the back. Unlined.",Outdoor,1007,Solid,1010016,G,Baby/Children,4,Baby Sizes 50-98,2,Blue,4,Dark,Lou pile jkt,860295,Garment Upper body,Jacket,262,Baby Boy,41
860480001,3,Silver,Projects Dresses,1343,"Long, V-neck dress in glittery jersey with narrow shoulder straps that cross and tie at the back. Low-cut back, a seam at the waist and a fitted skirt that flares at the hem. Jersey lining.",Dresses Ladies,1013,Solid,1010016,D,Divided,2,Divided,15,Metal,3,Light,OC Gaynor Dress,860480,Garment Full body,Dress,265,Divided Projects,50
860632001,9,Black,Young Girl Jersey Basic,7930,"Shorts in lightweight organic cotton sweatshirt fabric. Elasticated waistband with a drawstring, and diagonal side pockets.",Jersey Basic,1002,Solid,1010016,I,Baby/Children,4,Children Sizes 134-170,5,Black,4,Dark,Hailey  Shorts,860632,Garment Lower body,Shorts,274,Girls Underwear & Basics,79
860752002,8,Dark Grey,Young Boy Knitwear,8758,"Jumper in a soft cotton knit with dropped shoulders, long sleeves, a zipped chest pocket in woven fabric, and ribbing around the neckline, cuffs and hem.",Knitwear,1003,Solid,1010016,I,Baby/Children,4,Children Sizes 134-170,12,Grey,4,Dark,Keith crewneck TP,860752,Garment Upper body,Sweater,252,Young Boy,47
860898002,13,Beige,Conscious Exclusive,7020,"CONSCIOUS EXCLUSIVE. Fitted, one-shoulder top in satin made partly from recycled polyester and tulle in RENU™ polyester. Layers of large tulle flounces at the top and a tulle-covered bodice with a concealed zip in one side. RENU™ polyester is a high-quality polyester made from raw material recycled from used textiles.",Special Offers,1023,Solid,1010016,A,Ladieswear,1,Ladieswear,11,Beige,2,Medium Dusty,CE Molinard top,860898,Garment Upper body,Blouse,258,Special Collections,82
861095001,71,Light Blue,AK Bottoms,1744,"Short skirt in washed cotton denim. High waist with wide elastication at the back, a zip fly and button, and flap patch pockets at the sides.",Trousers,1009,Denim,1010023,D,Divided,2,Divided,2,Blue,3,Light,AK Tomo skirt HW,861095,Garment Lower body,Skirt,275,Divided Asia keys,70
861478001,9,Black,Swimwear,4242,"Fully lined, waist-high bikini bottoms with a drawstring at the sides and a high cut at the back.",Swimwear,1018,Solid,1010016,B,Ladieswear,1,Lingeries/Tights,5,Black,4,Dark,Clean Bandit Highwaist,861478,Swimwear,Swimwear bottom,59,"Womens Swimwear, beachwear",60
861670003,21,Light Yellow,Kids Girl Shoes,4311,Sandals in imitation leather with a strap over the foot and around the ankle with an adjustable hook and loop fastening. Imitation leather insoles and fluted soles.,Shoes,1020,Solid,1010016,J,Baby/Children,4,"Children Accessories, Swimwear",8,Yellow,7,Medium,Molly sandal SG,861670,Shoes,Sandals,91,Kids & Baby Shoes,42
861850002,9,Black,Men Sport Acc,8560,Sports socks in fast-drying functional yarn with ventilating hole-knit sections over the feet.,Accessories,1019,Solid,1010016,S,Sport,26,Sport,5,Black,4,Dark,Lawrence Shaftless Sock 5-p,861850,Socks & Tights,Socks,302,Men H&M Sport,22
862174002,22,Yellow,Ladies Sport Bras,8316,"Sports bandeau top in ribbed, fast-drying functional fabric. Lined cups with removable inserts that shape the bust and detachable, adjustable shoulder straps. Light support. The bra is designed with the minimum number of seams for a more comfortable fit and increased mobility.",Jersey Fancy,1005,Solid,1010016,S,Sport,26,Sport,8,Yellow,5,Bright,Memory seamless bandeau,862174,Garment Upper body,Top,254,Ladies H&M Sport,5
862482007,82,Turquoise,Trouser,1717,"Shorts in woven fabric with a high waist, pleats at the front, a zip fly with concealed hook-and-eye fasteners and diagonal side pockets.",Trousers,1009,Solid,1010016,A,Ladieswear,1,Ladieswear,7,Turquoise,1,Dusty Light,Vovve shorts.,862482,Garment Lower body,Shorts,274,Womens Tailoring,11
862834001,11,Off White,Baby Girl Jersey Fancy,6525,"T-shirt in soft, printed cotton jersey with a concealed press-stud on one shoulder (except in sizes 1½-4Y).",Jersey Fancy,1005,Placement print,1010014,G,Baby/Children,4,Baby Sizes 50-98,9,White,1,Dusty Light,Kate ss tee (CC),862834,Garment Upper body,T-shirt,255,Baby Girl,40
863101003,51,Light Pink,UW,3937,"Thong briefs in ribbed cotton jersey with a high, V-shaped waist, lined gusset and string back.","Under-, Nightwear",1017,Solid,1010016,D,Divided,2,Divided,4,Pink,1,Dusty Light,Giselle thong 5-pack,863101,Underwear,Underwear set,288,Divided Basics,51
863429001,9,Black,Jacket Smart,5262,"Single-breasted coat in recycled wool and recycled polyester with notch lapels. Chest pocket, diagonal welt side pockets and two inner pockets. Decorative buttons at the cuffs, and a single back vent. Recycled polyester lining.",Outdoor,1007,Solid,1010016,F,Menswear,3,Menswear,5,Black,4,Dark,Net single breasted coat,863429,Garment Upper body,Coat,263,Mens Outerwear,31
863564004,9,Black,Baby Boy Woven,6565,"Soft jeans in washed, stretch denim with elasticated ribbing and a press-stud at the waist and a fake fly. Fake front pockets, real back pockets and slim legs with straight hems.",Woven/Jersey/Knitted mix Baby,1006,Denim,1010023,G,Baby/Children,4,Baby Sizes 50-98,5,Black,4,Dark,TVP Slim waist denim,863564,Garment Lower body,Trousers,272,Baby Boy,41
863644005,17,Yellowish Brown,Knitwear,5831,"Long-sleeved jumper in soft, fine-knit merino wool with ribbing around the neckline, cuffs and hem.",Knitwear,1003,Solid,1010016,F,Menswear,3,Menswear,13,Brown,2,Medium Dusty,IRON crewneck Merino,863644,Garment Upper body,Sweater,252,Men Suits & Tailoring,23
863845001,71,Light Blue,Young Girl Denim,8917,"Jacket in stretch denim with hard-worn details that are patched on the inside. Collar, buttons down the front, flap chest pockets with a press-stud, and buttoned cuffs. The cotton content of the jacket is partly recycled.",Trousers Denim,1016,Denim,1010023,I,Baby/Children,4,Children Sizes 134-170,2,Blue,1,Dusty Light,JACKET FANCY 89,863845,Garment Upper body,Jacket,262,Young Girl,77
864055001,14,Dark Beige,Outwear,1201,"Double-breasted trenchcoat in woven fabric containing some wool with a collar and concealed hook-and-eye fastener at the top. Low dropped shoulders, an adjustable tab at the cuffs and welt side pockets. Wide tie belt at the waist and a high-cut back vent. Unlined.",Outdoor,1007,Solid,1010016,A,Ladieswear,1,Ladieswear,13,Brown,2,Medium Dusty,Hook,864055,Garment Upper body,Jacket,262,Womens Jackets,19
864336001,10,White,Tops Knitwear,1647,"Shorter top in a soft rib knit with a V-neck, decorative buttons down the front and short puff sleeves.",Knitwear,1003,Solid,1010016,D,Divided,2,Divided,9,White,3,Light,Muse Puff SS,864336,Garment Upper body,Sweater,252,Divided Collection,53
864500001,93,Dark Green,Blouse,1515,"Blouse in crinkled satin with a small collar and V-neck opening with a concealed button at the front. Gathered shoulder seams, a gathered yoke at the back and long sleeves with wide, buttoned cuffs.",Blouses,1010,Solid,1010016,A,Ladieswear,1,Ladieswear,19,Green,2,Medium Dusty,Mia Blouse.,864500,Garment Upper body,Blouse,258,Womens Tailoring,11
864782004,8,Dark Grey,Shorts,5658,"Cargo shorts in a cotton weave with an elasticated, drawstring waist, zip fly, side pockets and flap back and leg pockets with press-studs.",Shorts,1025,Solid,1010016,F,Menswear,3,Menswear,12,Grey,4,Dark,Matis Tech Cargo shorts,864782,Garment Lower body,Shorts,274,Contemporary Casual,21
865076006,13,Beige,Jersey Basic,1676,T-shirt in soft cotton jersey with a slightly wider neckline and a rounded hem.,Jersey Basic,1002,Solid,1010016,A,Ladieswear,1,Ladieswear,11,Beige,2,Medium Dusty,Hazel,865076,Garment Upper body,T-shirt,255,Womens Everyday Basics,16
865314014,9,Black,Hair Accessories,4343,Elasticated scrunchie in woven fabric.,Accessories,1019,Solid,1010016,C,Ladieswear,1,Ladies Accessories,5,Black,4,Dark,Medium scrunchie,865314,Accessories,Hair ties,512,Womens Small accessories,66
865470003,82,Turquoise,Dress,1313,"Calf-length dress in pleated chiffon with a round neck, pin-tucks at the front and over the shoulders and short sleeves. Concealed buttons at the front, and concealed elastication and a detachable tie belt at the waist. Satin lining.",Dresses Ladies,1013,Solid,1010016,A,Ladieswear,1,Ladieswear,7,Turquoise,2,Medium Dusty,Ushi dress,865470,Garment Full body,Dress,265,Womens Tailoring,11
865624001,9,Black,Shorts,1745,"Shorts in an airy viscose weave. High waist with wide elastication, and short, wide legs.",Shorts,1025,Solid,1010016,D,Divided,2,Divided,5,Black,4,Dark,Farin HW Woven Shorts,865624,Garment Lower body,Shorts,274,Divided Collection,53
865793004,7,Grey,Young Girl Knitwear,8718,"Jumper in a soft, fine-knit containing some wool with a round neck and long sleeves.",Knitwear,1003,Stripe,1010017,I,Baby/Children,4,Children Sizes 134-170,12,Grey,2,Medium Dusty,CARLA,865793,Garment Upper body,Sweater,252,Young Girl,77
865938002,13,Beige,Jersey fancy,1636,"Top in soft faux shearling with a stand-up collar and zip at the top. Dropped shoulders, long sleeves and narrow elastication at the cuffs and hem.",Jersey Fancy,1005,Solid,1010016,A,Ladieswear,1,Ladieswear,11,Beige,2,Medium Dusty,Java Pile,865938,Garment Upper body,Sweater,252,Womens Everyday Collection,15
865989002,10,White,Young Girl Dresses,8713,"Top in a softly draping viscose weave with narrow, adjustable shoulder straps and a gathered seam with a wide flounce at the hem.",Dresses/Skirts girls,1014,Stripe,1010017,I,Baby/Children,4,Children Sizes 134-170,9,White,3,Light,BETTY STRAP TOP,865989,Garment Upper body,Blouse,258,Young Girl,77
866184001,7,Grey,Baby Girl Knitwear,6526,"Leggings in a soft, fine knit with an elasticated waist.",Knitwear,1003,Jacquard,1010022,G,Baby/Children,4,Baby Sizes 50-98,12,Grey,1,Dusty Light,Honolulu,866184,Garment Lower body,Leggings/Tights,273,Baby Girl,40
866457003,31,Light Orange,Blouse,1522,"Short dress in airy plumeti organza with a deep V-neck and wrapover front. Seam at the waist with ties at the sides and short, raglan puff sleeves with narrow elastication. Lined.",Blouses,1010,All over pattern,1010001,A,Ladieswear,1,Ladieswear,3,Orange,1,Dusty Light,Billie dress,866457,Garment Full body,Dress,265,Womens Everyday Collection,15
866610002,15,Greyish Beige,Ladies Sport Bottoms,8310,"Track pants in fast-drying functional fabric with wide, covered elastication and a drawstring at the waist. Mesh-lined side pockets, contrasting colour panels down the sides and a concealed zip at the hems.",Jersey Fancy,1005,Solid,1010016,S,Sport,26,Sport,20,Khaki green,4,Dark,Sanibel Zip TRS,866610,Garment Lower body,Trousers,272,Ladies H&M Sport,5
866812004,73,Dark Blue,Kids Boy Trouser,7656,"Suit trousers in a cotton weave with an adjustable, elasticated waist, zip fly and button and legs with creases. Diagonal side pockets and fake back pockets with a decorative button.",Trousers,1009,Check,1010004,H,Baby/Children,4,Children Sizes 92-140,2,Blue,4,Dark,Basting trs,866812,Garment Lower body,Trousers,272,Kids Boy,46
867103001,22,Yellow,Young Girl Jersey Fancy,8716,"Short top in soft, printed cotton jersey with contrasting colour ribbing around the neckline and long raglan sleeves in a contrasting colour.",Jersey Fancy,1005,Front print,1010008,I,Baby/Children,4,Children Sizes 134-170,8,Yellow,7,Medium,Gwen raglan LS tee,867103,Garment Upper body,Top,254,Young Girl,77
867205004,11,Off White,Denim Other Garments,1773,"Jacket in cotton denim with a collar, buttons down the front and detachable tie belt at the waist. Open chest pockets, patch front pockets and a straight-cut hem. Unlined.",Trousers Denim,1016,Denim,1010023,D,Divided,2,Divided,9,White,1,Dusty Light,Jacket Utility Belted,867205,Garment Upper body,Jacket,262,Ladies Denim,57
867470002,73,Dark Blue,Shirt S&T,8617,"Shirt in a cotton and viscose poplin weave with a turn-down collar, French front and yoke at the back. Long sleeves with adjustable buttoning at the cuffs, and a rounded hem. Regular Fit – a classic fit with good room for movement and a gently tapered waist to create a comfortable, tailored silhouette.",Shirts,1011,All over pattern,1010001,F,Menswear,3,Menswear,2,Blue,4,Dark,TD AOP Cttn/viscose,867470,Garment Upper body,Shirt,259,Men Suits & Tailoring,23
867742011,50,Other Pink,Bottoms Girls,6281,Sports tights in fast-drying functional fabric with a waist panel.,Unknown,1001,Colour blocking,1010005,S,Sport,26,Sport,4,Pink,5,Bright,SUPREME FANCY TIGHTS,867742,Garment Lower body,Leggings/Tights,273,Kids Sports,49
867966009,72,Blue,Denim Trousers,1772,"5-pocket, ankle-length jeans in washed, stretch denim with an extra-high waist, zip fly and button, and super-skinny legs.",Trousers Denim,1016,Denim,1010023,D,Divided,2,Divided,2,Blue,2,Medium Dusty,S. Skinny HW Ankle Star Consc,867966,Garment Lower body,Trousers,272,Ladies Denim,57
868059002,31,Light Orange,Basic 1,1643,Cropped vest top in soft cotton jersey.,Jersey Basic,1002,Solid,1010016,D,Divided,2,Divided,3,Orange,1,Dusty Light,Jacy tanktop,868059,Garment Upper body,Vest top,253,Divided Basics,51
868213011,9,Black,Ladies Sport Bras,8316,Loose-fitting sports vest top in fast-drying functional fabric with a racer back and rounded hem. The polyester content of the top is recycled.,Jersey Fancy,1005,Solid,1010016,S,Sport,26,Sport,5,Black,4,Dark,Malaga loose tank (C),868213,Garment Upper body,Vest top,253,Ladies H&M Sport,5
868382001,5,Gold,Jewellery,4344,"Short thin metal chain necklace with a text pendant. Adjustable length, 43-51 cm.",Accessories,1019,Solid,1010016,C,Ladieswear,1,Ladies Accessories,15,Metal,5,Bright,Cool Kennedy necklace,868382,Accessories,Necklace,77,Womens Small accessories,66
868597002,73,Dark Blue,Kids Girl Outdoor,7812,"Jacket in soft fleece made partly from recycled polyester designed to be worn as a thermal mid layer. Stand-up collar, zip down the front with a chin guard, and long raglan sleeves. Narrow elasticated trim at the cuffs and hem. Slightly longer at the back. Unlined.",Outdoor,1007,All over pattern,1010001,H,Baby/Children,4,Children Sizes 92-140,2,Blue,4,Dark,MILAD fleece,868597,Garment Upper body,Jacket,262,Kids Outerwear,45
868800005,13,Beige,Young Girl Outdoor,8812,"Lightly padded puffer jacket in a quilted weave made from recycled polyester. Detachable hood with concealed press-studs, a zip down the front with a chin guard, and discreet pockets in the side seams. Narrow elastication around the hood and cuffs. Lined.",Outdoor,1007,Solid,1010016,I,Baby/Children,4,Children Sizes 134-170,1,Mole,1,Dusty Light,Cheapy,868800,Garment Upper body,Jacket,262,Kids Outerwear,45
869015002,32,Orange,Small Accessories Extended,3420,"Large, elasticated imitation leather scrunchie.",Accessories,1019,Solid,1010016,C,Ladieswear,1,Ladies Accessories,3,Orange,2,Medium Dusty,Pu scrunchie,869015,Accessories,Hair string,73,Womens Small accessories,66
869202001,10,White,Tops woven DS,1547,"Oversized shirt in a cotton weave with a turn-down collar, buttons down the front and a yoke at the back. Open chest pocket, dropped shoulders, long sleeves with wide buttoned cuffs, and a rounded hem.",Blouses,1010,Stripe,1010017,D,Divided,2,Divided,9,White,3,Light,BLAIR SHIRT,869202,Garment Upper body,Shirt,259,Divided Selected,58
869399001,10,White,Young Girl Dresses,8713,"Shirt in a soft viscose weave with a collar, buttons down the front and an open chest pocket. Dropped shoulders, long sleeves with buttoned cuffs and a straight hem with slits in the sides.",Dresses/Skirts girls,1014,Check,1010004,I,Baby/Children,4,Children Sizes 134-170,9,White,3,Light,TERESA SHIRT SPEED,869399,Garment Upper body,Shirt,259,Young Girl,77
869617001,11,Off White,Hair Accessories,4343,Satin-covered Alice band with pearly plastic beads.,Accessories,1019,Solid,1010016,C,Ladieswear,1,Ladies Accessories,9,White,1,Dusty Light,Melina Mop aliceband,869617,Accessories,Hair/alice band,74,Womens Small accessories,66
869868001,9,Black,Young Girl Denim,8917,"Jeans in stretch, supersoft denim. Skinny fit with an adjustable, elasticated waist (in sizes 8-12Y), zip fly and button, fake front pockets, real back pockets and narrow hems.",Trousers Denim,1016,Denim,1010023,I,Baby/Children,4,Children Sizes 134-170,5,Black,4,Dark,SKINNY KNIT 89,869868,Garment Lower body,Trousers,272,Young Girl,77
870121001,9,Black,Tops Girls,6280,Sports top in fast-drying functional fabric. Narrow cut at the top and a cut-out section at the back.,Unknown,1001,All over pattern,1010001,S,Sport,26,Sport,5,Black,4,Dark,ADELIA top,870121,Garment Upper body,Vest top,253,Kids Sports,49
870436001,7,Grey,Young Girl UW/NW,7932,"Pyjama top and shorts in soft viscose jersey. Top with narrow, elasticated shoulder straps in lace that continues around the armholes. Shorts with covered elastication and a sewn-on satin bow at the waist and lace-trimmed hems.","Under-, Nightwear",1017,Solid,1010016,I,Baby/Children,4,Children Sizes 134-170,12,Grey,1,Dusty Light,FELICIA lace PJ,870436,Nightwear,Pyjama set,297,Girls Underwear & Basics,79
870524003,73,Dark Blue,Kids Girl Jersey Fancy,7616,"Ankle-length treggings in cotton sweatshirt fabric. Skinny fit with a ribbed, easy pull-on, elasticated waist. Fake fly, fake front pockets and real back pockets.",Jersey Fancy,1005,All over pattern,1010001,H,Baby/Children,4,Children Sizes 92-140,2,Blue,4,Dark,Meadow,870524,Garment Lower body,Trousers,272,Kids Girl,76
870530009,13,Beige,Kids Girl Jersey Fancy,7616,Sleeveless dress in patterned cotton jersey with a gathered seam at the waist and flared skirt.,Jersey Fancy,1005,All over pattern,1010001,H,Baby/Children,4,Children Sizes 92-140,11,Beige,2,Medium Dusty,Dragonfly dress(1),870530,Garment Full body,Dress,265,Kids Girl,76
870660001,10,White,Woven Tops,2033,"Calf-length dress in a lightweight viscose weave with a collar, V-shaped opening at the top and buttons down the front. Cap sleeves with sewn-in turn-ups, concealed elastication at the back of the waist and a detachable tie belt. Unlined.",Blouses,1010,Solid,1010016,A,Ladieswear,1,Ladieswear,9,White,3,Light,Elektra dress,870660,Garment Full body,Dress,265,Mama,8
870883001,9,Black,Tops Knitwear,1647,"Top in a soft, fine rib knit with a collar, button placket and long sleeves.",Knitwear,1003,Solid,1010016,D,Divided,2,Divided,5,Black,4,Dark,Penelope Polo LS,870883,Garment Upper body,Sweater,252,Divided Collection,53
871065001,31,Light Orange,Jersey,2032,"Flared, calf-length skirt in tulle with covered elastication at the waist and a seam creating a flounce at the hem for added width and volume. Jersey lining.",Jersey Fancy,1005,Solid,1010016,A,Ladieswear,1,Ladieswear,3,Orange,1,Dusty Light,Campaign Luisa tulle skirt,871065,Garment Lower body,Skirt,275,Mama,8
871377005,41,Light Red,Projects Dresses,1343,"Short dress in a crêpe weave with a V-neck, covered buttons at the top and short, elasticated puff sleeves with a frill trim. Seam at the waist that is elasticated at the back and a gently flared skirt with a flounce at the hem. Unlined. The polyester content of the dress is partly recycled.",Dresses Ladies,1013,All over pattern,1010001,D,Divided,2,Divided,18,Red,7,Medium,New Holloway Dress,871377,Garment Full body,Dress,265,Divided Projects,50
871527003,52,Pink,Blouse,1522,"Straight-cut blouse in satin with a collar, buttons down the front and a double-layered yoke with forward-facing shoulder seams and a seam with pleats at the back. Long sleeves with buttoned, double-layered cuffs, and a rounded hem.",Blouses,1010,Solid,1010016,A,Ladieswear,1,Ladieswear,4,Pink,1,Dusty Light,Ada,871527,Garment Upper body,Blouse,258,Womens Everyday Collection,15
871674007,9,Black,Blouse,1510,"Long, straight-cut shirt in an airy linen and cotton weave with a collar, buttons down the front and a yoke at the back. Dropped shoulders, short sleeves with a tab and button, and slits in the sides.",Blouses,1010,Solid,1010016,A,Ladieswear,1,Ladieswear,5,Black,4,Dark,Olivia long linen shirt,871674,Garment Upper body,Shirt,259,Womens Casual,6
872000002,92,Green,Tops Woven,1543,Sleeveless top in a slightly crinkled viscose weave. Narrow cut at the top with a small opening front and back and a button at the back of the neck. Spaghetti shoulder straps and a decorative pompom trim around the armholes.,Blouses,1010,Solid,1010016,D,Divided,2,Divided,20,Khaki green,1,Dusty Light,MINT TANK,872000,Garment Upper body,Vest top,253,Divided Collection,53
872215002,52,Pink,Kids Girl Knitwear,7618,Long-sleeved dress in a soft knit containing some wool with a round neckline and ribbing at the cuffs and hem.,Knitwear,1003,Stripe,1010017,H,Baby/Children,4,Children Sizes 92-140,4,Pink,2,Medium Dusty,Selena crewneck sweatshirt dre,872215,Garment Full body,Dress,265,Kids Girl,76
872454002,9,Black,Dresses,1344,"Short dress in patterned mesh with a round neckline, short sleeves and flared skirt. Jersey lining.",Dresses Ladies,1013,All over pattern,1010001,D,Divided,2,Divided,5,Black,4,Dark,Mandy mesh,872454,Garment Full body,Dress,265,Divided Collection,53
872636001,71,Light Blue,Nightwear,3709,"Knee-length nightshirt in a cool cotton weave with a collar, buttons down the front and a yoke with a pleat at the back. Open chest pocket with a decorative piped trim, gently dropped shoulders, long sleeves with wide, buttoned cuffs, and a rounded hem. Slightly longer at the back.","Under-, Nightwear",1017,Stripe,1010017,B,Ladieswear,1,Lingeries/Tights,2,Blue,3,Light,Celia n-shirt (W),872636,Nightwear,Night gown,293,"Womens Nightwear, Socks & Tigh",62
872856015,13,Beige,Jersey License,7952,"T-shirt in soft cotton jersey with a round neckline, open chest pocket and short slits in the sides.",Jersey Fancy,1005,Stripe,1010017,F,Menswear,3,Menswear,11,Beige,1,Dusty Light,Max tee,872856,Garment Upper body,T-shirt,255,Contemporary Street,55
872991002,73,Dark Blue,Kids Boy Jersey Fancy,7648,"Top in soft sweatshirt fabric with a reversible sequin motif on the front (size 2-3Y with normal sequins). Jersey-lined hood, long sleeves and ribbing at the cuffs and hem. Soft brushed inside.",Jersey Fancy,1005,Sequin,1010015,H,Baby/Children,4,Children Sizes 92-140,2,Blue,2,Medium Dusty,SHANE REVERSIBLE SEQUINS TP,872991,Garment Upper body,Hoodie,308,Kids Boy,46
873093007,12,Light Beige,Baby Girl Jersey Fancy,6525,"Long-sleeved top in lightweight cotton sweatshirt fabric with gently dropped shoulders with press-studs at one side, and ribbing around the neckline, cuffs and hem.",Jersey Fancy,1005,All over pattern,1010001,G,Baby/Children,4,Baby Sizes 50-98,11,Beige,1,Dusty Light,Zulu sweater,873093,Garment Upper body,Sweater,252,Baby Girl,40
873263001,71,Light Blue,Kids Boy Denim,7956,"Fully lined, 5-pocket, slim-fit jeans in washed, stretch denim with hard-worn details. Adjustable, elasticated waist, a zip fly and narrow hems.",Trousers Denim,1016,Denim,1010023,H,Baby/Children,4,Children Sizes 92-140,2,Blue,1,Dusty Light,Skinny Lined Fancy 79,873263,Garment Lower body,Trousers,272,Kids Boy,46
873564001,71,Light Blue,Denim Other Garments,1773,"Short, 5-pocket shorts in washed denim with hard-worn details. High waist and raw-edge, cut-off hems. The cotton content of the shorts is partly recycled.",Trousers Denim,1016,Denim,1010023,D,Divided,2,Divided,2,Blue,1,Dusty Light,Vintage Shorts HW Skyler,873564,Garment Lower body,Shorts,274,Ladies Denim,57
873851001,9,Black,Small Accessories Extended,3420,Wide Alice band covered in glossy jersey with studs. Embroidered trim on the inside.,Accessories,1019,Solid,1010016,C,Ladieswear,1,Ladies Accessories,5,Black,4,Dark,Deco wide aliceband,873851,Accessories,Hair/alice band,74,Womens Small accessories,66
874113012,11,Off White,Tops Fancy Jersey,1640,"Top in sweatshirt fabric made from a cotton blend. Wide, raglan sleeves and ribbing at the cuffs and hem.",Jersey Fancy,1005,Colour blocking,1010005,D,Divided,2,Divided,9,White,1,Dusty Light,Zebra sweat - TVP,874113,Garment Upper body,Sweater,252,Divided Collection,53
874316001,31,Light Orange,Jewellery,4344,Necklaces in different designs. One thin metal chain necklace with a textured medallion. Adjustable length 53-60 cm. One necklace with semi-precious stones and metal beads. Adjustable length 42-49 cm.,Accessories,1019,Solid,1010016,C,Ladieswear,1,Ladies Accessories,3,Orange,7,Medium,Flirty Skogs necklace,874316,Accessories,Necklace,77,Womens Small accessories,66
874620004,10,White,Expressive Lingerie,1338,"Body in lace with a cut-out section at the front and a super push-up bra with underwired, thickly padded cups to maximise the bust and create a fuller cleavage. Adjustable shoulder straps and a hook-and-eye fastening at the back. Lined gusset with concealed press-studs and medium coverage at the back.","Under-, Nightwear",1017,Lace,1010021,B,Ladieswear,1,Lingeries/Tights,9,White,3,Light,Venice SP body Ama,874620,Underwear,Underwear body,283,Womens Lingerie,61
874848006,7,Grey,Kids Boy Jersey Fancy,7648,Long-sleeved top in soft cotton jersey with a print motif and reversible sequins (size 2-3Y with normal sequins) and trims around the neckline and cuffs.,Jersey Fancy,1005,Sequin,1010015,H,Baby/Children,4,Children Sizes 92-140,12,Grey,1,Dusty Light,KOBE REV SEQUINS L/S TEE TP,874848,Garment Upper body,T-shirt,255,Kids Boy,46
875025002,9,Black,Outdoor/Blazers,1244,"Boxy jacket in cotton denim with a collar and buttons down the front. Low dropped shoulders, wide puff sleeves with pleats and cuffs with a concealed press-stud. Diagonal front pockets and flap chest pockets with a concealed press-stud.",Outdoor,1007,Denim,1010023,D,Divided,2,Divided,5,Black,4,Dark,Lemon puffed denim,875025,Garment Upper body,Jacket,262,Divided Collection,53
875239002,10,White,Dress,1322,"Knee-length dress in an airy viscose weave. Deep neckline with decorative gathers at the front and narrow, adjustable shoulder straps. Tiered skirt for added width. Unlined.",Dresses Ladies,1013,Solid,1010016,A,Ladieswear,1,Ladieswear,-1,Unknown,5,Bright,Flamingo,875239,Garment Full body,Dress,265,Womens Everyday Collection,15
875635002,71,Light Blue,UW,3937,"Waist-high thong briefs in ribbed jersey with a V-shaped waist, narrow sides and lined gusset.","Under-, Nightwear",1017,Melange,1010010,D,Divided,2,Divided,2,Blue,3,Light,GIselle thong 5-pack,875635,Underwear,Underwear bottom,286,Divided Basics,51
875856003,33,Dark Orange,Knitwear,1949,"Wide jumper in a cool, fine-knit viscose blend with a slightly wider neckline, dropped shoulders, long, narrow sleeves and a rounded hem. Slightly longer at the back.",Knitwear,1003,Solid,1010016,A,Ladieswear,1,Ladieswear,13,Brown,2,Medium Dusty,HM+ House,875856,Garment Upper body,Sweater,252,H&M+,2
875996001,9,Black,Jersey Fancy,5828,"Top in sweatshirt fabric made from a cotton blend with a small imitation leather appliqué on the chest. Wrapover, jersey-lined funnel collar with a drawstring, a kangaroo pocket, long sleeves with contrasting colour side stripes, and ribbing at the cuffs and hem.",Jersey Fancy,1005,Colour blocking,1010005,F,Menswear,3,Menswear,5,Black,4,Dark,ZORROW DETAILED,875996,Garment Upper body,Sweater,252,Contemporary Smart,20
876196003,9,Black,Kids Girl Shoes,4311,"Ballet pumps with fine details, rounded toes and a strap over the foot. Satin linings and insoles and finely fluted soles. Heel 0.4 cm.",Shoes,1020,Solid,1010016,J,Baby/Children,4,"Children Accessories, Swimwear",5,Black,4,Dark,Hannah fancy SG,876196,Shoes,Ballerinas,86,Kids & Baby Shoes,42
876337003,90,Other Green,Young Boy Jersey Fancy,8748,"Set with a T-shirt and pair of joggers in soft fabric. T-shirt in cotton jersey with a print motif on the front. Joggers in lightweight sweatshirt fabric with covered elastication and a drawstring at the waist, pockets in the side seams and a print motif on one leg.",Jersey Fancy,1005,Front print,1010008,I,Baby/Children,4,Children Sizes 134-170,19,Green,5,Bright,Ledger set DEAL,876337,Garment Upper body,T-shirt,255,Young Boy,47
876625001,9,Black,Projects Jersey & Knitwear,1644,"Long, V-neck cardigan in soft, textured jersey with buttons at the top and long sleeves with buttoned cuffs.",Jersey Fancy,1005,Solid,1010016,D,Divided,2,Divided,5,Black,4,Dark,Juliana Cardigan,876625,Garment Upper body,Cardigan,245,Divided Projects,50
877014001,9,Black,Dress,1322,"Calf-length, A-line dress in an airy weave. V-neck with a flounced trim that continues over the shoulder straps, and covered elastication at the top of the back. Unlined.",Dresses Ladies,1013,All over pattern,1010001,A,Ladieswear,1,Ladieswear,5,Black,4,Dark,Kiwi,877014,Garment Full body,Dress,265,Womens Everyday Collection,15
877268002,11,Off White,Blouse,1522,"Fitted blouse in a viscose crêpe weave with a sweetheart neckline and a small opening with ties at the front. Short puff sleeves with elastication at the shoulders and hems, and smocking at the back.",Blouses,1010,All over pattern,1010001,A,Ladieswear,1,Ladieswear,9,White,1,Dusty Light,Maine,877268,Garment Upper body,Blouse,258,Womens Everyday Collection,15
877534001,10,White,Kids Girl Big Acc,4312,"Handbag in imitation leather with a faux fur front. Embroidery and glittery appliqués in the shape of ears and a unicorn horn on the front, and two handles and a zip at the top. Lined. Height 14 cm. Width 20 cm.",Accessories,1019,Application/3D,1010002,J,Baby/Children,4,"Children Accessories, Swimwear",9,White,3,Light,Betsy bag,877534,Accessories,Bag,66,Kids Outerwear,45
877961005,7,Grey,Socks,3610,"Shaftless socks in a soft, fine-knit cotton blend.",Socks and Tights,1021,All over pattern,1010001,B,Ladieswear,1,Lingeries/Tights,12,Grey,2,Medium Dusty,1p Shaftless,877961,Socks & Tights,Socks,302,"Womens Nightwear, Socks & Tigh",62
878097002,9,Black,Jersey fancy,1636,"Straight-cut top in ribbed jersey with a V-neck. Relaxed fit with dropped shoulders, short sleeves and slits in the sides.",Jersey Fancy,1005,Solid,1010016,A,Ladieswear,1,Ladieswear,5,Black,4,Dark,Lava,878097,Garment Upper body,Top,254,Womens Everyday Collection,15
878499001,81,Light Turquoise,Tops Fancy Jersey,1640,"Short top in soft cotton jersey with a deep neckline, short sleeves and buttons down the front.",Jersey Fancy,1005,Solid,1010016,D,Divided,2,Divided,7,Turquoise,1,Dusty Light,Sandy ss,878499,Garment Upper body,T-shirt,255,Divided Collection,53
878740002,14,Dark Beige,Skirt,1422,Short skirt in woven fabric with a slight sheen. High waist with wide smocking to create a fitted style at the top and wide style to the hem. Unlined.,Skirts,1012,Solid,1010016,A,Ladieswear,1,Ladieswear,11,Beige,4,Dark,Chablis skirt,878740,Garment Lower body,Skirt,275,Womens Everyday Collection,15
879066001,5,Gold,Other items,3419,Metal glasses chain. Length approx. 80 cm.,Accessories,1019,Glittering/Metallic,1010009,C,Ladieswear,1,Ladies Accessories,15,Metal,5,Bright,Sunglasses chain Boho,879066,Accessories,Other accessories,78,Womens Small accessories,66
879282001,9,Black,Tops Woven,1543,"Sleeveless top in a crinkled viscose weave with an inset lace trim down the front. Narrow cut with gathers at the top, short, narrow shoulder straps and an opening and button at the back of the neck. Seam with a flounce at the hem.",Blouses,1010,Solid,1010016,D,Divided,2,Divided,5,Black,4,Dark,SPEARMINT TANK,879282,Garment Upper body,Vest top,253,Divided Collection,53
879483002,14,Dark Beige,Young Boy Shorts,8755,"Shorts in a sturdy cotton weave with covered elastication and a drawstring at the waist and a fake fly. Fake back pockets with a flap, side pockets and flap leg pockets with a bellows pleat.",Shorts,1025,Solid,1010016,I,Baby/Children,4,Children Sizes 134-170,11,Beige,2,Medium Dusty,Hugo shorts,879483,Garment Lower body,Shorts,274,Young Boy,47
879781002,11,Off White,Knitwear,1616,"Fitted vest top in a soft, rib-knit viscose blend.",Knitwear,1003,Solid,1010016,A,Ladieswear,1,Ladieswear,9,White,1,Dusty Light,Lilly Tank (1),879781,Garment Upper body,Top,254,Womens Tailoring,11
879991002,19,Greenish Khaki,Young Boy Shirt,8757,"Straight-cut shirt in cotton twill with a collar, buttons down the front and a yoke with a hanger loop at the back. Two open chest pockets and long sleeves with buttoned cuffs.",Shirts,1011,Solid,1010016,I,Baby/Children,4,Children Sizes 134-170,20,Khaki green,4,Dark,Dennis utility shirt,879991,Garment Upper body,Shirt,259,Young Boy,47
880195001,11,Off White,Blouse,1522,"Wrapover blouse in a crinkled weave made from a Tencel™ lyocell blend. Short, puffy raglan sleeves with gathers along the shoulder seams and narrow elastication at the hems. Seam at the waist with visible ties at one side and concealed ties at the other. Lined.",Blouses,1010,Solid,1010016,A,Ladieswear,1,Ladieswear,9,White,1,Dusty Light,Heartbreak top,880195,Garment Upper body,Blouse,258,Womens Everyday Collection,15
880476001,5,Gold,Jewellery Extended,4345,Three-strand metal necklace decorated with shell-shaped beads in metal and pearly plastic. Adjustable length 32-40 cm.,Accessories,1019,Solid,1010016,C,Ladieswear,1,Ladies Accessories,15,Metal,5,Bright,Flirty Mio necklace,880476,Accessories,Necklace,77,Womens Small accessories,66
880723001,43,Dark Red,Dress,1322,"Long dress in patterned, crinkled chiffon with a V-neck and an asymmetric seam under the bust with pleats and decorative metal beads, and a short frill trim at the sides. Narrow, adjustable shoulder straps that cross at the back, narrow elastication at the bottom of the open back, and a wide, softly draping skirt. Lined.",Dresses Ladies,1013,All over pattern,1010001,A,Ladieswear,1,Ladieswear,18,Red,4,Dark,Toto dress,880723,Garment Full body,Dress,265,Womens Everyday Collection,15
880851001,53,Dark Pink,Limited Edition,3000,"Long, straight-cut kaftan in an airy weave with billowing flounces at the front that go over the shoulders and continue down the back. V-shaped opening at the top and a drawstring with narrow ties at the neckline.",Special Offers,1023,All over pattern,1010001,A,Ladieswear,1,Ladieswear,4,Pink,5,Bright,LE Palmi Kaftan,880851,Garment Full body,Dress,265,Special Collections,82
881125003,12,Light Beige,Kids Boy Jersey Fancy,7648,"Top in sweatshirt fabric with a print motif, jersey-lined hood with a wrapover front, long sleeves with ribbed cuffs and wide ribbing at the hem. Soft brushed inside.",Jersey Fancy,1005,Colour blocking,1010005,H,Baby/Children,4,Children Sizes 92-140,11,Beige,1,Dusty Light,CRAIG hood DEAL,881125,Garment Upper body,Hoodie,308,Kids Boy,46
881385002,73,Dark Blue,Woven bottoms,2031,"Shorts in washed denim with fake front pockets, real back pockets and slim legs. Wide waist panel for best fit over the tummy. The cotton content of the shorts is partly recycled. Push up shaping – denim with a superstretch function that showcases the body’s physique.",Trousers,1009,Denim,1010023,A,Ladieswear,1,Ladieswear,2,Blue,4,Dark,Push up shorts (D),881385,Garment Lower body,Shorts,274,Mama,8
881684001,72,Blue,Trousers,1747,"Jeans in washed cotton denim with a high waist, zip fly and button and front and back pockets. Straight legs with sewn-on panels. The cotton content of the jeans is partly recycled.",Trousers,1009,Denim,1010023,D,Divided,2,Divided,2,Blue,1,Dusty Light,Jim HW straight denim TRS,881684,Garment Lower body,Trousers,272,Divided Collection,53
881917001,73,Dark Blue,Divided+,1652,"Oversized shirt jacket in woven fabric with a soft, brushed finish. Collar, buttons down the front and a yoke at the back. Flap chest pockets with a button and diagonal side pockets. Gently dropped shoulders, long sleeves with buttoned cuffs, and short slits in the sides. Slightly longer at the back. Unlined.",Unknown,1001,Check,1010004,D,Divided,2,Divided,2,Blue,4,Dark,DIV+ Shadow shacket,881917,Garment Upper body,Jacket,262,Divided Projects,50
882098001,50,Other Pink,Kids Girl Jersey Basic,7920,"Playsuit in soft jersey with press-studs at the back of the neck, double-layered flutter sleeves and a seam with narrow elastication and a sewn-on bow at the waist.",Jersey Basic,1002,All over pattern,1010001,H,Baby/Children,4,Children Sizes 92-140,4,Pink,5,Bright,MYLA onesie,882098,Garment Full body,Jumpsuit/Playsuit,267,Girls Underwear & Basics,79
882512001,10,White,Baby Shoes,6561,"Set with a pair of ballet pumps in imitation leather and a matching hairband in cotton jersey for the little ballerina. Shoes with an elastic strap over the foot, glossy bow at the front and small loop at the back. Cotton linings and insoles. Hairband with a glossy bow at the front and covered elastication at the back.",Shoes,1020,Solid,1010016,G,Baby/Children,4,Baby Sizes 50-98,9,White,3,Light,Ballerina set NB,882512,Shoes,Ballerinas,86,Kids & Baby Shoes,42
882882005,9,Black,Denim Trousers,1772,"Jeggings in superstretch denim with a low waist, zip fly and button, and back pockets. The cotton content of the jeggings is partly recycled. Push up – denim with a superstretch function that showcases the body’s physique.",Trousers Denim,1016,Denim,1010023,D,Divided,2,Divided,5,Black,4,Dark,Push Up Jeggings LW,882882,Garment Lower body,Trousers,272,Ladies Denim,57
883024001,11,Off White,Jersey fancy,1636,"Ankle-length jumpsuit in crinkled jersey with a gentle V-neck front and back and narrow shoulder straps. Elasticated seam and a narrow, detachable tie belt at the waist, and wide, straight legs.",Jersey Fancy,1005,Check,1010004,A,Ladieswear,1,Ladieswear,9,White,1,Dusty Light,CS Lolipop jumpsuit,883024,Garment Lower body,Trousers,272,Womens Everyday Collection,15
883421003,73,Dark Blue,Divided+,1652,"High-waisted jeans in washed superstretch denim with hard-worn details, a zip fly and button. Fake front pockets, real back pockets and skinny legs.",Unknown,1001,Denim,1010023,D,Divided,2,Divided,2,Blue,4,Dark,DIV+ Jade HW trash,883421,Garment Lower body,Trousers,272,Divided Projects,50
883684002,22,Yellow,Bags,3209,Small shoulder bag in imitation leather with a small inner compartment and a flap with a concealed magnetic fastener. Narrow metal chain and imitation leather shoulder strap. Lined. Depth 4 cm. Height 10 cm. Width 17 cm.,Accessories,1019,Solid,1010016,C,Ladieswear,1,Ladies Accessories,8,Yellow,7,Medium,Miffi cross,883684,Accessories,Bag,66,Womens Big accessories,65
884102001,9,Black,Functional Lingerie,3710,"Brazilian briefs in stretch, supersoft jersey that moulds to the body – one size fits all. High waist, lined gusset and a high cut at the back.","Under-, Nightwear",1017,Solid,1010016,B,Ladieswear,1,Lingeries/Tights,5,Black,4,Dark,Sia 2pk brazilian one size,884102,Underwear,Underwear bottom,286,Womens Lingerie,61
884441001,9,Black,Functional Lingerie,3710,"Bra top in jersey that gives the bust a natural shape and light support. Lined front and folded, glued edges at the top for a seamless, comfortable feel against the skin and minimal visibility under clothes. Wide shoulder straps. No fasteners.","Under-, Nightwear",1017,Solid,1010016,B,Ladieswear,1,Lingeries/Tights,5,Black,4,Dark,HM+ Seamless top,884441,Underwear,Bra,306,Womens Lingerie,61
884704001,52,Pink,Newborn,6564,"Romper suit in soft, fine-knit cotton with long raglan sleeves with buttons on one shoulder and long legs with buttons from the crotch to the hems.",Jersey Fancy,1005,Solid,1010016,G,Baby/Children,4,Baby Sizes 50-98,4,Pink,1,Dusty Light,LITEN overall,884704,Garment Full body,Jumpsuit/Playsuit,267,Baby Essentials & Complements,44
885034001,91,Light Green,Jewellery,4344,Two-strand necklace of thin metal chains in various designs with coin-shaped pendants. Adjustable length 49-57 cm.,Accessories,1019,Solid,1010016,C,Ladieswear,1,Ladies Accessories,19,Green,1,Dusty Light,Class Monia long necklace,885034,Accessories,Necklace,77,Womens Small accessories,66
885490002,7,Grey,Bags,3209,Shopper in faux fur with two handles and a concealed magnetic fastener at the top. One zipped inner compartment. Recycled polyester lining.,Accessories,1019,Application/3D,1010002,C,Ladieswear,1,Ladies Accessories,12,Grey,2,Medium Dusty,Kevin Fur Shopper,885490,Accessories,Bag,66,Womens Big accessories,65
885899001,20,Other Yellow,Promotion/ Other /Offer,4090,JUSTINE SKYE x H&M. Cropped top in stretch jersey with contrasting colour flatlock seams.,Special Offers,1023,Solid,1010016,D,Divided,2,Divided,8,Yellow,5,Bright,LA-JS-W-JS CROPPED TOP,885899,Garment Upper body,Top,254,Divided Projects,50
886080001,51,Light Pink,Jersey,1919,Pyjama bottoms in cotton sweatshirt fabric with wide elastication at the waist and tapered legs with elasticated hems. Soft brushed inside.,Jersey Fancy,1005,Solid,1010016,A,Ladieswear,1,Ladieswear,4,Pink,3,Light,NW SATURN TRS,886080,Nightwear,Pyjama bottom,296,H&M+,2
886464002,14,Dark Beige,Jersey/Knitwear Premium,1612,"Fitted top in soft, ribbed jersey made from a silk and cotton blend.",Knitwear,1003,Solid,1010016,A,Ladieswear,1,Ladieswear,11,Beige,4,Dark,PQ CHICAGO PIMA CTN TANK,886464,Garment Upper body,Vest top,253,Womens Premium,14
886720004,92,Green,Ladies Sport Bras,8316,"Long-sleeved, fitted sports top in fast-drying functional fabric. Ribbing around the neckline, thumbholes at the cuffs, and a rounded hem. Slightly longer at the back. The polyester content of the top is recycled.",Jersey Fancy,1005,Solid,1010016,S,Sport,26,Sport,12,Grey,2,Medium Dusty,Tequila conscious LS top,886720,Garment Upper body,Sweater,252,Ladies H&M Sport,5
887175002,33,Dark Orange,Jersey,2032,"Knee-length dress in soft viscose jersey with a round neck, flounces at the top and butterfly sleeves. Seam with narrow, concealed elastication and a detachable tie belt under the bust. Unlined.",Jersey Fancy,1005,All over pattern,1010001,A,Ladieswear,1,Ladieswear,18,Red,5,Bright,Carbonara dress,887175,Garment Full body,Dress,265,Mama,8
887464003,62,Purple,Scarves,3409,"Scarf in soft, fine-knit cashmere with ribbed trims on the short sides. Length 180 cm. Width 40 cm.",Accessories,1019,Solid,1010016,C,Ladieswear,1,Ladies Accessories,6,Lilac Purple,1,Dusty Light,PQ Icona cashmere scarf,887464,Accessories,Scarf,80,Womens Big accessories,65
887659010,10,White,Basic 1,1643,Fitted top in soft cotton jersey with a deep neckline front and back and short sleeves.,Jersey Basic,1002,Solid,1010016,D,Divided,2,Divided,9,White,3,Light,Carla top,887659,Garment Upper body,T-shirt,255,Divided Basics,51
887882002,51,Light Pink,Baby Shoes,6561,"Sandals with hook and loop fastenings. Moulded, imitation suede insoles and fluted soles.",Shoes,1020,Glittering/Metallic,1010009,G,Baby/Children,4,Baby Sizes 50-98,4,Pink,1,Dusty Light,Otto sandal,887882,Shoes,Sandals,91,Kids & Baby Shoes,42
888157002,13,Beige,Baby Girl Woven,6555,Dungaree dress in soft cotton corduroy with adjustable straps that cross at the back and a seam at the waist with covered elastication at the back.,Woven/Jersey/Knitted mix Baby,1006,Solid,1010016,G,Baby/Children,4,Baby Sizes 50-98,11,Beige,2,Medium Dusty,Olivia cord FO,888157,Garment Full body,Dress,265,Baby Girl,40
888397001,10,White,Young Boy Shoes,4221,"Trainers in imitation leather with a lightly padded edge and tongue, lacing at the front and a small grosgrain loop at the back. Mesh linings and insoles and rubber soles.",Shoes,1020,Solid,1010016,J,Baby/Children,4,"Children Accessories, Swimwear",9,White,3,Light,Sarah low sneaker BB,888397,Shoes,Sneakers,94,Kids & Baby Shoes,42
888556003,23,Dark Yellow,Blouse & Dress,1941,"Short shorts in cotton twill. High, frill-trimmed paper bag waist with covered elastication, a visible fly with press-studs, and patch pockets front and back.",Blouses,1010,Solid,1010016,A,Ladieswear,1,Ladieswear,20,Khaki green,4,Dark,Thurman shorts,888556,Garment Lower body,Shorts,274,Womens Trend,18
888871001,12,Light Beige,Divided+,1652,"Longer cardigan in an airy pattern knit. Relaxed fit with dropped shoulders and long, wide sleeves with narrow elastication at the cuffs. No fasteners.",Unknown,1001,Solid,1010016,D,Divided,2,Divided,11,Beige,1,Dusty Light,DIV+ Lilian Cardigan,888871,Garment Upper body,Cardigan,245,Divided Projects,50
889347002,32,Orange,Shorts,5658,"Cargo shorts in rustly nylon with elastication and a concealed drawstring at the waist. Zip fly with a press-stud, mesh-lined side and back pockets, and leg pockets with a concealed zip.",Shorts,1025,Solid,1010016,F,Menswear,3,Menswear,3,Orange,5,Bright,Harry pullon shorts,889347,Garment Lower body,Shorts,274,Contemporary Casual,21
889574009,31,Light Orange,Baby Girl Jersey Fancy,6525,Long-sleeved dress in soft cotton jersey with overlocked frill trims at the front and a concealed press-stud on one shoulder (except in sizes 1½-4Y). Gathered seam at the top and a flared skirt.,Jersey Fancy,1005,All over pattern,1010001,G,Baby/Children,4,Baby Sizes 50-98,3,Orange,1,Dusty Light,Evelina Dress L/S,889574,Garment Full body,Dress,265,Baby Girl,40
889759002,10,White,Kids Girl Jersey Fancy,7616,"Set with a T-shirt and skirt in soft cotton jersey. T-shirt with a motif on the front and round neckline with a narrow ribbed trim. Skirt with an all-over print, elastication and a frill trim at the waist, and a decorative bow at the front. Unlined.",Jersey Fancy,1005,All over pattern,1010001,H,Baby/Children,4,Children Sizes 92-140,9,White,3,Light,Chicago SET,889759,Garment Full body,Garment Set,270,Kids Girl,76
890079001,12,Light Beige,Kids Girl Jersey Fancy,7616,Leggings in soft cotton jersey with covered elastication at the waist.,Jersey Fancy,1005,All over pattern,1010001,H,Baby/Children,4,Children Sizes 92-140,11,Beige,1,Dusty Light,3-P James leggings,890079,Garment Lower body,Leggings/Tights,273,Kids Girl,76
890394001,12,Light Beige,AK Bottoms,1744,"Calf-length skirt in woven fabric. High waist with covered elastication, and gathered seams at the hips and hem for added width. Unlined.",Trousers,1009,Check,1010004,D,Divided,2,Divided,11,Beige,1,Dusty Light,AK Applewood skirt,890394,Garment Lower body,Skirt,275,Divided Asia keys,70
890560001,10,White,Newborn,6564,"Set in an airy, organic cotton weave. Wrapover dress with flutter sleeves, a gathered seam at the waist, concealed press-stud and decorative bow at one side and a flared skirt. Puff pants with an elasticated waist and narrow elastication and a small frill trim around the legs.",Jersey Fancy,1005,All over pattern,1010001,G,Baby/Children,4,Baby Sizes 50-98,9,White,3,Light,JEYA dress,890560,Garment Full body,Dress,265,Baby Essentials & Complements,44
890845008,92,Green,Dress,1322,"Short, A-line dress in pleated chiffon with a V-neck and narrow, adjustable shoulder straps. Lined.",Dresses Ladies,1013,Solid,1010016,A,Ladieswear,1,Ladieswear,19,Green,1,Dusty Light,Zola dress,890845,Garment Full body,Dress,265,Womens Everyday Collection,15
891199001,19,Greenish Khaki,Jersey,1919,T-shirt in soft linen jersey with a round neckline and gently rounded hem.,Jersey Fancy,1005,Solid,1010016,A,Ladieswear,1,Ladieswear,20,Khaki green,2,Medium Dusty,ED Tilda linen tee,891199,Garment Upper body,T-shirt,255,H&M+,2
891722001,10,White,Blouse,1522,Short-sleeved top in an airy cotton weave with textured stripes and a round neckline with gathers at the front and concealed press-studs at the back. Wrapover back with an open section and wide ties at the hem.,Blouses,1010,Solid,1010016,A,Ladieswear,1,Ladieswear,9,White,3,Light,Judo,891722,Garment Upper body,Top,254,Womens Everyday Collection,15
892093001,73,Dark Blue,Skirt,1414,Knee-length skirt in softly draping satin with a high waist and concealed zip at the back. Unlined.,Skirts,1012,All over pattern,1010001,A,Ladieswear,1,Ladieswear,2,Blue,4,Dark,Violet slip skirt,892093,Garment Lower body,Skirt,275,Womens Tailoring,11
892367001,9,Black,Young Boy Jersey Basic,8768,Joggers in sweatshirt fabric made from a cotton blend with elasticated ribbing and a drawstring at the waist. Welt side pockets and tapered legs with ribbed hems. Soft brushed inside.,Jersey Basic,1002,Melange,1010010,I,Baby/Children,4,Children Sizes 134-170,5,Black,4,Dark,KEVIN sweatpants BB,892367,Garment Lower body,Trousers,272,Boys Underwear & Basics,72
892562001,73,Dark Blue,Jersey,2032,"Sleeveless nursing top in soft, ribbed, organic cotton jersey with a broderie anglaise frill trim over the shoulders. Double layer at the front with a practical inner top for easier nursing access.",Jersey Fancy,1005,Solid,1010016,A,Ladieswear,1,Ladieswear,2,Blue,4,Dark,Tess top SL (J),892562,Garment Upper body,Vest top,253,Mama,8
892841002,9,Black,Knitwear,1648,Crocheted top in a soft cotton blend with a stand-up collar and double-layered flounces down the front that continue over the shoulders and down the back. Cut-out section at the back with buttons at the bottom and back of the neck. Seam at the hem with a peplum.,Knitwear,1003,Solid,1010016,A,Ladieswear,1,Ladieswear,5,Black,4,Dark,Romeo knitted top,892841,Garment Upper body,Sweater,252,Womens Trend,18
893045004,93,Dark Green,Jersey,1641,"Fitted top in sturdy jersey with a round neckline and short, voluminous, double-layered puff sleeves in crinkled organza with concealed elastication at the hems.",Jersey Fancy,1005,Solid,1010016,A,Ladieswear,1,Ladieswear,19,Green,7,Medium,Spice top,893045,Garment Upper body,Bodysuit,256,Womens Trend,18
893427001,9,Black,Trouser,1722,"Calf-length jumpsuit in imitation leather with a V-neck, concealed zip at the back and short sleeves with turn-ups. Seam with narrow elastication and a wide tie belt at the waist, diagonal side pockets lined in recycled polyester, and wide, straight legs.",Trousers,1009,Treatment,1010018,A,Ladieswear,1,Ladieswear,5,Black,4,Dark,Iron PU jumpsuit,893427,Garment Full body,Jumpsuit/Playsuit,267,Womens Everyday Collection,15
893757003,73,Dark Blue,Bottoms Girls,6281,Knee-length sports shorts in woven fabric with elastication and an inner drawstring at the waist and discreet side pockets.,Unknown,1001,Solid,1010016,S,Sport,26,Sport,2,Blue,4,Dark,WOVEN SHORTS,893757,Garment Lower body,Shorts,274,Kids Sports,49
894221001,9,Black,Bags,3944,Shoulder bag in quilted imitation leather with an adjustable shoulder strap and flap with a concealed magnetic fastening. Lined in taffeta made from recycled polyester. Depth 5.5 cm. Height 15 cm. Width 21 cm.,Accessories,1019,Solid,1010016,D,Divided,2,Divided,5,Black,4,Dark,MAJSAN SMALL BAG,894221,Unknown,Unknown,-1,Divided Accessories,52
894674006,31,Light Orange,Casual Lingerie,1334,"Hipster briefs in microfibre with a lace trim at the waist. Mid waist, lined gusset and medium coverage at the back.","Under-, Nightwear",1017,Solid,1010016,B,Ladieswear,1,Lingeries/Tights,3,Orange,1,Dusty Light,Juni 2p Micro Hipster,894674,Underwear,Underwear bottom,286,Womens Lingerie,61
894780001,9,Black,Trousers,1747,Leggings in stretch imitation leather. High waist with concealed elastication.,Trousers,1009,Solid,1010016,D,Divided,2,Divided,5,Black,4,Dark,Peggy HW PU Leggings,894780,Garment Lower body,Leggings/Tights,273,Divided Collection,53
895318001,9,Black,Woven bottoms,2031,"Dungarees in washed, stretch denim with adjustable straps and buttons at the sides. Chest pocket, side and back pockets and slim legs.",Trousers,1009,Denim,1010023,A,Ladieswear,1,Ladieswear,5,Black,4,Dark,Dungarees (D),895318,Garment Full body,Dungarees,268,Mama,8
895582008,73,Dark Blue,Dresses,1344,"Playsuit in a softly draping viscose weave with a V-neck, narrow, adjustable shoulder straps, a narrow, elasticated seam at the waist and side pockets.",Dresses Ladies,1013,All over pattern,1010001,D,Divided,2,Divided,2,Blue,5,Bright,Ivy playsuit w,895582,Garment Full body,Jumpsuit/Playsuit,267,Divided Collection,53
895993006,7,Grey,Jersey Basic,1676,Straight-style vest top in soft jersey with a round neckline and visible seam down the back.,Jersey Basic,1002,Solid,1010016,A,Ladieswear,1,Ladieswear,2,Blue,1,Dusty Light,Dag Tank,895993,Garment Upper body,Vest top,253,Womens Everyday Basics,16
896279001,13,Beige,Knitwear,2034,"Nursing jumper in an airy, fine knit with a unique nursing feature, round neck and long sleeves. Inner top in jersey with a woven lower section. The design includes a double layer to help retain warmth while allowing easier nursing access.",Knitwear,1003,Solid,1010016,A,Ladieswear,1,Ladieswear,11,Beige,1,Dusty Light,Fenja Sweater,896279,Garment Upper body,Sweater,252,Mama,8
896837002,71,Light Blue,Tops Woven,1543,Off-the-shoulder blouse in crisp cotton poplin with covered elastication and a small frill trim at the top and short puff sleeves with concealed elastication at the hems.,Blouses,1010,Solid,1010016,D,Divided,2,Divided,2,Blue,3,Light,PISTACHIO BLOUSE,896837,Garment Upper body,Blouse,258,Divided Collection,53
897146002,9,Black,Projects Jersey & Knitwear,1644,"Cardigan in a soft textured knit with a V-neck, loop fasteners with pearly plastic beads down the front and overlocked edges at the cuffs and hem.",Jersey Fancy,1005,Solid,1010016,D,Divided,2,Divided,5,Black,4,Dark,Robert Button Cardigan,897146,Garment Upper body,Cardigan,245,Divided Projects,50
897568001,9,Black,Knit & Woven,3945,Poncho in a soft weave with a brushed finish. Fringed hem.,Accessories,1019,Jacquard,1010022,D,Divided,2,Divided,5,Black,4,Dark,PENNY PONCHO,897568,Accessories,Other accessories,78,Divided Accessories,52
897901003,51,Light Pink,Dresses,1344,"Short-sleeved playsuit in a cotton weave with notch lapels, buttons down the front and a yoke at the back. Flap chest pockets with a button, a seam with a sewn-in tie belt at the waist and short, wide legs. Unlined.",Dresses Ladies,1013,Solid,1010016,D,Divided,2,Divided,4,Pink,1,Dusty Light,LUCKY JUMPSUIT-w,897901,Garment Full body,Jumpsuit/Playsuit,267,Divided Collection,53
898315002,9,Black,Dress,1322,"Calf-length dress in an airy viscose weave with a cut-out section at the back and button at the back of the neck. Concealed zip in one side, a gathered seam under the bust and long puff sleeves with wide, buttoned cuffs. Narrow, covered elastication at the back of the waist. Unlined.",Dresses Ladies,1013,Solid,1010016,A,Ladieswear,1,Ladieswear,5,Black,4,Dark,Poppy,898315,Garment Full body,Dress,265,Womens Everyday Collection,15
898672001,9,Black,Read & React,4092,"Short, fitted off-the-shoulder top in a cotton weave with narrow, covered elastication at the shoulders, smocking at the back and short puff sleeves.",Unknown,1001,Solid,1010016,D,Divided,2,Divided,5,Black,4,Dark,RR ISW3 Offshoulder Puffblouse,898672,Garment Upper body,Blouse,258,Divided Projects,50
898918002,9,Black,Jersey Basic,1676,"Straight-cut top in soft jersey made from a modal and cotton blend. Loose fit with a round neckline, dropped shoulders and long sleeves.",Jersey Basic,1002,Solid,1010016,A,Ladieswear,1,Ladieswear,5,Black,4,Dark,Shanghai CN,898918,Garment Upper body,Top,254,Womens Everyday Basics,16
899364002,17,Yellowish Brown,Blouse & Dress,1941,"Cropped top in a Tencel™ lyocell blend with a slight sheen. Sweetheart neckline with a wrapover bust and wide smocking at the back. Seam under the bust with a relaxed fit to the hem and long, wide sleeves with concealed elastication around the shoulders and narrow, gathered elastication at the cuffs. Cotton lining at the front.",Blouses,1010,Dot,1010006,A,Ladieswear,1,Ladieswear,13,Brown,2,Medium Dusty,Gracie blouse,899364,Garment Upper body,Blouse,258,Womens Trend,18
900227002,7,Grey,OL Extended Sizes,1774,"5-pocket jeans in washed, stretch denim with a high waist, zip fly and button and skinny legs. Shaping – denim with a stretch function that holds in and shapes the waist, thighs and bum while keeping the jeans in shape.",Trousers Denim,1016,Denim,1010023,A,Ladieswear,1,Ladieswear,12,Grey,4,Dark,Shaping Skinny HW Petite,900227,Garment Lower body,Trousers,272,Ladies Denim,57
900456002,9,Black,Jersey,1641,"Short, fitted one-shoulder dress in stretch jersey with a large puffy flounce in crisp cotton poplin at the top and a gathered seam at one side for a gentle draped effect.",Jersey Fancy,1005,Solid,1010016,A,Ladieswear,1,Ladieswear,5,Black,4,Dark,Porsche dress,900456,Garment Full body,Dress,265,Womens Trend,18
900858002,21,Light Yellow,Promotion/Other/Offer,8090,"Chimi x H&M. A pair of retro-inspired shorts that are perfect for both trips to the beach and rooftop parties in town. Made from woven fabric with a slight sheen, the shorts finish just above the knee and have covered elastication and a drawstring at the waist. Fake fly, diagonal side pockets, a welt back pocket and short slits in the sides. Available in two summery pastel shades.",Special Offers,1023,Solid,1010016,F,Menswear,3,Menswear,8,Yellow,3,Light,MICHI rock rel fit shorts,900858,Garment Lower body,Shorts,274,Men Other,29
901607003,12,Light Beige,Jersey fancy,1636,"Sleeveless, calf-length dress in soft viscose jersey with a tie detail at the top of the front, seam at the waist and a flared skirt. Lined at the top.",Jersey Fancy,1005,All over pattern,1010001,A,Ladieswear,1,Ladieswear,11,Beige,1,Dusty Light,Fragola Dress.,901607,Garment Full body,Dress,265,Womens Everyday Collection,15
901991001,8,Dark Grey,Kids Boy Outdoor,7852,"Lightweight jacket in soft faux shearling with flatlock seams and a small appliqué on the chest in woven fabric. Stand-up collar, zip down the front with a chin guard, front welt pockets and jersey trims around the opening and cuffs. Unlined.",Outdoor,1007,Solid,1010016,H,Baby/Children,4,Children Sizes 92-140,12,Grey,4,Dark,SB Archie Pile Jkt,901991,Garment Upper body,Jacket,262,Kids Outerwear,45
902325002,52,Pink,Skirt,1414,"Short, pleated skirt in woven fabric. High waist with covered elastication and a detachable tie belt. Lined.",Skirts,1012,Solid,1010016,A,Ladieswear,1,Ladieswear,4,Pink,1,Dusty Light,Lisa skirt.,902325,Garment Lower body,Skirt,275,Womens Tailoring,11
902528005,11,Off White,Dresses,1344,"Short, straight-cut shirt dress in a cotton weave with a collar, buttons down the front and a chest pocket. Dropped shoulders, long sleeves with buttoned cuffs, and a rounded hem. Slightly longer at the back.",Dresses Ladies,1013,Other structure,1010026,D,Divided,2,Divided,9,White,1,Dusty Light,POPPY SHIRT DRESS,902528,Garment Full body,Dress,265,Divided Collection,53
902999001,9,Black,Skirt,1414,"Short, gently fitted skirt in a textured bouclé weave. High waist with decorative metal buttons at the front, a concealed zip at the back and diagonal side pockets. Recycled polyester lining.",Skirts,1012,Other structure,1010026,A,Ladieswear,1,Ladieswear,5,Black,4,Dark,Love boucle skirt,902999,Garment Lower body,Skirt,275,Womens Tailoring,11
903225002,6,Light Grey,Projects Jersey & Knitwear,1644,"Jumper knitted in a soft cotton blend with a small frilled collar and cuffs in a broderie anglaise cotton weave. Long raglan sleeves and ribbing around the neckline, cuffs and hem. The polyester content of the jumper is recycled.",Jersey Fancy,1005,Solid,1010016,D,Divided,2,Divided,12,Grey,1,Dusty Light,Ollie Jumper,903225,Garment Upper body,Top,254,Divided Projects,50
903389001,9,Black,Woven bottoms,1939,"Ankle-length trousers in woven fabric with a high waist, extended waistband with a concealed hook-and-eye fastener and a zip fly. Side pockets, fake back pockets and straight legs that taper gently to the hem with creases.",Trousers,1009,Solid,1010016,A,Ladieswear,1,Ladieswear,5,Black,4,Dark,ED Tree HW pleated Trouser,903389,Garment Lower body,Trousers,272,H&M+,2
903727001,9,Black,Boots,3529,Chelsea boots with elastic gores in the sides and a loop at the back. Chunky soles that are patterned underneath for a good grip. Heel 3.5 cm.,Shoes,1020,Solid,1010016,C,Ladieswear,1,Ladies Accessories,5,Black,4,Dark,Carolina High Chelsea,903727,Shoes,Boots,87,Womens Shoes,64
903918001,5,Gold,Jewellery,4344,"Metal chain necklace decorated with small, round discs. Adjustable length.",Accessories,1019,Solid,1010016,C,Ladieswear,1,Ladies Accessories,15,Metal,5,Bright,Flirty Gracie necklace,903918,Accessories,Necklace,77,Womens Small accessories,66
904167001,9,Black,Outwear,1201,"Leather jacket with a diagonal zip down the front and small notch lapels with a decorative metal button. Long sleeves with a zip at the cuffs, zipped front pockets and a decorative coin pocket with a flap and button. Quilted lining in taffeta made from recycled polyester.",Outdoor,1007,Solid,1010016,A,Ladieswear,1,Ladieswear,5,Black,4,Dark,Oscar biker,904167,Garment Upper body,Jacket,262,Womens Jackets,19
904571001,8,Dark Grey,Trousers,1747,"Kangol x H&M. Joggers in sweatshirt fabric made from a cotton and recycled polyester blend. High, elasticated waist, side pockets, and elastication at the hems.",Trousers,1009,All over pattern,1010001,D,Divided,2,Divided,5,Black,4,Dark,Aussie HW Joggers,904571,Garment Lower body,Trousers,272,Divided Collection,53
904965002,9,Black,Jersey,1919,"High-waisted, ankle-length sports tights in fast-drying functional fabric. Wide panel to hold in and shape the waist containing a concealed key pocket. Sculpting seams at the back that showcase the body’s physique.",Jersey Fancy,1005,All over pattern,1010001,A,Ladieswear,1,Ladieswear,5,Black,4,Dark,SPORT Sargasso HW ankle tights,904965,Garment Lower body,Leggings/Tights,273,H&M+,2
905507004,15,Greyish Beige,Jersey,1919,"Sports bra in fast-drying functional fabric with wide shoulder straps and padded cups with removable inserts that shape the bust. Racer back with a cut-out detail, an adjustable hook-and-eye fastening at the back and a wide elastic panel at the hem. Extra firm support.",Jersey Fancy,1005,All over pattern,1010001,A,Ladieswear,1,Ladieswear,20,Khaki green,4,Dark,SPORT Karin padded bra.,905507,Garment Upper body,Top,254,H&M+,2
905889001,9,Black,Boots,3529,Chelsea boots with elastic gores in the sides and a loop front and back. Fabric linings and insoles and chunky rubber soles. Height of soles 5 cm.,Shoes,1020,Solid,1010016,C,Ladieswear,1,Ladies Accessories,5,Black,4,Dark,Megan Chelsea,905889,Shoes,Boots,87,Womens Shoes,64
906258005,51,Light Pink,Jersey,1660,"Fitted, long-sleeved top in soft jersey made from a modal and cotton blend.",Jersey Fancy,1005,Solid,1010016,A,Ladieswear,1,Ladieswear,4,Pink,3,Light,DAISY L/S TOP,906258,Garment Upper body,Top,254,Womens Casual,6
906645010,17,Yellowish Brown,Jersey,1641,Calf-length skirt in softly draping jersey. High waist with concealed elastication and a wide seam centre front to create a draped effect. Unlined.,Jersey Fancy,1005,Solid,1010016,A,Ladieswear,1,Ladieswear,13,Brown,2,Medium Dusty,Slinky skirt,906645,Garment Lower body,Skirt,275,Womens Trend,18
907121001,10,White,Dress,1322,"Calf-length dress in a cotton weave with a collar, buttons down the front and yoke with a pleat at the back. Open chest pocket, dropped shoulders and long puff sleeves with buttoned cuffs.",Dresses Ladies,1013,Solid,1010016,A,Ladieswear,1,Ladieswear,9,White,3,Light,Uma,907121,Garment Full body,Dress,265,Womens Everyday Collection,15
907615001,7,Grey,Knitwear,2034,"Jumper in soft, fine-knit viscose with a frill-trimmed collar in a cotton weave and long sleeves.",Knitwear,1003,Solid,1010016,A,Ladieswear,1,Ladieswear,12,Grey,2,Medium Dusty,Thea Sweater,907615,Garment Upper body,Sweater,252,Mama,8
908220001,73,Dark Blue,Kids Boy Jersey Fancy,7648,Long-sleeved top in soft cotton jersey with a text print motif on the front.,Jersey Fancy,1005,Front print,1010008,H,Baby/Children,4,Children Sizes 92-140,2,Blue,4,Dark,SIBLING L/S tee,908220,Garment Upper body,T-shirt,255,Kids Boy,46
908596001,9,Black,Projects Woven Bottoms,1743,"Short skirt in cotton corduroy. High paper bag waist with covered elastication, a diagonal fastening with covered buttons down the front, and side pockets. Unlined.",Trousers,1009,Solid,1010016,D,Divided,2,Divided,5,Black,4,Dark,Shawn Wrap,908596,Garment Lower body,Skirt,275,Divided Projects,50
909080002,32,Orange,Blouse & Dress,1941,"Short, fitted blouse in crisp cotton poplin with smocking at the back, narrow, adjustable shoulder straps and short, voluminous puff sleeves with concealed elastication.",Blouses,1010,All over pattern,1010001,A,Ladieswear,1,Ladieswear,3,Orange,7,Medium,Masa straptop,909080,Garment Upper body,Blouse,258,Womens Trend,18
909519003,9,Black,Jersey,1641,"One-shoulder top in crinkled jersey with one twisted shoulder strap to create a draped effect at the top, and a low-cut back.",Jersey Fancy,1005,Solid,1010016,A,Ladieswear,1,Ladieswear,5,Black,4,Dark,Jalapeno Top,909519,Garment Upper body,Top,254,Womens Trend,18
909869001,9,Black,Basic 1,1643,"Oversized top in sweatshirt fabric made from a cotton blend with a round neckline, dropped shoulders and long puff sleeves. Close-fitting ribbing at the cuffs, and ribbing at the hem. Brushed inside. The polyester content of the sweatshirt is recycled.",Jersey Basic,1002,Solid,1010016,D,Divided,2,Divided,5,Black,4,Dark,Jenka sweatshirt,909869,Garment Upper body,Sweater,252,Divided Basics,51
910132001,9,Black,Jersey Basic,1676,"V-neck strappy tops in soft, organic cotton jersey, one ribbed.",Jersey Basic,1002,Solid,1010016,A,Ladieswear,1,Ladieswear,5,Black,4,Dark,V-neck strap top 2-pack,910132,Garment Upper body,Vest top,253,Womens Everyday Basics,16
910447001,9,Black,Trouser,1722,"5-pocket, ankle-length trousers in imitation leather with a high waist, zip fly and button and straight legs with seams just below the knees.",Trousers,1009,Treatment,1010018,A,Ladieswear,1,Ladieswear,5,Black,4,Dark,Petite Pixie PU,910447,Garment Lower body,Trousers,272,Womens Everyday Collection,15
910905001,73,Dark Blue,Woven Tops,2033,"Tunic in a viscose weave with a V-neck, short, wide raglan sleeves, a narrow, detachable tie belt and gathered tiers to the hem.",Blouses,1010,Solid,1010016,A,Ladieswear,1,Ladieswear,2,Blue,4,Dark,Rose Tunic,910905,Garment Upper body,Blouse,258,Mama,8
911311001,9,Black,Promotion/ Other /Offer,4090,"Fancy dress body in velour with a sweetheart neckline, glittery hearts at the front and frills with a contrasting colour trim at the top and cuffs. Sewn-on pleated skirt in velour that is open at the front. Concealed zip at the back.",Special Offers,1023,Mixed solid/pattern,1010012,D,Divided,2,Divided,5,Black,4,Dark,HW HARLEQUIN DRESS,911311,Garment Upper body,Bodysuit,256,Divided Projects,50
911880002,9,Black,Jersey Fancy,5828,"Ankle-length sweatpants in sturdy jersey with side stripes in a contrasting colour. Regular, elasticated drawstring waist, welt side pockets, a welt back pocket and tapered legs with sewn-in creases at the front.",Jersey Fancy,1005,Solid,1010016,F,Menswear,3,Menswear,5,Black,4,Dark,BASIL SWEATS,911880,Garment Lower body,Trousers,272,Contemporary Smart,20
912204005,52,Pink,Ladies Sport Bras,8316,Loose-fitting sports vest top in fast-drying jersey with a racer back.,Jersey Fancy,1005,Solid,1010016,S,Sport,26,Sport,4,Pink,7,Medium,Pinky Loose Tank,912204,Garment Upper body,Vest top,253,Ladies H&M Sport,5
912579010,12,Light Beige,Jersey,1660,"Short dress in soft sweatshirt fabric made from a cotton blend with a jersey-lined, drawstring hood and large kangaroo pocket. Dropped shoulders and long, voluminous sleeves with ribbed cuffs. The polyester content of the dress in recycled.",Jersey Fancy,1005,Solid,1010016,A,Ladieswear,1,Ladieswear,11,Beige,1,Dusty Light,Nyssa hood dress,912579,Garment Upper body,Hoodie,308,Womens Casual,6
913509001,8,Dark Grey,Young Girl Trouser,8717,"Trousers in cotton twill. Casual style in a relaxed fit with an easy pull-on, elasticated waist. Diagonal side pockets, flap leg pockets with a hook and loop fastening, and fake back pockets. Tapered legs with elasticated hems.",Trousers,1009,Treatment,1010018,I,Baby/Children,4,Children Sizes 134-170,12,Grey,4,Dark,FIONA FANCY,913509,Garment Lower body,Trousers,272,Young Girl,77
914164001,10,White,Jersey/Knitwear Premium,1612,"V-neck jumper knitted in a blend of wool and soft, recycled cashmere. Relaxed fit with dropped shoulders, long sleeves, ribbing around the neckline, cuffs and hem, and slits in the sides.",Knitwear,1003,Solid,1010016,A,Ladieswear,1,Ladieswear,9,White,3,Light,PQ TUNIS CASH VNECK JUMPER,914164,Garment Upper body,Sweater,252,Womens Premium,14
914552004,43,Dark Red,Knitwear,5878,"Jumper in a soft, fine-knit cotton and modal blend with a high, ribbed collar, long sleeves and ribbing around the cuffs and hem.",Knitwear,1003,Melange,1010010,F,Menswear,3,Menswear,18,Red,4,Dark,MARVIN MOCKNECK,914552,Garment Upper body,Sweater,252,Contemporary Smart,20
915020002,11,Off White,Young Girl Jersey Fancy,8716,"Top in sweatshirt fabric with a print motif on the front, low dropped shoulders, long puff sleeves and ribbing around the neckline, cuffs and hem.",Jersey Fancy,1005,Front print,1010008,I,Baby/Children,4,Children Sizes 134-170,9,White,1,Dusty Light,Brigitte puff sleeve crew,915020,Garment Upper body,Sweater,252,Young Girl,77
915523003,9,Black,Dress,1322,"Short, A-line dress in an airy cotton weave with a frill-trimmed Peter Pan collar and buttons down the front. Short, lined puff sleeves with narrow, buttoned cuffs. Unlined.",Dresses Ladies,1013,Solid,1010016,A,Ladieswear,1,Ladieswear,5,Black,4,Dark,Saint,915523,Garment Full body,Dress,265,Womens Everyday Collection,15
916306001,7,Grey,Woven Premium,1912,"Knee-length, double-breasted coat in soft, felted wool containing some cashmere. Notch lapels, dropped shoulders and wide, long sleeves with cuffs. Detachable tie belt at the waist, diagonal, flap side pockets and a single back vent. Unlined.",Unknown,1001,Melange,1010010,A,Ladieswear,1,Ladieswear,12,Grey,4,Dark,PQ NIMES WOOL/CASH COAT,916306,Garment Upper body,Coat,263,Womens Premium,14
916828001,17,Yellowish Brown,Baby Boy Outdoor,6512,"Set with a jacket and pair of trousers in thermal fleece made partly from recycled polyester. Jacket with raglan sleeves, a jersey-lined hood with appliqués, a zip down the front with a chin guard, and trims at the cuffs and hem. Patterned trousers with covered elastication at the waist and trims at the hems.",Outdoor,1007,Solid,1010016,G,Baby/Children,4,Baby Sizes 50-98,13,Brown,2,Medium Dusty,Woody fleece 2pcs set,916828,Garment Full body,Garment Set,270,Baby Boy,41
917296002,11,Off White,Blanks,5888,"Blank Staples is a streetwear collection of minimalistic pieces that are the perfect canvas for your personal style and creativity. This timeless sweatshirt is made from heavy, 460 gsm cotton sweatshirt fabric for a premium handfeel. In a straight cut and oversized for a relaxed fit, it has a round, rib-trimmed neckline, low dropped shoulders, long sleeves and ribbing at the cuffs and hem.",Jersey Basic,1002,Solid,1010016,F,Menswear,3,Menswear,9,White,1,Dusty Light,BLANKS JIM OVERSIZED SWEATER,917296,Garment Upper body,Sweater,252,Men Underwear,26
